index,timestamp,trial_id,task_id,role,kind,status,lean_gate,artifact,changed_files,notes
1,2026-05-24 18:45:47,20260524-184547-569222-ASTIS-SALD-001-cycle01,ASTIS-SALD-001,upper,plan,queued,not-run,runs/,,sleep-run dry-run prompt deck
2,2026-05-24 18:45:47,20260524-184547-571527-ASTIS-SALD-001-cycle02,ASTIS-SALD-001,upper,plan,queued,not-run,runs/,,sleep-run dry-run prompt deck
3,2026-05-24 18:56:53,20260524-185653-295322-ASTIS-SALD-001-cycle01-prompt-deck,ASTIS-SALD-001,upper,plan,queued,not-run,runs/20260524-185653-295322-ASTIS-SALD-001-cycle01,runs/20260524-185653-295322-ASTIS-SALD-001-cycle01/10_upper_director.md;runs/20260524-185653-295322-ASTIS-SALD-001-cycle01/20_middle_formalizer.md;runs/20260524-185653-295322-ASTIS-SALD-001-cycle01/30_lower_1.md;runs/20260524-185653-295322-ASTIS-SALD-001-cycle01/40_reviewer.md;runs/20260524-185653-295322-ASTIS-SALD-001-cycle01/00_context.md;runs/20260524-185653-295322-ASTIS-SALD-001-cycle01/dialogue.md,Created prompt deck with 1 lower agent(s).
4,2026-05-24 19:02:56,20260524-190256-849532-ASTIS-SALD-001-upper-handoff,ASTIS-SALD-001,upper,handoff,queued,not-run,runs/20260524-185653-295322-ASTIS-SALD-001-cycle01,,"Cycle 1 handoff: source-index refreshed, first appendix/vocabulary contracts anchored, Gronwall obligation and DV source-cited status preserved, gate passed."
5,2026-05-24 19:03:48,20260524-185653-295322-ASTIS-SALD-001-cycle01-10_upper_director,ASTIS-SALD-001,upper,attempt,accepted,not-run,runs/20260524-185653-295322-ASTIS-SALD-001-cycle01/10_upper_director.md,,External agent command exit code 0.
6,2026-05-24 19:06:26,20260524-190626-371671-ASTIS-SALD-001-middle-handoff,ASTIS-SALD-001,middle,handoff,queued,not-run,runs/20260524-185653-295322-ASTIS-SALD-001-cycle01,,Middle handoff: source-index refreshed with 24 SALD declarations; first appendix and KL/FI/LSI/PI contracts verified synchronized; python3 tools/astis.py check passed; Gronwall obligation and DV source-cited status preserved.
7,2026-05-24 19:06:41,20260524-185653-295322-ASTIS-SALD-001-cycle01-20_middle_formalizer,ASTIS-SALD-001,middle,attempt,accepted,not-run,runs/20260524-185653-295322-ASTIS-SALD-001-cycle01/20_middle_formalizer.md,,External agent command exit code 0.
8,2026-05-24 19:10:20,20260524-191020-254988-ASTIS-SALD-001-lower-handoff,ASTIS-SALD-001,lower,handoff,queued,not-run,runs/20260524-185653-295322-ASTIS-SALD-001-cycle01,,Refined gronwall obligation into compiled candidate contract SALD.saldGronwallCandidateContract; synced conversion window and proof obligations; refreshed source index; check passed.
9,2026-05-24 19:10:49,20260524-185653-295322-ASTIS-SALD-001-cycle01-30_lower_1,ASTIS-SALD-001,lower,attempt,accepted,not-run,runs/20260524-185653-295322-ASTIS-SALD-001-cycle01/30_lower_1.md,,External agent command exit code 0.
10,2026-05-24 19:13:39,20260524-191339-742204-ASTIS-SALD-001-reviewer-handoff,ASTIS-SALD-001,reviewer,handoff,queued,pass,runs/20260524-185653-295322-ASTIS-SALD-001-cycle01,research-wiki/source-index/SALD_original.jsonl;reviews/ASTIS-SALD-001-cycle01-reviewer.md;runs/20260524-185653-295322-ASTIS-SALD-001-cycle01/dialogue.md,Reviewer accepted cycle 1: source index refreshed with 24 declarations excluding sald_version_2.tex; first appendix and KL/FI/LSI/PI contracts match source anchors; Gronwall obligation and DV source-cited status preserved; check passed.
11,2026-05-24 19:14:18,20260524-185653-295322-ASTIS-SALD-001-cycle01-40_reviewer,ASTIS-SALD-001,reviewer,attempt,accepted,not-run,runs/20260524-185653-295322-ASTIS-SALD-001-cycle01/40_reviewer.md,,External agent command exit code 0.
12,2026-05-24 19:14:25,20260524-185653-295322-ASTIS-SALD-001-cycle01-build-gate,ASTIS-SALD-001,reviewer,build,compiled,pass,runs/20260524-185653-295322-ASTIS-SALD-001-cycle01,,Cycle build gate.
13,2026-05-24 19:14:25,20260524-191425-733806-ASTIS-SALD-001-cycle02-prompt-deck,ASTIS-SALD-001,upper,plan,queued,not-run,runs/20260524-191425-733806-ASTIS-SALD-001-cycle02,runs/20260524-191425-733806-ASTIS-SALD-001-cycle02/10_upper_director.md;runs/20260524-191425-733806-ASTIS-SALD-001-cycle02/20_middle_formalizer.md;runs/20260524-191425-733806-ASTIS-SALD-001-cycle02/30_lower_1.md;runs/20260524-191425-733806-ASTIS-SALD-001-cycle02/40_reviewer.md;runs/20260524-191425-733806-ASTIS-SALD-001-cycle02/00_context.md;runs/20260524-191425-733806-ASTIS-SALD-001-cycle02/dialogue.md,Created prompt deck with 1 lower agent(s).
14,2026-05-24 19:19:03,20260524-191903-560129-ASTIS-SALD-001-upper-handoff,ASTIS-SALD-001,upper,handoff,queued,not-run,runs/20260524-191425-733806-ASTIS-SALD-001-cycle02,,"Upper handoff: continuous forward-KL contract refined with exact source statement/proof chain; added KL-derivative, DV-energy, and Gronwall-application obligations; source-index refreshed; check passed."
15,2026-05-24 19:19:37,20260524-191425-733806-ASTIS-SALD-001-cycle02-10_upper_director,ASTIS-SALD-001,upper,attempt,accepted,not-run,runs/20260524-191425-733806-ASTIS-SALD-001-cycle02/10_upper_director.md,,External agent command exit code 0.
16,2026-05-24 19:26:38,20260524-192638-472855-ASTIS-SALD-001-middle-handoff,ASTIS-SALD-001,middle,handoff,queued,pass,runs/20260524-191425-733806-ASTIS-SALD-001-cycle02,AutoSamplingTheory/SALD.lean;conversion-windows/ASTIS-SALD-001.md;proof-obligations/ASTIS-SALD-001.md;research-wiki/cited-results/SLT_reuse_audit.md;research-wiki/source-index/SALD_original.jsonl;runs/20260524-191425-733806-ASTIS-SALD-001-cycle02/90_handoff.md;runs/20260524-191425-733806-ASTIS-SALD-001-cycle02/dialogue.md,Middle handoff: forward-KL proof DAG refined into Lean-facing contract data; source-index refreshed; python3 tools/astis.py check passed.
17,2026-05-24 19:27:05,20260524-191425-733806-ASTIS-SALD-001-cycle02-20_middle_formalizer,ASTIS-SALD-001,middle,attempt,accepted,not-run,runs/20260524-191425-733806-ASTIS-SALD-001-cycle02/20_middle_formalizer.md,,External agent command exit code 0.
18,2026-05-24 19:31:46,20260524-193146-137793-ASTIS-SALD-001-lower-handoff,ASTIS-SALD-001,lower,handoff,queued,pass,runs/20260524-191425-733806-ASTIS-SALD-001-cycle02,AutoSamplingTheory/SALD.lean;conversion-windows/ASTIS-SALD-001.md;proof-obligations/ASTIS-SALD-001.md;research-wiki/cited-results/SLT_reuse_audit.md;research-wiki/source-index/SALD_original.jsonl;runs/20260524-191425-733806-ASTIS-SALD-001-cycle02/90_handoff.md;runs/20260524-191425-733806-ASTIS-SALD-001-cycle02/dialogue.md,Refined thm:forward-KL derivative block with compiled side-condition contract and two named obligations for density/boundary regularity and inverse-schedule time change; source-index and check passed.
19,2026-05-24 19:32:23,20260524-191425-733806-ASTIS-SALD-001-cycle02-30_lower_1,ASTIS-SALD-001,lower,attempt,accepted,not-run,runs/20260524-191425-733806-ASTIS-SALD-001-cycle02/30_lower_1.md,,External agent command exit code 0.
20,2026-05-24 19:35:31,20260524-193531-282530-ASTIS-SALD-001-reviewer-handoff,ASTIS-SALD-001,reviewer,handoff,queued,pass,runs/20260524-191425-733806-ASTIS-SALD-001-cycle02,reviews/ASTIS-SALD-001-cycle02-reviewer.md;runs/20260524-191425-733806-ASTIS-SALD-001-cycle02/90_handoff.md;runs/20260524-191425-733806-ASTIS-SALD-001-cycle02/dialogue.md,Reviewer accepted cycle 2: source-index refreshed with 24 declarations excluding sald_version_2.tex; forward-KL statement/proof split matches source; DV source-cited and Gronwall/LSI/forward-KL obligations preserved; SLT status not overstated; check passed.
21,2026-05-24 19:35:53,20260524-191425-733806-ASTIS-SALD-001-cycle02-40_reviewer,ASTIS-SALD-001,reviewer,attempt,accepted,not-run,runs/20260524-191425-733806-ASTIS-SALD-001-cycle02/40_reviewer.md,,External agent command exit code 0.
22,2026-05-24 19:36:00,20260524-191425-733806-ASTIS-SALD-001-cycle02-build-gate,ASTIS-SALD-001,reviewer,build,compiled,pass,runs/20260524-191425-733806-ASTIS-SALD-001-cycle02,,Cycle build gate.
23,2026-05-24 19:36:00,20260524-193600-994046-ASTIS-SALD-001-cycle03-prompt-deck,ASTIS-SALD-001,upper,plan,queued,not-run,runs/20260524-193600-994046-ASTIS-SALD-001-cycle03,runs/20260524-193600-994046-ASTIS-SALD-001-cycle03/10_upper_director.md;runs/20260524-193600-994046-ASTIS-SALD-001-cycle03/20_middle_formalizer.md;runs/20260524-193600-994046-ASTIS-SALD-001-cycle03/30_lower_1.md;runs/20260524-193600-994046-ASTIS-SALD-001-cycle03/40_reviewer.md;runs/20260524-193600-994046-ASTIS-SALD-001-cycle03/00_context.md;runs/20260524-193600-994046-ASTIS-SALD-001-cycle03/dialogue.md,Created prompt deck with 1 lower agent(s).
24,2026-05-24 19:43:26,20260524-194326-770330-ASTIS-SALD-001-upper-handoff,ASTIS-SALD-001,upper,handoff,queued,pass,runs/20260524-193600-994046-ASTIS-SALD-001-cycle03,,Upper handoff: discrete forward-KL proof route refined into Lean-facing contract/obligation data; source-index and check passed.
25,2026-05-24 19:44:02,20260524-193600-994046-ASTIS-SALD-001-cycle03-10_upper_director,ASTIS-SALD-001,upper,attempt,accepted,not-run,runs/20260524-193600-994046-ASTIS-SALD-001-cycle03/10_upper_director.md,,External agent command exit code 0.
26,2026-05-24 19:51:48,20260524-195148-644054-ASTIS-SALD-001-middle-handoff,ASTIS-SALD-001,middle,handoff,queued,not-run,runs/20260524-193600-994046-ASTIS-SALD-001-cycle03,,"Middle handoff: split discrete forward-KL Gronwall accumulation from linear-slowdown specialization; Lean contract data, conversion window, proof obligations, SLT audit, and source index synchronized; check passed."
27,2026-05-24 19:52:22,20260524-195222-019569-ASTIS-SALD-001-middle-handoff,ASTIS-SALD-001,middle,handoff,queued,pass,runs/20260524-193600-994046-ASTIS-SALD-001-cycle03,,"Middle handoff: split discrete forward-KL Gronwall accumulation from linear-slowdown specialization; Lean contract data, conversion window, proof obligations, SLT audit, and source index synchronized; python3 tools/astis.py check passed."
28,2026-05-24 19:52:41,20260524-193600-994046-ASTIS-SALD-001-cycle03-20_middle_formalizer,ASTIS-SALD-001,middle,attempt,accepted,not-run,runs/20260524-193600-994046-ASTIS-SALD-001-cycle03/20_middle_formalizer.md,,External agent command exit code 0.
29,2026-05-24 19:59:56,20260524-195956-314594-ASTIS-SALD-001-lower-handoff,ASTIS-SALD-001,lower,handoff,queued,not-run,runs/20260524-193600-994046-ASTIS-SALD-001-cycle03,,"Split discrete EM interpolation setup into endpoint-law, conditional-drift/Fokker--Planck, and stitched-interval regularity obligations; synchronized Lean, conversion window, proof obligations, source index; check passed."
30,2026-05-24 20:00:22,20260524-193600-994046-ASTIS-SALD-001-cycle03-30_lower_1,ASTIS-SALD-001,lower,attempt,accepted,not-run,runs/20260524-193600-994046-ASTIS-SALD-001-cycle03/30_lower_1.md,,External agent command exit code 0.
31,2026-05-24 20:02:35,20260524-200235-333167-ASTIS-SALD-001-reviewer-handoff,ASTIS-SALD-001,reviewer,handoff,queued,not-run,runs/20260524-193600-994046-ASTIS-SALD-001-cycle03,,Reviewer accepted cycle 3: source-index refreshed with 24 declarations excluding sald_version_2.tex; discrete forward-KL source correspondence and proof-status audit passed; analytic discrete pieces remain obligations/source-cited; check passed.
32,2026-05-24 20:03:35,20260524-200335-402114-ASTIS-SALD-001-reviewer-build,ASTIS-SALD-001,reviewer,build,compiled,pass,runs/20260524-193600-994046-ASTIS-SALD-001-cycle03,,Cycle 3 reviewer gate: source-index refreshed and python3 tools/astis.py check passed after handoff logging.
33,2026-05-24 20:03:44,20260524-193600-994046-ASTIS-SALD-001-cycle03-40_reviewer,ASTIS-SALD-001,reviewer,attempt,accepted,not-run,runs/20260524-193600-994046-ASTIS-SALD-001-cycle03/40_reviewer.md,,External agent command exit code 0.
34,2026-05-24 20:03:51,20260524-193600-994046-ASTIS-SALD-001-cycle03-build-gate,ASTIS-SALD-001,reviewer,build,compiled,pass,runs/20260524-193600-994046-ASTIS-SALD-001-cycle03,,Cycle build gate.
35,2026-05-24 20:03:51,20260524-200351-331721-ASTIS-SALD-001-cycle04-prompt-deck,ASTIS-SALD-001,upper,plan,queued,not-run,runs/20260524-200351-331721-ASTIS-SALD-001-cycle04,runs/20260524-200351-331721-ASTIS-SALD-001-cycle04/10_upper_director.md;runs/20260524-200351-331721-ASTIS-SALD-001-cycle04/20_middle_formalizer.md;runs/20260524-200351-331721-ASTIS-SALD-001-cycle04/30_lower_1.md;runs/20260524-200351-331721-ASTIS-SALD-001-cycle04/40_reviewer.md;runs/20260524-200351-331721-ASTIS-SALD-001-cycle04/00_context.md;runs/20260524-200351-331721-ASTIS-SALD-001-cycle04/dialogue.md,Created prompt deck with 1 lower agent(s).
36,2026-05-24 20:11:52,20260524-201152-321305-ASTIS-SALD-001-upper-handoff,ASTIS-SALD-001,upper,handoff,queued,not-run,runs/20260524-200351-331721-ASTIS-SALD-001-cycle04,,Upper handoff: continuous general VA-SALD derivative route selected; guided residual/general statement/DV/Gronwall obligations added; source-index refreshed; python3 tools/astis.py check passed.
37,2026-05-24 20:12:31,20260524-200351-331721-ASTIS-SALD-001-cycle04-10_upper_director,ASTIS-SALD-001,upper,attempt,accepted,not-run,runs/20260524-200351-331721-ASTIS-SALD-001-cycle04/10_upper_director.md,,External agent command exit code 0.
38,2026-05-24 20:20:44,20260524-202044-286848-ASTIS-SALD-001-middle-handoff,ASTIS-SALD-001,middle,handoff,queued,pass,runs/20260524-200351-331721-ASTIS-SALD-001-cycle04,AutoSamplingTheory/SALD.lean;conversion-windows/ASTIS-SALD-001.md;proof-obligations/ASTIS-SALD-001.md;research-wiki/cited-results/SLT_reuse_audit.md;research-wiki/source-index/SALD_original.jsonl,Middle handoff: discrete general VA-SALD source route mapped to contracts/obligations; source-index refreshed; check passed.
39,2026-05-24 20:21:18,20260524-200351-331721-ASTIS-SALD-001-cycle04-20_middle_formalizer,ASTIS-SALD-001,middle,attempt,accepted,not-run,runs/20260524-200351-331721-ASTIS-SALD-001-cycle04/20_middle_formalizer.md,,External agent command exit code 0.
40,2026-05-24 20:26:51,20260524-202651-247591-ASTIS-SALD-001-lower-handoff,ASTIS-SALD-001,lower,handoff,queued,not-run,runs/20260524-200351-331721-ASTIS-SALD-001-cycle04,,"Refined discrete general VA-SALD derivative side-condition interface; synchronized Lean contract data, conversion window, proof obligations, and source index; python3 tools/astis.py check passed."
41,2026-05-24 20:27:12,20260524-202712-533997-ASTIS-SALD-001-lower-build,ASTIS-SALD-001,lower,build,compiled,pass,runs/20260524-200351-331721-ASTIS-SALD-001-cycle04,,Lower gate: source-index refreshed and python3 tools/astis.py check passed after discrete general derivative side-condition refinement.
42,2026-05-24 20:27:39,20260524-200351-331721-ASTIS-SALD-001-cycle04-30_lower_1,ASTIS-SALD-001,lower,attempt,accepted,not-run,runs/20260524-200351-331721-ASTIS-SALD-001-cycle04/30_lower_1.md,,External agent command exit code 0.
43,2026-05-24 20:29:18,20260524-202918-901286-ASTIS-SALD-001-reviewer-handoff,ASTIS-SALD-001,reviewer,handoff,queued,not-run,runs/20260524-200351-331721-ASTIS-SALD-001-cycle04,,"Reviewer accepted cycle 4: source-index refreshed with 24 declarations; source correspondence for prop:guided_path_residual, thm:general-moving-target-SALD, thm:unified-forward-KL, and thm:general-moving-target-SALD-discrete audited against main_body.tex and appendix.tex; analytic steps remain obligations/source-cited; check passed."
44,2026-05-24 20:29:39,20260524-202939-241900-ASTIS-SALD-001-reviewer-build,ASTIS-SALD-001,reviewer,build,compiled,not-run,runs/20260524-200351-331721-ASTIS-SALD-001-cycle04,,Cycle 4 reviewer final gate: source-index refreshed and python3 tools/astis.py check passed after handoff logging.
45,2026-05-24 20:30:07,20260524-200351-331721-ASTIS-SALD-001-cycle04-40_reviewer,ASTIS-SALD-001,reviewer,attempt,accepted,not-run,runs/20260524-200351-331721-ASTIS-SALD-001-cycle04/40_reviewer.md,,External agent command exit code 0.
46,2026-05-24 20:30:14,20260524-200351-331721-ASTIS-SALD-001-cycle04-build-gate,ASTIS-SALD-001,reviewer,build,compiled,pass,runs/20260524-200351-331721-ASTIS-SALD-001-cycle04,,Cycle build gate.
47,2026-05-24 20:30:14,20260524-203014-425914-ASTIS-SALD-001-cycle05-prompt-deck,ASTIS-SALD-001,upper,plan,queued,not-run,runs/20260524-203014-425914-ASTIS-SALD-001-cycle05,runs/20260524-203014-425914-ASTIS-SALD-001-cycle05/10_upper_director.md;runs/20260524-203014-425914-ASTIS-SALD-001-cycle05/20_middle_formalizer.md;runs/20260524-203014-425914-ASTIS-SALD-001-cycle05/30_lower_1.md;runs/20260524-203014-425914-ASTIS-SALD-001-cycle05/40_reviewer.md;runs/20260524-203014-425914-ASTIS-SALD-001-cycle05/00_context.md;runs/20260524-203014-425914-ASTIS-SALD-001-cycle05/dialogue.md,Created prompt deck with 1 lower agent(s).
48,2026-05-24 20:35:10,20260524-203510-526202-ASTIS-SALD-001-upper-handoff,ASTIS-SALD-001,upper,handoff,queued,not-run,runs/20260524-203014-425914-ASTIS-SALD-001-cycle05,,"Upper handoff: source-index refreshed with 24 declarations; added eq:LSI-KL-FI to the first SALD proof DAG and synchronized Lean contract data, conversion window, proof obligations, upper handoff, and Tests/Basic.lean; Gronwall obligation, DV source-cited status, and LSI-to-KL/FI obligation preserved; check passed."
49,2026-05-24 20:35:46,20260524-203014-425914-ASTIS-SALD-001-cycle05-10_upper_director,ASTIS-SALD-001,upper,attempt,accepted,not-run,runs/20260524-203014-425914-ASTIS-SALD-001-cycle05/10_upper_director.md,,External agent command exit code 0.
50,2026-05-24 20:40:22,20260524-204022-520693-ASTIS-SALD-001-middle-handoff,ASTIS-SALD-001,middle,handoff,queued,not-run,runs/20260524-203014-425914-ASTIS-SALD-001-cycle05,,Middle handoff: added the SALD LSI-to-KL/FI bridge contract and density/test-function obligation for eq:LSI-KL-FI; source-index refreshed with 24 declarations; python3 tools/astis.py check passed.
51,2026-05-24 20:40:36,20260524-204036-258315-ASTIS-SALD-001-middle-build,ASTIS-SALD-001,middle,build,compiled,pass,runs/20260524-203014-425914-ASTIS-SALD-001-cycle05,,Middle gate: source-index refreshed and python3 tools/astis.py check passed after LSI-to-KL/FI bridge refinement.
52,2026-05-24 20:41:09,20260524-203014-425914-ASTIS-SALD-001-cycle05-20_middle_formalizer,ASTIS-SALD-001,middle,attempt,accepted,not-run,runs/20260524-203014-425914-ASTIS-SALD-001-cycle05/20_middle_formalizer.md,,External agent command exit code 0.
53,2026-05-24 20:45:59,20260524-204559-323791-ASTIS-SALD-001-lower-handoff,ASTIS-SALD-001,lower,handoff,queued,pass,runs/20260524-203014-425914-ASTIS-SALD-001-cycle05,AutoSamplingTheory/SALD.lean;Tests/Basic.lean;conversion-windows/ASTIS-SALD-001.md;proof-obligations/ASTIS-SALD-001.md;research-wiki/source-index/SALD_original.jsonl;runs/20260524-203014-425914-ASTIS-SALD-001-cycle05/dialogue.md,Lower handoff: refined eq:LSI-KL-FI density-test obligation via SALD.saldLsiKlFiDensityTestContract; source-index refreshed; python3 tools/astis.py check passed.
54,2026-05-24 20:46:45,20260524-203014-425914-ASTIS-SALD-001-cycle05-30_lower_1,ASTIS-SALD-001,lower,attempt,accepted,not-run,runs/20260524-203014-425914-ASTIS-SALD-001-cycle05/30_lower_1.md,,External agent command exit code 0.
55,2026-05-24 20:48:36,20260524-204836-727465-ASTIS-SALD-001-reviewer-handoff,ASTIS-SALD-001,reviewer,handoff,queued,not-run,runs/20260524-203014-425914-ASTIS-SALD-001-cycle05,,Reviewer accepted cycle 5: source-index refreshed with 24 declarations; first appendix/vocabulary anchors audited; sald_version_2.tex excluded; Gronwall/DV/PI/LSI-KL-FI statuses remain obligation/source-cited/contract-only as appropriate; check passed.
56,2026-05-24 20:49:05,20260524-203014-425914-ASTIS-SALD-001-cycle05-40_reviewer,ASTIS-SALD-001,reviewer,attempt,accepted,not-run,runs/20260524-203014-425914-ASTIS-SALD-001-cycle05/40_reviewer.md,,External agent command exit code 0.
57,2026-05-24 20:49:12,20260524-203014-425914-ASTIS-SALD-001-cycle05-build-gate,ASTIS-SALD-001,reviewer,build,compiled,pass,runs/20260524-203014-425914-ASTIS-SALD-001-cycle05,,Cycle build gate.
58,2026-05-24 20:49:12,20260524-204912-166913-ASTIS-SALD-001-cycle06-prompt-deck,ASTIS-SALD-001,upper,plan,queued,not-run,runs/20260524-204912-166913-ASTIS-SALD-001-cycle06,runs/20260524-204912-166913-ASTIS-SALD-001-cycle06/10_upper_director.md;runs/20260524-204912-166913-ASTIS-SALD-001-cycle06/20_middle_formalizer.md;runs/20260524-204912-166913-ASTIS-SALD-001-cycle06/30_lower_1.md;runs/20260524-204912-166913-ASTIS-SALD-001-cycle06/40_reviewer.md;runs/20260524-204912-166913-ASTIS-SALD-001-cycle06/00_context.md;runs/20260524-204912-166913-ASTIS-SALD-001-cycle06/dialogue.md,Created prompt deck with 1 lower agent(s).
59,2026-05-24 20:55:13,20260524-205513-088327-ASTIS-SALD-001-upper-handoff,ASTIS-SALD-001,upper,handoff,queued,not-run,runs/20260524-204912-166913-ASTIS-SALD-001-cycle06,,Upper handoff: refined continuous thm:forward-KL moving-target dependency chain; source-index refreshed; check passed.
60,2026-05-24 20:55:46,20260524-204912-166913-ASTIS-SALD-001-cycle06-10_upper_director,ASTIS-SALD-001,upper,attempt,accepted,not-run,runs/20260524-204912-166913-ASTIS-SALD-001-cycle06/10_upper_director.md,,External agent command exit code 0.
61,2026-05-24 21:00:51,20260524-210051-945518-ASTIS-SALD-001-middle-handoff,ASTIS-SALD-001,middle,handoff,queued,not-run,runs/20260524-204912-166913-ASTIS-SALD-001-cycle06,,"Middle handoff: added SALD.forwardKlDependencyChainAuditContract and SALD.forwardKlCoefficientChainObligation for the continuous thm:forward-KL LSI/DV/Gronwall coefficient chain; conversion window, proof obligations, and SLT reuse audit synchronized; source-index refreshed with 24 declarations; python3 tools/astis.py check passed."
62,2026-05-24 21:01:12,20260524-210112-847167-ASTIS-SALD-001-middle-build,ASTIS-SALD-001,middle,build,compiled,pass,runs/20260524-204912-166913-ASTIS-SALD-001-cycle06,AutoSamplingTheory/SALD.lean;conversion-windows/ASTIS-SALD-001.md;proof-obligations/ASTIS-SALD-001.md;research-wiki/cited-results/SLT_reuse_audit.md;research-wiki/source-index/SALD_original.jsonl,Middle gate: source-index refreshed with 24 declarations and python3 tools/astis.py check passed after forward-KL coefficient-chain audit refinement.
63,2026-05-24 21:01:52,20260524-204912-166913-ASTIS-SALD-001-cycle06-20_middle_formalizer,ASTIS-SALD-001,middle,attempt,accepted,not-run,runs/20260524-204912-166913-ASTIS-SALD-001-cycle06/20_middle_formalizer.md,,External agent command exit code 0.
64,2026-05-24 21:08:24,20260524-210824-560936-ASTIS-SALD-001-lower-handoff,ASTIS-SALD-001,lower,handoff,queued,not-run,runs/20260524-204912-166913-ASTIS-SALD-001-cycle06,,"Lower handoff: added forward-KL Gronwall side-condition contract/obligation for endpoint rewrites, coefficient regularity, exponent split, and residual-exponent sign facts; source-index refreshed; python3 tools/astis.py check passed."
65,2026-05-24 21:08:51,20260524-210851-920176-ASTIS-SALD-001-lower-build,ASTIS-SALD-001,lower,build,compiled,pass,runs/20260524-204912-166913-ASTIS-SALD-001-cycle06,AutoSamplingTheory/SALD.lean;conversion-windows/ASTIS-SALD-001.md;proof-obligations/ASTIS-SALD-001.md;research-wiki/cited-results/SLT_reuse_audit.md;research-wiki/source-index/SALD_original.jsonl,Lower gate: source-index refreshed with 24 declarations and python3 tools/astis.py check passed after forward-KL Gronwall side-condition refinement.
66,2026-05-24 21:09:13,20260524-204912-166913-ASTIS-SALD-001-cycle06-30_lower_1,ASTIS-SALD-001,lower,attempt,accepted,not-run,runs/20260524-204912-166913-ASTIS-SALD-001-cycle06/30_lower_1.md,,External agent command exit code 0.
67,2026-05-24 21:11:46,20260524-211146-459047-ASTIS-SALD-001-reviewer-handoff,ASTIS-SALD-001,reviewer,handoff,queued,not-run,runs/20260524-204912-166913-ASTIS-SALD-001-cycle06,,"Reviewer accepted cycle 6: source-index refreshed with 24 declarations; continuous thm:forward-KL moving-target, LSI/DV/Gronwall coefficient chain, endpoint/exponent side conditions, and SLT reuse statuses audited; sald_version_2.tex remains excluded; no contract drift or fake proof closures found; python3 tools/astis.py check passed."
68,2026-05-24 21:12:38,20260524-204912-166913-ASTIS-SALD-001-cycle06-40_reviewer,ASTIS-SALD-001,reviewer,attempt,accepted,not-run,runs/20260524-204912-166913-ASTIS-SALD-001-cycle06/40_reviewer.md,,External agent command exit code 0.
69,2026-05-24 21:12:45,20260524-204912-166913-ASTIS-SALD-001-cycle06-build-gate,ASTIS-SALD-001,reviewer,build,compiled,pass,runs/20260524-204912-166913-ASTIS-SALD-001-cycle06,,Cycle build gate.
70,2026-05-24 21:12:45,20260524-211245-280619-ASTIS-SALD-001-cycle07-prompt-deck,ASTIS-SALD-001,upper,plan,queued,not-run,runs/20260524-211245-280619-ASTIS-SALD-001-cycle07,runs/20260524-211245-280619-ASTIS-SALD-001-cycle07/10_upper_director.md;runs/20260524-211245-280619-ASTIS-SALD-001-cycle07/20_middle_formalizer.md;runs/20260524-211245-280619-ASTIS-SALD-001-cycle07/30_lower_1.md;runs/20260524-211245-280619-ASTIS-SALD-001-cycle07/40_reviewer.md;runs/20260524-211245-280619-ASTIS-SALD-001-cycle07/00_context.md;runs/20260524-211245-280619-ASTIS-SALD-001-cycle07/dialogue.md,Created prompt deck with 1 lower agent(s).
71,2026-05-24 21:18:41,20260524-211841-367159-ASTIS-SALD-001-upper-handoff,ASTIS-SALD-001,upper,handoff,queued,pass,runs/20260524-211245-280619-ASTIS-SALD-001-cycle07,,Upper handoff: added discrete forward-KL coefficient-chain audit contract/obligation; source-index refreshed with 24 declarations; python3 tools/astis.py check passed.
72,2026-05-24 21:19:16,20260524-211245-280619-ASTIS-SALD-001-cycle07-10_upper_director,ASTIS-SALD-001,upper,attempt,accepted,not-run,runs/20260524-211245-280619-ASTIS-SALD-001-cycle07/10_upper_director.md,,External agent command exit code 0.
73,2026-05-24 21:27:47,20260524-212747-872923-ASTIS-SALD-001-middle-handoff,ASTIS-SALD-001,middle,handoff,queued,not-run,runs/20260524-211245-280619-ASTIS-SALD-001-cycle07,,"Middle handoff: added discrete forward-KL accumulated-error bridge contract/obligation for endpoint rewrites, linear-slowdown exponent split, residual-exponent bounding, and A_alpha/barGamma/barDelta collection; source-index refreshed; check passed."
74,2026-05-24 21:28:08,20260524-212808-246077-ASTIS-SALD-001-middle-build,ASTIS-SALD-001,middle,build,compiled,pass,runs/20260524-211245-280619-ASTIS-SALD-001-cycle07,AutoSamplingTheory/SALD.lean;conversion-windows/ASTIS-SALD-001.md;proof-obligations/ASTIS-SALD-001.md;research-wiki/cited-results/SLT_reuse_audit.md;research-wiki/source-index/SALD_original.jsonl;runs/20260524-211245-280619-ASTIS-SALD-001-cycle07/dialogue.md,Middle gate: source-index refreshed with 24 declarations and python3 tools/astis.py check passed after discrete accumulated-error bridge refinement.
75,2026-05-24 21:28:42,20260524-211245-280619-ASTIS-SALD-001-cycle07-20_middle_formalizer,ASTIS-SALD-001,middle,attempt,accepted,not-run,runs/20260524-211245-280619-ASTIS-SALD-001-cycle07/20_middle_formalizer.md,,External agent command exit code 0.
76,2026-05-24 21:33:02,20260524-213302-569196-ASTIS-SALD-001-lower-handoff,ASTIS-SALD-001,lower,handoff,queued,not-run,runs/20260524-211245-280619-ASTIS-SALD-001-cycle07,,Lower handoff: refined discrete forward-KL coefficient-chain audit with source-line and scalar side-condition ledgers; stitched-interval regularity is now a direct dependency; source-index refreshed; check passed.
77,2026-05-24 21:33:51,20260524-211245-280619-ASTIS-SALD-001-cycle07-30_lower_1,ASTIS-SALD-001,lower,attempt,accepted,not-run,runs/20260524-211245-280619-ASTIS-SALD-001-cycle07/30_lower_1.md,,External agent command exit code 0.
78,2026-05-24 21:36:03,20260524-213603-022314-ASTIS-SALD-001-reviewer-handoff,ASTIS-SALD-001,reviewer,handoff,queued,not-run,runs/20260524-211245-280619-ASTIS-SALD-001-cycle07,,"Reviewer accepted cycle 7: source-index refreshed with 24 declarations; audited discrete forward-KL EM interpolation, one-step Gamma/Delta coefficient chain, accumulated-error bridge, source anchors, fake-proof scan, and SLT reuse status; sald_version_2.tex remains excluded; all analytic steps remain obligations/source-cited; python3 tools/astis.py check passed."
79,2026-05-24 21:36:30,20260524-211245-280619-ASTIS-SALD-001-cycle07-40_reviewer,ASTIS-SALD-001,reviewer,attempt,accepted,not-run,runs/20260524-211245-280619-ASTIS-SALD-001-cycle07/40_reviewer.md,,External agent command exit code 0.
80,2026-05-24 21:36:37,20260524-211245-280619-ASTIS-SALD-001-cycle07-build-gate,ASTIS-SALD-001,reviewer,build,compiled,pass,runs/20260524-211245-280619-ASTIS-SALD-001-cycle07,,Cycle build gate.
81,2026-05-24 21:36:37,20260524-213637-927545-ASTIS-SALD-001-cycle08-prompt-deck,ASTIS-SALD-001,upper,plan,queued,not-run,runs/20260524-213637-927545-ASTIS-SALD-001-cycle08,runs/20260524-213637-927545-ASTIS-SALD-001-cycle08/10_upper_director.md;runs/20260524-213637-927545-ASTIS-SALD-001-cycle08/20_middle_formalizer.md;runs/20260524-213637-927545-ASTIS-SALD-001-cycle08/30_lower_1.md;runs/20260524-213637-927545-ASTIS-SALD-001-cycle08/40_reviewer.md;runs/20260524-213637-927545-ASTIS-SALD-001-cycle08/00_context.md;runs/20260524-213637-927545-ASTIS-SALD-001-cycle08/dialogue.md,Created prompt deck with 1 lower agent(s).
82,2026-05-24 21:44:29,20260524-214429-211934-ASTIS-SALD-001-upper-handoff,ASTIS-SALD-001,upper,handoff,queued,not-run,runs/20260524-213637-927545-ASTIS-SALD-001-cycle08,,"Upper handoff: added continuous general VA-SALD Gronwall side-condition contract/obligation for endpoint rewrites, sigma-weighted exponent split, residual-exponent sign bound, and zero-residual pure-contraction algebra; updated conversion window, proof obligations, proof DAG, and SLT audit; source-index refreshed; check passed."
83,2026-05-24 21:45:38,20260524-213637-927545-ASTIS-SALD-001-cycle08-10_upper_director,ASTIS-SALD-001,upper,attempt,accepted,not-run,runs/20260524-213637-927545-ASTIS-SALD-001-cycle08/10_upper_director.md,,External agent command exit code 0.
84,2026-05-24 21:51:31,20260524-215131-861002-ASTIS-SALD-001-middle-handoff,ASTIS-SALD-001,middle,handoff,queued,not-run,runs/20260524-213637-927545-ASTIS-SALD-001-cycle08,,"Middle handoff: added discrete general VA-SALD Gronwall side-condition contract/obligation for stitched endpoint laws, constant inverse-schedule coefficient rewrites, coefficient regularity, and exact theorem-display matching; source-index refreshed; check passed."
85,2026-05-24 21:52:02,20260524-213637-927545-ASTIS-SALD-001-cycle08-20_middle_formalizer,ASTIS-SALD-001,middle,attempt,accepted,not-run,runs/20260524-213637-927545-ASTIS-SALD-001-cycle08/20_middle_formalizer.md,,External agent command exit code 0.
86,2026-05-24 21:59:13,20260524-215913-382766-ASTIS-SALD-001-lower-handoff,ASTIS-SALD-001,lower,handoff,queued,not-run,runs/20260524-213637-927545-ASTIS-SALD-001-cycle08,,"Lower handoff: added unified VA-SALD specialization contract for eq:SALD_Ito, guided residual/correction-field bridge, v_t=u_t+w_t transport identification, and m_t=w_t theorem instantiation; updated conversion window, proof obligations, SLT audit, proof DAG/dependencies; source-index refreshed; python3 tools/astis.py check passed."
87,2026-05-24 21:59:50,20260524-213637-927545-ASTIS-SALD-001-cycle08-30_lower_1,ASTIS-SALD-001,lower,attempt,accepted,not-run,runs/20260524-213637-927545-ASTIS-SALD-001-cycle08/30_lower_1.md,,External agent command exit code 0.
88,2026-05-24 22:01:46,20260524-220146-364852-ASTIS-SALD-001-reviewer-handoff,ASTIS-SALD-001,reviewer,handoff,queued,not-run,runs/20260524-213637-927545-ASTIS-SALD-001-cycle08,,"Reviewer accepted cycle 8: source-index refreshed with 24 declarations; audited guided residual, continuous/discrete general VA-SALD Gronwall side-condition contracts, unified specialization bridge, source anchors, fake-proof scan, and SLT reuse status; sald_version_2.tex remains excluded; all analytic steps remain obligations/source-cited; python3 tools/astis.py check passed."
89,2026-05-24 22:01:59,20260524-213637-927545-ASTIS-SALD-001-cycle08-40_reviewer,ASTIS-SALD-001,reviewer,attempt,accepted,not-run,runs/20260524-213637-927545-ASTIS-SALD-001-cycle08/40_reviewer.md,,External agent command exit code 0.
90,2026-05-24 22:02:07,20260524-213637-927545-ASTIS-SALD-001-cycle08-build-gate,ASTIS-SALD-001,reviewer,build,compiled,pass,runs/20260524-213637-927545-ASTIS-SALD-001-cycle08,,Cycle build gate.
91,2026-05-24 22:02:07,20260524-220207-073660-ASTIS-SALD-001-cycle09-prompt-deck,ASTIS-SALD-001,upper,plan,queued,not-run,runs/20260524-220207-073660-ASTIS-SALD-001-cycle09,runs/20260524-220207-073660-ASTIS-SALD-001-cycle09/10_upper_director.md;runs/20260524-220207-073660-ASTIS-SALD-001-cycle09/20_middle_formalizer.md;runs/20260524-220207-073660-ASTIS-SALD-001-cycle09/30_lower_1.md;runs/20260524-220207-073660-ASTIS-SALD-001-cycle09/40_reviewer.md;runs/20260524-220207-073660-ASTIS-SALD-001-cycle09/00_context.md;runs/20260524-220207-073660-ASTIS-SALD-001-cycle09/dialogue.md,Created prompt deck with 1 lower agent(s).
92,2026-05-24 22:07:34,20260524-220734-485374-ASTIS-SALD-001-upper-handoff,ASTIS-SALD-001,upper,handoff,queued,not-run,runs/20260524-220207-073660-ASTIS-SALD-001-cycle09,,Upper handoff: cycle-9 first appendix/vocabulary packet added; source-index refreshed; python3 tools/astis.py check passed.
93,2026-05-24 22:08:22,20260524-220207-073660-ASTIS-SALD-001-cycle09-10_upper_director,ASTIS-SALD-001,upper,attempt,accepted,not-run,runs/20260524-220207-073660-ASTIS-SALD-001-cycle09/10_upper_director.md,,External agent command exit code 0.
94,2026-05-24 22:15:08,20260524-221508-565764-ASTIS-SALD-001-middle-handoff,ASTIS-SALD-001,middle,handoff,queued,pass,runs/20260524-220207-073660-ASTIS-SALD-001-cycle09,,"Middle handoff: added first-layer DV finite-log-mgf/common-space contract and PI velocity-norm Sobolev/Riesz backend contract; synchronized conversion window, proof obligations, SLT reuse audit, and first-DAG dependencies; source-index refreshed; check passed."
95,2026-05-24 22:15:43,20260524-220207-073660-ASTIS-SALD-001-cycle09-20_middle_formalizer,ASTIS-SALD-001,middle,attempt,accepted,not-run,runs/20260524-220207-073660-ASTIS-SALD-001-cycle09/20_middle_formalizer.md,,External agent command exit code 0.
96,2026-05-24 22:20:35,20260524-222035-207858-ASTIS-SALD-001-lower-handoff,ASTIS-SALD-001,lower,handoff,queued,not-run,runs/20260524-220207-073660-ASTIS-SALD-001-cycle09,,"Lower handoff: added Gronwall endpoint-calculus side-condition contract/obligation for appendix.tex lines 55-69; synchronized conversion window, proof obligations, SLT audit, and first-DAG dependencies; source-index refreshed; python3 tools/astis.py check passed."
97,2026-05-24 22:21:06,20260524-220207-073660-ASTIS-SALD-001-cycle09-30_lower_1,ASTIS-SALD-001,lower,attempt,accepted,not-run,runs/20260524-220207-073660-ASTIS-SALD-001-cycle09/30_lower_1.md,,External agent command exit code 0.
98,2026-05-24 22:22:56,20260524-222256-812470-ASTIS-SALD-001-reviewer-handoff,ASTIS-SALD-001,reviewer,handoff,queued,not-run,runs/20260524-220207-073660-ASTIS-SALD-001-cycle09,,"Reviewer accepted cycle 9: source-index refreshed with 24 declarations; audited first appendix/vocabulary source anchors, proof-DAG statuses, fake-proof scan, and SLT reuse; sald_version_2.tex excluded; python3 tools/astis.py check passed."
99,2026-05-24 22:23:21,20260524-220207-073660-ASTIS-SALD-001-cycle09-40_reviewer,ASTIS-SALD-001,reviewer,attempt,accepted,not-run,runs/20260524-220207-073660-ASTIS-SALD-001-cycle09/40_reviewer.md,,External agent command exit code 0.
100,2026-05-24 22:23:28,20260524-220207-073660-ASTIS-SALD-001-cycle09-build-gate,ASTIS-SALD-001,reviewer,build,compiled,pass,runs/20260524-220207-073660-ASTIS-SALD-001-cycle09,,Cycle build gate.
101,2026-05-24 22:23:28,20260524-222328-839470-ASTIS-SALD-001-cycle10-prompt-deck,ASTIS-SALD-001,upper,plan,queued,not-run,runs/20260524-222328-839470-ASTIS-SALD-001-cycle10,runs/20260524-222328-839470-ASTIS-SALD-001-cycle10/10_upper_director.md;runs/20260524-222328-839470-ASTIS-SALD-001-cycle10/20_middle_formalizer.md;runs/20260524-222328-839470-ASTIS-SALD-001-cycle10/30_lower_1.md;runs/20260524-222328-839470-ASTIS-SALD-001-cycle10/40_reviewer.md;runs/20260524-222328-839470-ASTIS-SALD-001-cycle10/00_context.md;runs/20260524-222328-839470-ASTIS-SALD-001-cycle10/dialogue.md,Created prompt deck with 1 lower agent(s).
102,2026-05-24 22:30:39,20260524-223039-668443-ASTIS-SALD-001-upper-handoff,ASTIS-SALD-001,upper,handoff,queued,not-run,runs/20260524-222328-839470-ASTIS-SALD-001-cycle10,,Upper handoff: continuous forward-KL source dependency audit refined; source-index refreshed; check passed.
103,2026-05-24 22:31:33,20260524-222328-839470-ASTIS-SALD-001-cycle10-10_upper_director,ASTIS-SALD-001,upper,attempt,accepted,not-run,runs/20260524-222328-839470-ASTIS-SALD-001-cycle10/10_upper_director.md,,External agent command exit code 0.
104,2026-05-24 22:38:20,20260524-223820-178680-ASTIS-SALD-001-middle-handoff,ASTIS-SALD-001,middle,handoff,queued,not-run,runs/20260524-222328-839470-ASTIS-SALD-001-cycle10,,"Middle handoff: added theorem-specific forward-KL DV finite-log-mgf witness contract/obligation for appendix.tex lines 230-241; synchronized conversion window, proof obligations, SLT reuse audit, and proof DAG; source-index refreshed; check passed."
105,2026-05-24 22:38:53,20260524-222328-839470-ASTIS-SALD-001-cycle10-20_middle_formalizer,ASTIS-SALD-001,middle,attempt,accepted,not-run,runs/20260524-222328-839470-ASTIS-SALD-001-cycle10/20_middle_formalizer.md,,External agent command exit code 0.
106,2026-05-24 22:45:00,20260524-224500-866071-ASTIS-SALD-001-lower-handoff,ASTIS-SALD-001,lower,handoff,queued,not-run,runs/20260524-222328-839470-ASTIS-SALD-001-cycle10,,"Lower handoff: added forward-KL DV alpha0-to-alpha finite-log-mgf monotonicity contract/obligation; synchronized Lean contract, DAG, conversion window, proof obligations, SLT audit, and source index; check passed."
107,2026-05-24 22:45:23,20260524-222328-839470-ASTIS-SALD-001-cycle10-30_lower_1,ASTIS-SALD-001,lower,attempt,accepted,not-run,runs/20260524-222328-839470-ASTIS-SALD-001-cycle10/30_lower_1.md,,External agent command exit code 0.
108,2026-05-24 22:48:16,20260524-224816-306372-ASTIS-SALD-001-reviewer-handoff,ASTIS-SALD-001,reviewer,handoff,queued,not-run,runs/20260524-222328-839470-ASTIS-SALD-001-cycle10,,"Reviewer accepted cycle 10: source-index refreshed with 24 declarations; audited forward-KL source correspondence, moving-target/DV/Gronwall obligations, fake-proof scan, and SLT reuse audit; check passed."
109,2026-05-24 22:48:45,20260524-222328-839470-ASTIS-SALD-001-cycle10-40_reviewer,ASTIS-SALD-001,reviewer,attempt,accepted,not-run,runs/20260524-222328-839470-ASTIS-SALD-001-cycle10/40_reviewer.md,,External agent command exit code 0.
110,2026-05-24 22:48:53,20260524-222328-839470-ASTIS-SALD-001-cycle10-build-gate,ASTIS-SALD-001,reviewer,build,compiled,pass,runs/20260524-222328-839470-ASTIS-SALD-001-cycle10,,Cycle build gate.
111,2026-05-24 22:48:53,20260524-224853-085387-ASTIS-SALD-001-cycle11-prompt-deck,ASTIS-SALD-001,upper,plan,queued,not-run,runs/20260524-224853-085387-ASTIS-SALD-001-cycle11,runs/20260524-224853-085387-ASTIS-SALD-001-cycle11/10_upper_director.md;runs/20260524-224853-085387-ASTIS-SALD-001-cycle11/20_middle_formalizer.md;runs/20260524-224853-085387-ASTIS-SALD-001-cycle11/30_lower_1.md;runs/20260524-224853-085387-ASTIS-SALD-001-cycle11/40_reviewer.md;runs/20260524-224853-085387-ASTIS-SALD-001-cycle11/00_context.md;runs/20260524-224853-085387-ASTIS-SALD-001-cycle11/dialogue.md,Created prompt deck with 1 lower agent(s).
112,2026-05-24 22:58:14,20260524-225814-017691-ASTIS-SALD-001-upper-handoff,ASTIS-SALD-001,upper,handoff,queued,not-run,runs/20260524-224853-085387-ASTIS-SALD-001-cycle11,,"Upper handoff: added discrete forward-KL DV finite-log-mgf witness contract/obligation for appendix.tex lines 493-523; synchronized Lean contract, proof DAG, conversion window, proof obligations, SLT reuse audit, and source index; check passed."
113,2026-05-24 22:58:57,20260524-224853-085387-ASTIS-SALD-001-cycle11-10_upper_director,ASTIS-SALD-001,upper,attempt,accepted,not-run,runs/20260524-224853-085387-ASTIS-SALD-001-cycle11/10_upper_director.md,,External agent command exit code 0.
114,2026-05-24 23:06:15,20260524-230615-168997-ASTIS-SALD-001-middle-handoff,ASTIS-SALD-001,middle,handoff,queued,not-run,runs/20260524-224853-085387-ASTIS-SALD-001-cycle11,,"Middle handoff: added cycle11 discrete forward-KL EM/defect/accumulation middle contract and obligation; synchronized Lean DAG, conversion window, proof obligations, SLT audit, source index; check passed."
115,2026-05-24 23:06:56,20260524-224853-085387-ASTIS-SALD-001-cycle11-20_middle_formalizer,ASTIS-SALD-001,middle,attempt,accepted,not-run,runs/20260524-224853-085387-ASTIS-SALD-001-cycle11/20_middle_formalizer.md,,External agent command exit code 0.
116,2026-05-24 23:14:52,20260524-231452-995619-ASTIS-SALD-001-lower-handoff,ASTIS-SALD-001,lower,handoff,queued,not-run,runs/20260524-224853-085387-ASTIS-SALD-001-cycle11,,"Lower handoff: added discrete forward-KL residual exponent bound obligation for appendix.tex lines 557-590 and main_body.tex lines 309-323; synchronized Lean contract, proof DAG, conversion window, proof obligations, SLT audit, and source index; check passed."
117,2026-05-24 23:15:17,20260524-224853-085387-ASTIS-SALD-001-cycle11-30_lower_1,ASTIS-SALD-001,lower,attempt,accepted,not-run,runs/20260524-224853-085387-ASTIS-SALD-001-cycle11/30_lower_1.md,,External agent command exit code 0.
118,2026-05-24 23:16:55,20260524-231655-090291-ASTIS-SALD-001-reviewer-handoff,ASTIS-SALD-001,reviewer,handoff,queued,not-run,runs/20260524-224853-085387-ASTIS-SALD-001-cycle11,,"Reviewer accepted cycle 11: source-index refreshed with 24 declarations; audited discrete forward-KL source correspondence, EM interpolation, one-step defect, DV witness, Gronwall/residual exponent/accumulated-error obligations, SLT reuse status, and fake-proof/build gate; check passed."
119,2026-05-24 23:17:07,20260524-224853-085387-ASTIS-SALD-001-cycle11-40_reviewer,ASTIS-SALD-001,reviewer,attempt,accepted,not-run,runs/20260524-224853-085387-ASTIS-SALD-001-cycle11/40_reviewer.md,,External agent command exit code 0.
120,2026-05-24 23:17:14,20260524-224853-085387-ASTIS-SALD-001-cycle11-build-gate,ASTIS-SALD-001,reviewer,build,compiled,pass,runs/20260524-224853-085387-ASTIS-SALD-001-cycle11,,Cycle build gate.
121,2026-05-24 23:17:14,20260524-231714-576974-ASTIS-SALD-001-cycle12-prompt-deck,ASTIS-SALD-001,upper,plan,queued,not-run,runs/20260524-231714-576974-ASTIS-SALD-001-cycle12,runs/20260524-231714-576974-ASTIS-SALD-001-cycle12/10_upper_director.md;runs/20260524-231714-576974-ASTIS-SALD-001-cycle12/20_middle_formalizer.md;runs/20260524-231714-576974-ASTIS-SALD-001-cycle12/30_lower_1.md;runs/20260524-231714-576974-ASTIS-SALD-001-cycle12/40_reviewer.md;runs/20260524-231714-576974-ASTIS-SALD-001-cycle12/00_context.md;runs/20260524-231714-576974-ASTIS-SALD-001-cycle12/dialogue.md,Created prompt deck with 1 lower agent(s).
122,2026-05-24 23:27:29,20260524-232729-102383-ASTIS-SALD-001-upper-handoff,ASTIS-SALD-001,upper,handoff,queued,not-run,runs/20260524-231714-576974-ASTIS-SALD-001-cycle12,,Upper handoff: cycle12 guided/general residual DV finite-log-mgf witness packet synchronized; check passed.
123,2026-05-24 23:28:12,20260524-231714-576974-ASTIS-SALD-001-cycle12-10_upper_director,ASTIS-SALD-001,upper,attempt,accepted,not-run,runs/20260524-231714-576974-ASTIS-SALD-001-cycle12/10_upper_director.md,,External agent command exit code 0.
124,2026-05-24 23:35:25,20260524-233525-348361-ASTIS-SALD-001-middle-handoff,ASTIS-SALD-001,middle,handoff,queued,not-run,runs/20260524-231714-576974-ASTIS-SALD-001-cycle12,,"Middle handoff: added cycle12 guided/general VA-SALD middle source-to-Lean map and obligation; synchronized Lean DAG, conversion window, proof obligations, SLT audit, and source index; check passed."
125,2026-05-24 23:35:57,20260524-231714-576974-ASTIS-SALD-001-cycle12-20_middle_formalizer,ASTIS-SALD-001,middle,attempt,accepted,not-run,runs/20260524-231714-576974-ASTIS-SALD-001-cycle12/20_middle_formalizer.md,,External agent command exit code 0.
126,2026-05-24 23:42:28,20260524-234228-129114-ASTIS-SALD-001-lower-handoff,ASTIS-SALD-001,lower,handoff,queued,not-run,runs/20260524-231714-576974-ASTIS-SALD-001-cycle12,,"Lower handoff: added cycle12 continuous residual DV positive-alpha scaling obligation for appendix.tex lines 887-907; synchronized Lean contract/obligation, guided-general proof DAG, conversion window, proof-obligation ledger, SLT audit, and source index; check passed."
127,2026-05-24 23:44:30,20260524-231714-576974-ASTIS-SALD-001-cycle12-30_lower_1,ASTIS-SALD-001,lower,attempt,accepted,not-run,runs/20260524-231714-576974-ASTIS-SALD-001-cycle12/30_lower_1.md,,External agent command exit code 0.
128,2026-05-24 23:47:21,20260524-234721-255510-ASTIS-SALD-001-reviewer-handoff,ASTIS-SALD-001,reviewer,handoff,queued,not-run,runs/20260524-231714-576974-ASTIS-SALD-001-cycle12,,"Reviewer accepted cycle 12: source-index refreshed with 24 declarations; guided/general VA-SALD correspondence, residual DV finite-log-mgf/positive-alpha scaling obligations, discrete doubled residual coefficient tracking, SLT reuse status, fake-proof scan, and check gate audited; check passed."
129,2026-05-24 23:47:41,20260524-234741-263296-ASTIS-SALD-001-reviewer-build,ASTIS-SALD-001,reviewer,build,compiled,pass,runs/20260524-231714-576974-ASTIS-SALD-001-cycle12,,Cycle 12 reviewer build gate: python3 tools/astis.py source-index ASTIS-SALD-001 indexed 24 declarations; python3 tools/astis.py check passed.
130,2026-05-24 23:48:02,20260524-231714-576974-ASTIS-SALD-001-cycle12-40_reviewer,ASTIS-SALD-001,reviewer,attempt,accepted,not-run,runs/20260524-231714-576974-ASTIS-SALD-001-cycle12/40_reviewer.md,,External agent command exit code 0.
131,2026-05-24 23:48:09,20260524-231714-576974-ASTIS-SALD-001-cycle12-build-gate,ASTIS-SALD-001,reviewer,build,compiled,pass,runs/20260524-231714-576974-ASTIS-SALD-001-cycle12,,Cycle build gate.
132,2026-05-24 23:48:09,20260524-234809-240097-ASTIS-SALD-001-cycle13-prompt-deck,ASTIS-SALD-001,upper,plan,queued,not-run,runs/20260524-234809-240097-ASTIS-SALD-001-cycle13,runs/20260524-234809-240097-ASTIS-SALD-001-cycle13/10_upper_director.md;runs/20260524-234809-240097-ASTIS-SALD-001-cycle13/20_middle_formalizer.md;runs/20260524-234809-240097-ASTIS-SALD-001-cycle13/30_lower_1.md;runs/20260524-234809-240097-ASTIS-SALD-001-cycle13/40_reviewer.md;runs/20260524-234809-240097-ASTIS-SALD-001-cycle13/00_context.md;runs/20260524-234809-240097-ASTIS-SALD-001-cycle13/dialogue.md,Created prompt deck with 1 lower agent(s).
133,2026-05-24 23:56:11,20260524-235611-530025-ASTIS-SALD-001-upper-handoff,ASTIS-SALD-001,upper,handoff,queued,pass,runs/20260524-234809-240097-ASTIS-SALD-001-cycle13,AutoSamplingTheory/SALD.lean;conversion-windows/ASTIS-SALD-001.md;proof-obligations/ASTIS-SALD-001.md;research-wiki/cited-results/SLT_reuse_audit.md;research-wiki/source-index/SALD_original.jsonl;runs/20260524-234809-240097-ASTIS-SALD-001-cycle13/dialogue.md,"Upper handoff: added cycle13 first-appendix source-index audit packet/contract and synchronization obligation; first-DAG dependencies now expose source-index audit for lem:gronwall, lem:dv_variation, def:PI, and eq:LSI-KL-FI; source-index and check passed."
134,2026-05-24 23:56:58,20260524-234809-240097-ASTIS-SALD-001-cycle13-10_upper_director,ASTIS-SALD-001,upper,attempt,accepted,not-run,runs/20260524-234809-240097-ASTIS-SALD-001-cycle13/10_upper_director.md,,External agent command exit code 0.
135,2026-05-25 00:03:42,20260525-000342-176577-ASTIS-SALD-001-middle-handoff,ASTIS-SALD-001,middle,handoff,queued,not-run,runs/20260524-234809-240097-ASTIS-SALD-001-cycle13,,"Middle handoff: added cycle13 first-appendix middle source-to-Lean map and obligation; synchronized Lean, conversion window, proof obligations, SLT audit, and source index; source-index 24 declarations and check passed."
136,2026-05-25 00:04:09,20260524-234809-240097-ASTIS-SALD-001-cycle13-20_middle_formalizer,ASTIS-SALD-001,middle,attempt,accepted,not-run,runs/20260524-234809-240097-ASTIS-SALD-001-cycle13/20_middle_formalizer.md,,External agent command exit code 0.
137,2026-05-25 00:10:06,20260525-001006-821943-ASTIS-SALD-001-lower-handoff,ASTIS-SALD-001,lower,handoff,queued,not-run,runs/20260524-234809-240097-ASTIS-SALD-001-cycle13,,"Lower handoff: isolated appendix.tex:63-69 Gronwall exponent rewrite as a named Lean-facing contract/obligation; synchronized conversion window, proof-obligation ledger, SLT audit, and first-DAG dependencies; source-index refreshed 24 declarations and check passed."
138,2026-05-25 00:10:34,20260524-234809-240097-ASTIS-SALD-001-cycle13-30_lower_1,ASTIS-SALD-001,lower,attempt,accepted,not-run,runs/20260524-234809-240097-ASTIS-SALD-001-cycle13/30_lower_1.md,,External agent command exit code 0.
139,2026-05-25 00:13:40,20260525-001340-519266-ASTIS-SALD-001-reviewer-handoff,ASTIS-SALD-001,reviewer,handoff,queued,not-run,runs/20260524-234809-240097-ASTIS-SALD-001-cycle13,,Reviewer accepted cycle 13: source-index refreshed with 24 declarations; first appendix source correspondence and contract statuses audited; no contract drift or fake proof closure found; check passed.
140,2026-05-25 00:14:11,20260524-234809-240097-ASTIS-SALD-001-cycle13-40_reviewer,ASTIS-SALD-001,reviewer,attempt,accepted,not-run,runs/20260524-234809-240097-ASTIS-SALD-001-cycle13/40_reviewer.md,,External agent command exit code 0.
141,2026-05-25 00:14:18,20260524-234809-240097-ASTIS-SALD-001-cycle13-build-gate,ASTIS-SALD-001,reviewer,build,compiled,pass,runs/20260524-234809-240097-ASTIS-SALD-001-cycle13,,Cycle build gate.
142,2026-05-25 00:14:18,20260525-001418-949141-ASTIS-SALD-001-cycle14-prompt-deck,ASTIS-SALD-001,upper,plan,queued,not-run,runs/20260525-001418-949141-ASTIS-SALD-001-cycle14,runs/20260525-001418-949141-ASTIS-SALD-001-cycle14/10_upper_director.md;runs/20260525-001418-949141-ASTIS-SALD-001-cycle14/20_middle_formalizer.md;runs/20260525-001418-949141-ASTIS-SALD-001-cycle14/30_lower_1.md;runs/20260525-001418-949141-ASTIS-SALD-001-cycle14/40_reviewer.md;runs/20260525-001418-949141-ASTIS-SALD-001-cycle14/00_context.md;runs/20260525-001418-949141-ASTIS-SALD-001-cycle14/dialogue.md,Created prompt deck with 1 lower agent(s).
143,2026-05-25 00:18:35,20260525-001835-874377-ASTIS-SALD-001-upper-handoff,ASTIS-SALD-001,upper,handoff,queued,not-run,runs/20260525-001418-949141-ASTIS-SALD-001-cycle14,,"Upper handoff: cycle14 continuous forward-KL upper packet added for moving-target side conditions; synchronized Lean, conversion window, obligations, SLT audit; source-index 24 declarations and check passed."
144,2026-05-25 00:19:18,20260525-001418-949141-ASTIS-SALD-001-cycle14-10_upper_director,ASTIS-SALD-001,upper,attempt,accepted,not-run,runs/20260525-001418-949141-ASTIS-SALD-001-cycle14/10_upper_director.md,,External agent command exit code 0.
145,2026-05-25 00:27:03,20260525-002703-380321-ASTIS-SALD-001-middle-handoff,ASTIS-SALD-001,middle,handoff,queued,not-run,runs/20260525-001418-949141-ASTIS-SALD-001-cycle14,,"Middle handoff: added cycle14 continuous forward-KL middle source-to-Lean map and obligation; synchronized Lean, conversion window, proof-obligation ledger, SLT audit, and source index; source-index 24 declarations and check passed."
146,2026-05-25 00:27:39,20260525-001418-949141-ASTIS-SALD-001-cycle14-20_middle_formalizer,ASTIS-SALD-001,middle,attempt,accepted,not-run,runs/20260525-001418-949141-ASTIS-SALD-001-cycle14/20_middle_formalizer.md,,External agent command exit code 0.
147,2026-05-25 00:40:12,20260525-004012-861701-ASTIS-SALD-001-lower-handoff,ASTIS-SALD-001,lower,handoff,queued,not-run,runs/20260525-001418-949141-ASTIS-SALD-001-cycle14,,"Lower handoff: isolated the cycle14 continuous forward-KL endpoint-schedule identities as a named Lean-facing contract/obligation; synchronized Lean, conversion window, proof-obligation ledger, SLT audit, and source-index dependencies; source-index refreshed 24 declarations and check passed."
148,2026-05-25 00:41:14,20260525-001418-949141-ASTIS-SALD-001-cycle14-30_lower_1,ASTIS-SALD-001,lower,attempt,accepted,not-run,runs/20260525-001418-949141-ASTIS-SALD-001-cycle14/30_lower_1.md,,External agent command exit code 0.
149,2026-05-25 00:43:27,20260525-004327-809166-ASTIS-SALD-001-reviewer-handoff,ASTIS-SALD-001,reviewer,handoff,queued,not-run,runs/20260525-001418-949141-ASTIS-SALD-001-cycle14,,Reviewer accepted cycle 14: audited continuous forward-KL endpoint-schedule obligations and synchronized Lean/conversion-window/proof-obligation/source-index/SLT records; source-index refreshed 24 declarations; check passed.
150,2026-05-25 00:43:42,20260525-004342-420050-ASTIS-SALD-001-reviewer-build,ASTIS-SALD-001,reviewer,build,compiled,pass,runs/20260525-001418-949141-ASTIS-SALD-001-cycle14,,Cycle 14 reviewer gate: python3 tools/astis.py check passed after source-index refresh.
151,2026-05-25 00:44:12,20260525-001418-949141-ASTIS-SALD-001-cycle14-40_reviewer,ASTIS-SALD-001,reviewer,attempt,accepted,not-run,runs/20260525-001418-949141-ASTIS-SALD-001-cycle14/40_reviewer.md,,External agent command exit code 0.
152,2026-05-25 00:44:20,20260525-001418-949141-ASTIS-SALD-001-cycle14-build-gate,ASTIS-SALD-001,reviewer,build,compiled,pass,runs/20260525-001418-949141-ASTIS-SALD-001-cycle14,,Cycle build gate.
153,2026-05-25 00:44:20,20260525-004420-605336-ASTIS-SALD-001-cycle15-prompt-deck,ASTIS-SALD-001,upper,plan,queued,not-run,runs/20260525-004420-605336-ASTIS-SALD-001-cycle15,runs/20260525-004420-605336-ASTIS-SALD-001-cycle15/10_upper_director.md;runs/20260525-004420-605336-ASTIS-SALD-001-cycle15/20_middle_formalizer.md;runs/20260525-004420-605336-ASTIS-SALD-001-cycle15/30_lower_1.md;runs/20260525-004420-605336-ASTIS-SALD-001-cycle15/40_reviewer.md;runs/20260525-004420-605336-ASTIS-SALD-001-cycle15/00_context.md;runs/20260525-004420-605336-ASTIS-SALD-001-cycle15/dialogue.md,Created prompt deck with 1 lower agent(s).
154,2026-05-25 00:52:09,20260525-005209-577543-ASTIS-SALD-001-upper-handoff,ASTIS-SALD-001,upper,handoff,queued,not-run,runs/20260525-004420-605336-ASTIS-SALD-001-cycle15,,"Upper handoff: added cycle15 discrete forward-KL upper packet selecting the EM interpolation side-condition spine, with lower target sald.discrete_forward_kl.em_conditional_fokker_planck; synchronized Lean, conversion window, proof-obligation ledger, SLT audit, and source-index dependencies; source-index refreshed 24 declarations and check passed."
155,2026-05-25 00:52:29,20260525-005229-007342-ASTIS-SALD-001-upper-build,ASTIS-SALD-001,upper,build,compiled,pass,runs/20260525-004420-605336-ASTIS-SALD-001-cycle15,,Cycle 15 upper gate: python3 tools/astis.py source-index ASTIS-SALD-001 refreshed 24 declarations; python3 tools/astis.py check passed.
156,2026-05-25 00:52:53,20260525-004420-605336-ASTIS-SALD-001-cycle15-10_upper_director,ASTIS-SALD-001,upper,attempt,accepted,not-run,runs/20260525-004420-605336-ASTIS-SALD-001-cycle15/10_upper_director.md,,External agent command exit code 0.
157,2026-05-25 01:39:18,20260525-013918-703747-ASTIS-SALD-001-middle-handoff,ASTIS-SALD-001,middle,handoff,queued,not-run,runs/20260525-004420-605336-ASTIS-SALD-001-cycle15,,"Middle handoff: added cycle15 conditional Fokker-Planck lower packet for thm:forward-KL-discrete appendix lines 347-385; synchronized Lean, conversion window, proof-obligation ledger, SLT audit, and source-index dependencies; source-index refreshed 24 declarations and check passed."
158,2026-05-25 01:39:55,20260525-013955-113455-ASTIS-SALD-001-middle-build,ASTIS-SALD-001,middle,build,compiled,not-run,runs/20260525-004420-605336-ASTIS-SALD-001-cycle15,,Cycle 15 middle gate: python3 tools/astis.py source-index ASTIS-SALD-001 refreshed 24 declarations; python3 tools/astis.py check passed after handoff bookkeeping.
159,2026-05-25 01:51:15,20260525-015115-825665-ASTIS-SALD-001-lower-handoff,ASTIS-SALD-001,lower,handoff,queued,not-run,runs/20260525-004420-605336-ASTIS-SALD-001-cycle15,,"Lower handoff: isolated appendix.tex:347-354 as sald.discrete_forward_kl.conditional_drift_density, a sub-obligation for the regular conditional-law, density, measurability, and integrability interface needed to define bar b_{k,s}; synchronized Lean, conversion window, proof-obligation ledger, SLT audit, and source-index dependencies; source-index refreshed 24 declarations and check passed."
160,2026-05-25 01:53:31,20260525-015331-439217-ASTIS-SALD-001-reviewer-handoff,ASTIS-SALD-001,reviewer,handoff,queued,not-run,runs/20260525-004420-605336-ASTIS-SALD-001-cycle15,,Reviewer accepted cycle 15: discrete forward-KL EM conditional-drift density split is faithfully anchored to appendix.tex:347-354 under thm:forward-KL-discrete; source-index refreshed 24 declarations and python3 tools/astis.py check passed; no fake proof closures or SLT formalization claims introduced.
161,2026-05-25 02:03:21,20260525-020321-368212-ASTIS-SALD-001-cycle16-prompt-deck,ASTIS-SALD-001,upper,plan,queued,not-run,runs/20260525-020321-368212-ASTIS-SALD-001-cycle16,runs/20260525-020321-368212-ASTIS-SALD-001-cycle16/10_upper_director.md;runs/20260525-020321-368212-ASTIS-SALD-001-cycle16/20_middle_formalizer.md;runs/20260525-020321-368212-ASTIS-SALD-001-cycle16/30_lower_1.md;runs/20260525-020321-368212-ASTIS-SALD-001-cycle16/40_reviewer.md;runs/20260525-020321-368212-ASTIS-SALD-001-cycle16/00_context.md;runs/20260525-020321-368212-ASTIS-SALD-001-cycle16/dialogue.md,Created prompt deck with 1 lower agent(s).
162,2026-05-25 02:03:55,20260525-020355-573331-ASTIS-SALD-001-cycle9999-prompt-deck,ASTIS-SALD-001,upper,plan,queued,not-run,runs/20260525-020355-573331-ASTIS-SALD-001-cycle9999,runs/20260525-020355-573331-ASTIS-SALD-001-cycle9999/10_upper_director.md;runs/20260525-020355-573331-ASTIS-SALD-001-cycle9999/20_middle_formalizer.md;runs/20260525-020355-573331-ASTIS-SALD-001-cycle9999/30_lower_1.md;runs/20260525-020355-573331-ASTIS-SALD-001-cycle9999/40_reviewer.md;runs/20260525-020355-573331-ASTIS-SALD-001-cycle9999/00_context.md;runs/20260525-020355-573331-ASTIS-SALD-001-cycle9999/dialogue.md,Created prompt deck with 1 lower agent(s).
163,2026-05-25 02:03:55,20260525-020355-579550-ASTIS-SALD-001-sleep-window,ASTIS-SALD-001,upper,compression,accepted,not-run,runs,,Graceful sleep window completed 1 cycle(s); final cycle was not interrupted.
164,2026-05-25 02:05:16,20260525-020516-385763-ASTIS-SALD-001-cycle16-prompt-deck,ASTIS-SALD-001,upper,plan,queued,not-run,runs/20260525-020516-385763-ASTIS-SALD-001-cycle16,runs/20260525-020516-385763-ASTIS-SALD-001-cycle16/10_upper_director.md;runs/20260525-020516-385763-ASTIS-SALD-001-cycle16/20_middle_formalizer.md;runs/20260525-020516-385763-ASTIS-SALD-001-cycle16/30_lower_1.md;runs/20260525-020516-385763-ASTIS-SALD-001-cycle16/40_reviewer.md;runs/20260525-020516-385763-ASTIS-SALD-001-cycle16/00_context.md;runs/20260525-020516-385763-ASTIS-SALD-001-cycle16/dialogue.md,Created prompt deck with 1 lower agent(s).
165,2026-05-25 02:14:28,20260525-021428-820459-ASTIS-SALD-001-upper-handoff,ASTIS-SALD-001,upper,handoff,queued,pass,runs/20260525-020516-385763-ASTIS-SALD-001-cycle16,AutoSamplingTheory/SALD.lean;conversion-windows/ASTIS-SALD-001.md;proof-obligations/ASTIS-SALD-001.md;research-wiki/cited-results/SLT_reuse_audit.md;research-wiki/source-index/SALD_original.jsonl;runs/20260525-020516-385763-ASTIS-SALD-001-cycle16/90_handoff.md;runs/20260525-020516-385763-ASTIS-SALD-001-cycle16/dialogue.md,Upper handoff: cycle16 guided/general VA-SALD upper packet isolates the unified transport bridge from main_body.tex:359-368 and appendix.tex:949-951; source-index refreshed 24 declarations and python3 tools/astis.py check passed.
166,2026-05-25 02:15:00,20260525-020516-385763-ASTIS-SALD-001-cycle16-10_upper_director,ASTIS-SALD-001,upper,attempt,accepted,not-run,runs/20260525-020516-385763-ASTIS-SALD-001-cycle16/10_upper_director.md,,External agent command exit code 0.
167,2026-05-25 02:23:05,20260525-022305-363899-ASTIS-SALD-001-middle-handoff,ASTIS-SALD-001,middle,handoff,queued,not-run,runs/20260525-020516-385763-ASTIS-SALD-001-cycle16,,Cycle 16 middle: added unified transport bridge middle line ledger for main_body.tex:359-368 and appendix.tex:949-951; lower target remains sald.unified_forward_kl.transport_velocity_bridge; source-index refreshed 24 declarations and check passed.
168,2026-05-25 02:23:47,20260525-020516-385763-ASTIS-SALD-001-cycle16-20_middle_formalizer,ASTIS-SALD-001,middle,attempt,accepted,not-run,runs/20260525-020516-385763-ASTIS-SALD-001-cycle16/20_middle_formalizer.md,,External agent command exit code 0.
169,2026-05-25 02:30:41,20260525-023041-859061-ASTIS-SALD-001-lower-handoff,ASTIS-SALD-001,lower,handoff,queued,not-run,runs/20260525-020516-385763-ASTIS-SALD-001-cycle16,,"Lower handoff: isolated the cycle16 unified transport bridge lower slice as SALD.cycle16UnifiedForwardKlTransportBridgeLowerContract and sald.unified_forward_kl.transport_bridge_lower; synchronized Lean, conversion window, proof-obligation ledger, SLT audit, and source-index dependencies; source-index refreshed 24 declarations and check passed."
170,2026-05-25 02:31:07,20260525-020516-385763-ASTIS-SALD-001-cycle16-30_lower_1,ASTIS-SALD-001,lower,attempt,accepted,not-run,runs/20260525-020516-385763-ASTIS-SALD-001-cycle16/30_lower_1.md,,External agent command exit code 0.
171,2026-05-25 02:33:03,20260525-023303-123843-ASTIS-SALD-001-reviewer-handoff,ASTIS-SALD-001,reviewer,handoff,queued,not-run,runs/20260525-020516-385763-ASTIS-SALD-001-cycle16,,"Reviewer accepted cycle 16: unified transport bridge lower slice remains an obligation/source-contract only, anchored to main_body.tex:359-368 plus appendix.tex:949-951; correction-field existence, divergence regularity, DV, Gronwall, and discrete EM remain obligations; source-index refreshed 24 declarations and python3 tools/astis.py check passed."
172,2026-05-25 02:33:22,20260525-020516-385763-ASTIS-SALD-001-cycle16-40_reviewer,ASTIS-SALD-001,reviewer,attempt,accepted,not-run,runs/20260525-020516-385763-ASTIS-SALD-001-cycle16/40_reviewer.md,,External agent command exit code 0.
173,2026-05-25 02:33:30,20260525-020516-385763-ASTIS-SALD-001-cycle16-build-gate,ASTIS-SALD-001,reviewer,build,compiled,pass,runs/20260525-020516-385763-ASTIS-SALD-001-cycle16,,Cycle build gate.
174,2026-05-25 02:33:30,20260525-023330-068760-ASTIS-SALD-001-cycle17-prompt-deck,ASTIS-SALD-001,upper,plan,queued,not-run,runs/20260525-023330-068760-ASTIS-SALD-001-cycle17,runs/20260525-023330-068760-ASTIS-SALD-001-cycle17/10_upper_director.md;runs/20260525-023330-068760-ASTIS-SALD-001-cycle17/20_middle_formalizer.md;runs/20260525-023330-068760-ASTIS-SALD-001-cycle17/30_lower_1.md;runs/20260525-023330-068760-ASTIS-SALD-001-cycle17/40_reviewer.md;runs/20260525-023330-068760-ASTIS-SALD-001-cycle17/00_context.md;runs/20260525-023330-068760-ASTIS-SALD-001-cycle17/dialogue.md,Created prompt deck with 1 lower agent(s).
175,2026-05-25 02:39:04,20260525-023904-360370-ASTIS-SALD-001-upper-handoff,ASTIS-SALD-001,upper,handoff,queued,not-run,runs/20260525-023330-068760-ASTIS-SALD-001-cycle17,,Cycle 17 upper queued: first appendix source-index/vocabulary rebaseline packet added as SALD.cycle17FirstAppendixVocabularyPacket; docs and SLT audit synchronized; source-index refreshed 24 declarations; check passed.
176,2026-05-25 02:39:32,20260525-023330-068760-ASTIS-SALD-001-cycle17-10_upper_director,ASTIS-SALD-001,upper,attempt,accepted,not-run,runs/20260525-023330-068760-ASTIS-SALD-001-cycle17/10_upper_director.md,,External agent command exit code 0.
177,2026-05-25 02:44:52,20260525-024452-274520-ASTIS-SALD-001-middle-handoff,ASTIS-SALD-001,middle,handoff,queued,not-run,runs/20260525-023330-068760-ASTIS-SALD-001-cycle17,,Cycle 17 middle source-to-Lean rebaseline added SALD.cycle17FirstAppendixMiddleAuditContract; lower target sald.gronwall.exponent_rewrite; source-index refreshed 24 declarations; check passed.
178,2026-05-25 02:45:16,20260525-023330-068760-ASTIS-SALD-001-cycle17-20_middle_formalizer,ASTIS-SALD-001,middle,attempt,accepted,not-run,runs/20260525-023330-068760-ASTIS-SALD-001-cycle17/20_middle_formalizer.md,,External agent command exit code 0.
179,2026-05-25 02:51:59,20260525-025159-040158-ASTIS-SALD-001-lower-handoff,ASTIS-SALD-001,lower,handoff,queued,not-run,runs/20260525-023330-068760-ASTIS-SALD-001-cycle17,,Cycle 17 lower formalized scalar Gronwall exponent algebra via SALD.gronwallNegIntegralRewriteScalar and SALD.gronwallExpProductRewriteScalar; interval-integral additivity and integral congruence remain obligations; source-index refreshed 24 declarations and check passed.
180,2026-05-25 02:52:25,20260525-023330-068760-ASTIS-SALD-001-cycle17-30_lower_1,ASTIS-SALD-001,lower,attempt,accepted,not-run,runs/20260525-023330-068760-ASTIS-SALD-001-cycle17/30_lower_1.md,,External agent command exit code 0.
181,2026-05-25 02:54:56,20260525-025456-650954-ASTIS-SALD-001-reviewer-handoff,ASTIS-SALD-001,reviewer,handoff,queued,not-run,runs/20260525-023330-068760-ASTIS-SALD-001-cycle17,,"Reviewer accepted cycle 17: source-index refreshed 24 declarations and check passed; scalar Gronwall exponent rewrite sublemmas are formalized local algebra only, while interval-integral additivity/congruence, full Gronwall, DV, PI velocity backend, and LSI-to-KL/FI remain obligations/source-cited."
182,2026-05-25 02:55:34,20260525-023330-068760-ASTIS-SALD-001-cycle17-40_reviewer,ASTIS-SALD-001,reviewer,attempt,accepted,not-run,runs/20260525-023330-068760-ASTIS-SALD-001-cycle17/40_reviewer.md,,External agent command exit code 0.
183,2026-05-25 02:55:44,20260525-023330-068760-ASTIS-SALD-001-cycle17-build-gate,ASTIS-SALD-001,reviewer,build,compiled,pass,runs/20260525-023330-068760-ASTIS-SALD-001-cycle17,,Cycle build gate.
184,2026-05-25 02:55:44,20260525-025544-011375-ASTIS-SALD-001-cycle18-prompt-deck,ASTIS-SALD-001,upper,plan,queued,not-run,runs/20260525-025544-011375-ASTIS-SALD-001-cycle18,runs/20260525-025544-011375-ASTIS-SALD-001-cycle18/10_upper_director.md;runs/20260525-025544-011375-ASTIS-SALD-001-cycle18/20_middle_formalizer.md;runs/20260525-025544-011375-ASTIS-SALD-001-cycle18/30_lower_1.md;runs/20260525-025544-011375-ASTIS-SALD-001-cycle18/40_reviewer.md;runs/20260525-025544-011375-ASTIS-SALD-001-cycle18/00_context.md;runs/20260525-025544-011375-ASTIS-SALD-001-cycle18/dialogue.md,Created prompt deck with 1 lower agent(s).
185,2026-05-25 03:01:48,20260525-030148-671711-ASTIS-SALD-001-upper-handoff,ASTIS-SALD-001,upper,handoff,queued,pass,runs/20260525-025544-011375-ASTIS-SALD-001-cycle18,AutoSamplingTheory/SALD.lean;conversion-windows/ASTIS-SALD-001.md;proof-obligations/ASTIS-SALD-001.md;research-wiki/cited-results/SLT_reuse_audit.md;research-wiki/source-index/SALD_original.jsonl;runs/20260525-025544-011375-ASTIS-SALD-001-cycle18/dialogue.md,Cycle 18 upper added SALD.cycle18ForwardKlUpperPacket for continuous thm:forward-KL and selected sald.forward_kl.gronwall_side_conditions as the next lower target; source-index refreshed 24 declarations and check passed.
186,2026-05-25 03:02:07,20260525-025544-011375-ASTIS-SALD-001-cycle18-10_upper_director,ASTIS-SALD-001,upper,attempt,accepted,not-run,runs/20260525-025544-011375-ASTIS-SALD-001-cycle18/10_upper_director.md,,External agent command exit code 0.
187,2026-05-25 03:07:42,20260525-030742-137794-ASTIS-SALD-001-middle-handoff,ASTIS-SALD-001,middle,handoff,queued,not-run,runs/20260525-025544-011375-ASTIS-SALD-001-cycle18,AutoSamplingTheory/SALD.lean;conversion-windows/ASTIS-SALD-001.md;proof-obligations/ASTIS-SALD-001.md;research-wiki/cited-results/SLT_reuse_audit.md;research-wiki/source-index/SALD_original.jsonl;runs/20260525-025544-011375-ASTIS-SALD-001-cycle18/dialogue.md,Cycle 18 middle added SALD.cycle18ForwardKlMiddleContract and synchronized conversion/proof-obligation/SLT ledgers; lower target sald.forward_kl.gronwall_side_conditions with interval-integral-to-scalar-helper bridge; source-index refreshed 24 declarations and check passed.
188,2026-05-25 03:08:15,20260525-025544-011375-ASTIS-SALD-001-cycle18-20_middle_formalizer,ASTIS-SALD-001,middle,attempt,accepted,not-run,runs/20260525-025544-011375-ASTIS-SALD-001-cycle18/20_middle_formalizer.md,,External agent command exit code 0.
189,2026-05-25 03:18:08,20260525-031808-818813-ASTIS-SALD-001-lower-handoff,ASTIS-SALD-001,lower,handoff,queued,not-run,runs/20260525-025544-011375-ASTIS-SALD-001-cycle18,,"Cycle 18 lower formalized adjacent-interval Gronwall exponent bridge via SALD.gronwallIntervalIntegralAdditivityScalar and SALD.gronwallExpProductRewriteIntervalIntegral; forward-KL side-condition contract/obligation, proof DAG dependencies, conversion window, proof obligations, and source-index synchronized; check passed."
190,2026-05-25 03:18:39,20260525-025544-011375-ASTIS-SALD-001-cycle18-30_lower_1,ASTIS-SALD-001,lower,attempt,accepted,not-run,runs/20260525-025544-011375-ASTIS-SALD-001-cycle18/30_lower_1.md,,External agent command exit code 0.
191,2026-05-25 03:21:01,20260525-032101-841506-ASTIS-SALD-001-reviewer-handoff,ASTIS-SALD-001,reviewer,handoff,queued,not-run,runs/20260525-025544-011375-ASTIS-SALD-001-cycle18,,"Reviewer accepted cycle 18: source-index refreshed 24 declarations and python3 tools/astis.py check passed; adjacent-interval Gronwall bridge sublemmas compile as local algebra only; theorem-specific interval-integrability, residual integral congruence, endpoint rewrites, coefficient regularity, residual-exponent monotonicity, DV, LSI-to-KL/FI, KL derivative, schedule, moving-target, and full Gronwall remain obligations/source-cited."
192,2026-05-25 03:21:09,20260525-032109-962881-ASTIS-SALD-001-reviewer-build,ASTIS-SALD-001,reviewer,build,compiled,pass,runs/20260525-025544-011375-ASTIS-SALD-001-cycle18,,Cycle build gate.
193,2026-05-25 03:21:38,20260525-025544-011375-ASTIS-SALD-001-cycle18-40_reviewer,ASTIS-SALD-001,reviewer,attempt,accepted,not-run,runs/20260525-025544-011375-ASTIS-SALD-001-cycle18/40_reviewer.md,,External agent command exit code 0.
194,2026-05-25 03:21:47,20260525-025544-011375-ASTIS-SALD-001-cycle18-build-gate,ASTIS-SALD-001,reviewer,build,compiled,pass,runs/20260525-025544-011375-ASTIS-SALD-001-cycle18,,Cycle build gate.
195,2026-05-25 03:21:47,20260525-032147-813716-ASTIS-SALD-001-cycle19-prompt-deck,ASTIS-SALD-001,upper,plan,queued,not-run,runs/20260525-032147-813716-ASTIS-SALD-001-cycle19,runs/20260525-032147-813716-ASTIS-SALD-001-cycle19/10_upper_director.md;runs/20260525-032147-813716-ASTIS-SALD-001-cycle19/20_middle_formalizer.md;runs/20260525-032147-813716-ASTIS-SALD-001-cycle19/30_lower_1.md;runs/20260525-032147-813716-ASTIS-SALD-001-cycle19/40_reviewer.md;runs/20260525-032147-813716-ASTIS-SALD-001-cycle19/00_context.md;runs/20260525-032147-813716-ASTIS-SALD-001-cycle19/dialogue.md,Created prompt deck with 1 lower agent(s).
196,2026-05-25 03:28:07,20260525-032807-134874-ASTIS-SALD-001-upper-handoff,ASTIS-SALD-001,upper,handoff,queued,not-run,runs/20260525-032147-813716-ASTIS-SALD-001-cycle19,,"Cycle 19 upper selected SALD.discreteForwardKlAccumulatedErrorBridgeContract / sald.discrete_forward_kl.accumulated_error_bridge as the next lower target, with SALD.discreteForwardKlResidualExponentBoundObligation as the first sub-slice; updated SALD.lean, conversion window, proof obligations, and refreshed source index; check passed."
197,2026-05-25 03:28:31,20260525-032147-813716-ASTIS-SALD-001-cycle19-10_upper_director,ASTIS-SALD-001,upper,attempt,accepted,not-run,runs/20260525-032147-813716-ASTIS-SALD-001-cycle19/10_upper_director.md,,External agent command exit code 0.
198,2026-05-25 03:35:48,20260525-033548-433401-ASTIS-SALD-001-middle-handoff,ASTIS-SALD-001,middle,handoff,queued,not-run,runs/20260525-032147-813716-ASTIS-SALD-001-cycle19,,Cycle 19 middle added SALD.cycle19DiscreteForwardKlMiddleContract and SALD.cycle19DiscreteForwardKlAccumulatedErrorMiddleObligation for the discrete forward-KL accumulated-error bridge; lower target sald.discrete_forward_kl.residual_exponent_bound; conversion/proof-obligation/SLT ledgers synchronized; source-index refreshed 24 declarations and python3 tools/astis.py check passed.
199,2026-05-25 03:36:17,20260525-032147-813716-ASTIS-SALD-001-cycle19-20_middle_formalizer,ASTIS-SALD-001,middle,attempt,accepted,not-run,runs/20260525-032147-813716-ASTIS-SALD-001-cycle19/20_middle_formalizer.md,,External agent command exit code 0.
200,2026-05-25 03:42:02,20260525-034202-103256-ASTIS-SALD-001-lower-handoff,ASTIS-SALD-001,lower,handoff,queued,not-run,runs/20260525-032147-813716-ASTIS-SALD-001-cycle19,,Cycle 19 lower formalized the scalar real-order and Real.exp monotonicity core for sald.discrete_forward_kl.residual_exponent_bound; ledgers synchronized; source-index refreshed 24 declarations; check passed.
201,2026-05-25 03:42:40,20260525-032147-813716-ASTIS-SALD-001-cycle19-30_lower_1,ASTIS-SALD-001,lower,attempt,accepted,not-run,runs/20260525-032147-813716-ASTIS-SALD-001-cycle19/30_lower_1.md,,External agent command exit code 0.
202,2026-05-25 03:44:35,20260525-034435-603822-ASTIS-SALD-001-reviewer-handoff,ASTIS-SALD-001,reviewer,handoff,queued,not-run,runs/20260525-032147-813716-ASTIS-SALD-001-cycle19,,Reviewer accepted cycle 19 after source-index refresh and passing mandatory check. Cycle-19 lower formalized only SALD.discreteForwardKlResidualExponentBoundScalar and SALD.discreteForwardKlResidualExpBoundScalar; no theorem-level discrete forward-KL proof or analytic dependency was promoted.
203,2026-05-25 03:44:59,20260525-032147-813716-ASTIS-SALD-001-cycle19-40_reviewer,ASTIS-SALD-001,reviewer,attempt,accepted,not-run,runs/20260525-032147-813716-ASTIS-SALD-001-cycle19/40_reviewer.md,,External agent command exit code 0.
204,2026-05-25 03:45:07,20260525-032147-813716-ASTIS-SALD-001-cycle19-build-gate,ASTIS-SALD-001,reviewer,build,compiled,pass,runs/20260525-032147-813716-ASTIS-SALD-001-cycle19,,Cycle build gate.
205,2026-05-25 03:45:07,20260525-034507-445329-ASTIS-SALD-001-cycle20-prompt-deck,ASTIS-SALD-001,upper,plan,queued,not-run,runs/20260525-034507-445329-ASTIS-SALD-001-cycle20,runs/20260525-034507-445329-ASTIS-SALD-001-cycle20/10_upper_director.md;runs/20260525-034507-445329-ASTIS-SALD-001-cycle20/20_middle_formalizer.md;runs/20260525-034507-445329-ASTIS-SALD-001-cycle20/30_lower_1.md;runs/20260525-034507-445329-ASTIS-SALD-001-cycle20/40_reviewer.md;runs/20260525-034507-445329-ASTIS-SALD-001-cycle20/00_context.md;runs/20260525-034507-445329-ASTIS-SALD-001-cycle20/dialogue.md,Created prompt deck with 1 lower agent(s).
206,2026-05-25 03:51:12,20260525-035112-757268-ASTIS-SALD-001-upper-handoff,ASTIS-SALD-001,upper,handoff,queued,not-run,runs/20260525-034507-445329-ASTIS-SALD-001-cycle20,,Cycle 20 upper packet added for guided/general VA-SALD: lower target is SALD.generalMovingTargetDiscreteGronwallSideConditionContract / SALD.generalMovingTargetDiscreteGronwallSideConditionObligation / sald.general_moving_target_discrete.gronwall_side_conditions; ledgers and source index synchronized; mandatory check passed.
207,2026-05-25 03:52:08,20260525-034507-445329-ASTIS-SALD-001-cycle20-10_upper_director,ASTIS-SALD-001,upper,attempt,accepted,not-run,runs/20260525-034507-445329-ASTIS-SALD-001-cycle20/10_upper_director.md,,External agent command exit code 0.
208,2026-05-25 03:58:52,20260525-035852-091902-ASTIS-SALD-001-middle-handoff,ASTIS-SALD-001,middle,handoff,queued,not-run,runs/20260525-034507-445329-ASTIS-SALD-001-cycle20,,Cycle 20 middle added SALD.cycle20GeneralVaSaldMiddleContract and SALD.cycle20GeneralVaSaldDiscreteGronwallMiddleObligation for the discrete general VA-SALD Gronwall/display bridge; lower target sald.general_moving_target_discrete.gronwall_side_conditions with constant-schedule coefficient rewrite first; conversion/proof-obligation/SLT ledgers synchronized; source-index refreshed 24 declarations and check passed.
209,2026-05-25 03:59:18,20260525-034507-445329-ASTIS-SALD-001-cycle20-20_middle_formalizer,ASTIS-SALD-001,middle,attempt,accepted,not-run,runs/20260525-034507-445329-ASTIS-SALD-001-cycle20/20_middle_formalizer.md,,External agent command exit code 0.
210,2026-05-25 04:05:22,20260525-040522-806380-ASTIS-SALD-001-lower-handoff,ASTIS-SALD-001,lower,handoff,queued,not-run,runs/20260525-034507-445329-ASTIS-SALD-001-cycle20,,"Cycle 20 lower formalized the constant-schedule coefficient rewrite scalar core for sald.general_moving_target_discrete.gronwall_side_conditions: inverse-schedule square, doubled residual, Gamma, and Delta coefficient algebra. Ledgers synchronized; source-index refreshed 24 declarations; python3 tools/astis.py check passed."
211,2026-05-25 04:05:42,20260525-034507-445329-ASTIS-SALD-001-cycle20-30_lower_1,ASTIS-SALD-001,lower,attempt,accepted,not-run,runs/20260525-034507-445329-ASTIS-SALD-001-cycle20/30_lower_1.md,,External agent command exit code 0.
212,2026-05-25 04:07:58,20260525-040758-060636-ASTIS-SALD-001-reviewer-handoff,ASTIS-SALD-001,reviewer,handoff,queued,not-run,runs/20260525-034507-445329-ASTIS-SALD-001-cycle20,,"Reviewer accepted cycle 20: source-index refreshed 24 declarations and python3 tools/astis.py check passed. Accepted only the compiled scalar coefficient algebra helpers for sald.general_moving_target_discrete.gronwall_side_conditions; theorem-level discrete general VA-SALD proof, Gronwall/display matching, endpoint stitching, coefficient regularity, DV, LSI-to-KL/FI, and KL derivative remain obligations/source-cited."
213,2026-05-25 04:08:13,20260525-040813-412505-ASTIS-SALD-001-reviewer-source-index,ASTIS-SALD-001,reviewer,source-index,indexed,not-run,research-wiki/source-index/SALD_original.jsonl,,Reviewer refreshed source index for ASTIS-SALD-001; indexed 24 declarations before gate.
214,2026-05-25 04:08:19,20260525-040819-095180-ASTIS-SALD-001-reviewer-build,ASTIS-SALD-001,reviewer,build,compiled,pass,runs/20260525-034507-445329-ASTIS-SALD-001-cycle20,,Reviewer mandatory gate: python3 tools/astis.py check passed after source-index refresh.
215,2026-05-25 04:08:41,20260525-034507-445329-ASTIS-SALD-001-cycle20-40_reviewer,ASTIS-SALD-001,reviewer,attempt,accepted,not-run,runs/20260525-034507-445329-ASTIS-SALD-001-cycle20/40_reviewer.md,,External agent command exit code 0.
216,2026-05-25 04:08:49,20260525-034507-445329-ASTIS-SALD-001-cycle20-build-gate,ASTIS-SALD-001,reviewer,build,compiled,pass,runs/20260525-034507-445329-ASTIS-SALD-001-cycle20,,Cycle build gate.
217,2026-05-25 04:08:49,20260525-040849-643035-ASTIS-SALD-001-cycle21-prompt-deck,ASTIS-SALD-001,upper,plan,queued,not-run,runs/20260525-040849-643035-ASTIS-SALD-001-cycle21,runs/20260525-040849-643035-ASTIS-SALD-001-cycle21/10_upper_director.md;runs/20260525-040849-643035-ASTIS-SALD-001-cycle21/20_middle_formalizer.md;runs/20260525-040849-643035-ASTIS-SALD-001-cycle21/30_lower_1.md;runs/20260525-040849-643035-ASTIS-SALD-001-cycle21/40_reviewer.md;runs/20260525-040849-643035-ASTIS-SALD-001-cycle21/00_context.md;runs/20260525-040849-643035-ASTIS-SALD-001-cycle21/dialogue.md,Created prompt deck with 1 lower agent(s).
218,2026-05-25 04:13:35,20260525-041335-371713-ASTIS-SALD-001-upper-handoff,ASTIS-SALD-001,upper,handoff,queued,not-run,runs/20260525-040849-643035-ASTIS-SALD-001-cycle21,,"Cycle 21 upper added SALD.cycle21FirstAppendixVocabularyPacket for first appendix/vocabulary source-index rebaseline. Synchronized Lean dependencies, conversion window, proof obligations, and SLT audit. Preferred lower slice remains sald.gronwall.exponent_rewrite / Gronwall endpoint calculus; alternatives DV finite-log-mgf, PI velocity-norm, LSI density-test. source-index refreshed 24 declarations; python3 tools/astis.py check passed."
219,2026-05-25 04:14:02,20260525-040849-643035-ASTIS-SALD-001-cycle21-10_upper_director,ASTIS-SALD-001,upper,attempt,accepted,not-run,runs/20260525-040849-643035-ASTIS-SALD-001-cycle21/10_upper_director.md,,External agent command exit code 0.
220,2026-05-25 04:18:46,20260525-041846-185255-ASTIS-SALD-001-middle-handoff,ASTIS-SALD-001,middle,handoff,queued,not-run,runs/20260525-040849-643035-ASTIS-SALD-001-cycle21,,"Cycle 21 middle source-to-Lean map added: SALD.cycle21FirstAppendixMiddleAuditContract plus synchronized conversion window, proof-obligation ledger, SLT audit, and first-label dependencies. Lower target: SALD.saldGronwallExponentRewriteContract / sald.gronwall.exponent_rewrite. source-index refreshed 24 declarations; check passed."
221,2026-05-25 04:19:24,20260525-040849-643035-ASTIS-SALD-001-cycle21-20_middle_formalizer,ASTIS-SALD-001,middle,attempt,accepted,not-run,runs/20260525-040849-643035-ASTIS-SALD-001-cycle21/20_middle_formalizer.md,,External agent command exit code 0.
222,2026-05-25 04:27:54,20260525-042754-704520-ASTIS-SALD-001-lower-handoff,ASTIS-SALD-001,lower,handoff,queued,not-run,runs/20260525-040849-643035-ASTIS-SALD-001-cycle21,,"Cycle 21 lower formalized SALD.gronwallExpProductRewriteIntegralCongr for appendix.tex:63-69, pushing the Gronwall exponent rewrite through the outer b_t integral under adjacent interval-integrability hypotheses. Ledgers synchronized; source-index refreshed 24 declarations; python3 tools/astis.py check passed."
223,2026-05-25 04:28:30,20260525-040849-643035-ASTIS-SALD-001-cycle21-30_lower_1,ASTIS-SALD-001,lower,attempt,accepted,not-run,runs/20260525-040849-643035-ASTIS-SALD-001-cycle21/30_lower_1.md,,External agent command exit code 0.
224,2026-05-25 04:31:49,20260525-043149-970680-ASTIS-SALD-001-reviewer-handoff,ASTIS-SALD-001,reviewer,handoff,queued,not-run,runs/20260525-040849-643035-ASTIS-SALD-001-cycle21,,"Reviewer accepted cycle 21 after source-index refresh and mandatory gate. Only SALD.gronwallExpProductRewriteIntegralCongr is accepted as compiled local interval-integral congruence for appendix.tex:63-69; full Gronwall, endpoint calculus, theorem-specific integrability, DV, PI, LSI/KL/FI, forward-KL and VA-SALD theorem proofs remain obligations/source-cited. No fake closures, source-index drift, sald_version_2.tex use, or SLT promotion found."
225,2026-05-25 04:32:18,20260525-043218-762674-ASTIS-SALD-001-reviewer-build,ASTIS-SALD-001,reviewer,build,compiled,not-run,runs/20260525-040849-643035-ASTIS-SALD-001-cycle21,,Reviewer final mandatory gate: python3 tools/astis.py check passed after source-index refresh and handoff logging.
226,2026-05-25 04:32:33,20260525-040849-643035-ASTIS-SALD-001-cycle21-40_reviewer,ASTIS-SALD-001,reviewer,attempt,accepted,not-run,runs/20260525-040849-643035-ASTIS-SALD-001-cycle21/40_reviewer.md,,External agent command exit code 0.
227,2026-05-25 04:32:42,20260525-040849-643035-ASTIS-SALD-001-cycle21-build-gate,ASTIS-SALD-001,reviewer,build,compiled,pass,runs/20260525-040849-643035-ASTIS-SALD-001-cycle21,,Cycle build gate.
228,2026-05-25 04:32:42,20260525-043242-009044-ASTIS-SALD-001-cycle22-prompt-deck,ASTIS-SALD-001,upper,plan,queued,not-run,runs/20260525-043242-009044-ASTIS-SALD-001-cycle22,runs/20260525-043242-009044-ASTIS-SALD-001-cycle22/10_upper_director.md;runs/20260525-043242-009044-ASTIS-SALD-001-cycle22/20_middle_formalizer.md;runs/20260525-043242-009044-ASTIS-SALD-001-cycle22/30_lower_1.md;runs/20260525-043242-009044-ASTIS-SALD-001-cycle22/40_reviewer.md;runs/20260525-043242-009044-ASTIS-SALD-001-cycle22/00_context.md;runs/20260525-043242-009044-ASTIS-SALD-001-cycle22/dialogue.md,Created prompt deck with 1 lower agent(s).
229,2026-05-25 04:39:10,20260525-043910-357815-ASTIS-SALD-001-upper-handoff,ASTIS-SALD-001,upper,handoff,queued,pass,runs/20260525-043242-009044-ASTIS-SALD-001-cycle22,AutoSamplingTheory/SALD.lean;conversion-windows/ASTIS-SALD-001.md;proof-obligations/ASTIS-SALD-001.md;research-wiki/source-index/SALD_original.jsonl;runs/20260525-043242-009044-ASTIS-SALD-001-cycle22/dialogue.md,Cycle 22 upper packet added: SALD.cycle22ForwardKlUpperPacket chooses forward-KL Gronwall side-condition coefficient regularity and adjacent interval-integrability as lower target; source-index refreshed; check passed.
230,2026-05-25 04:39:31,20260525-043242-009044-ASTIS-SALD-001-cycle22-10_upper_director,ASTIS-SALD-001,upper,attempt,accepted,not-run,runs/20260525-043242-009044-ASTIS-SALD-001-cycle22/10_upper_director.md,,External agent command exit code 0.
231,2026-05-25 04:45:36,20260525-044536-659502-ASTIS-SALD-001-middle-handoff,ASTIS-SALD-001,middle,handoff,queued,not-run,runs/20260525-043242-009044-ASTIS-SALD-001-cycle22,,"Cycle 22 middle source-to-Lean map added: SALD.cycle22ForwardKlMiddleContract plus synchronized conversion window, proof-obligation ledger, SLT audit, and thm:forward-KL dependencies. Lower target remains SALD.forwardKlGronwallSideConditionContract / sald.forward_kl.gronwall_side_conditions, first sub-slice coefficient regularity and adjacent interval-integrability before SALD.gronwallExpProductRewriteIntegralCongr. Source-index refreshed 24 declarations; check passed."
232,2026-05-25 04:45:56,20260525-044556-625139-ASTIS-SALD-001-middle-build,ASTIS-SALD-001,middle,build,compiled,pass,runs/20260525-043242-009044-ASTIS-SALD-001-cycle22,,Cycle 22 middle mandatory gate: source-index refreshed 24 declarations; python3 tools/astis.py check passed.
233,2026-05-25 04:46:13,20260525-043242-009044-ASTIS-SALD-001-cycle22-20_middle_formalizer,ASTIS-SALD-001,middle,attempt,accepted,not-run,runs/20260525-043242-009044-ASTIS-SALD-001-cycle22/20_middle_formalizer.md,,External agent command exit code 0.
234,2026-05-25 04:53:37,20260525-045337-362075-ASTIS-SALD-001-lower-handoff,ASTIS-SALD-001,lower,handoff,queued,not-run,runs/20260525-043242-009044-ASTIS-SALD-001-cycle22,,"Cycle 22 lower formalized SALD.forwardKlGronwallCoeffIntervalIntegrable, SALD.forwardKlGronwallCoeffAdjacentIntervalIntegrable, and SALD.forwardKlGronwallExpProductRewriteIntegralCongrOfPieces for the continuous forward-KL Gronwall side-condition bridge. Source-index refreshed; mandatory check passed. Remaining obligations: source piece regularity/integrability for dot{s}*C_LSI, alpha coefficient, b(t), endpoint rewrites, residual exponent monotonicity, DV/LSI/KL derivative/full Gronwall."
235,2026-05-25 04:54:13,20260525-043242-009044-ASTIS-SALD-001-cycle22-30_lower_1,ASTIS-SALD-001,lower,attempt,accepted,not-run,runs/20260525-043242-009044-ASTIS-SALD-001-cycle22/30_lower_1.md,,External agent command exit code 0.
236,2026-05-25 04:56:26,20260525-045626-933023-ASTIS-SALD-001-reviewer-handoff,ASTIS-SALD-001,reviewer,handoff,queued,not-run,runs/20260525-043242-009044-ASTIS-SALD-001-cycle22,,"Reviewer accepted cycle 22. Source-index refreshed 24 labels and mandatory check passed. Accepted only the compiled local coefficient interval-integrability and exponent-congruence assembly lemmas; continuous forward-KL theorem and analytic backends remain obligations/source-cited. No fake proof closures, sald_version_2.tex use, source-index drift, or SLT promotion found."
237,2026-05-25 04:57:02,20260525-043242-009044-ASTIS-SALD-001-cycle22-40_reviewer,ASTIS-SALD-001,reviewer,attempt,accepted,not-run,runs/20260525-043242-009044-ASTIS-SALD-001-cycle22/40_reviewer.md,,External agent command exit code 0.
238,2026-05-25 04:57:10,20260525-043242-009044-ASTIS-SALD-001-cycle22-build-gate,ASTIS-SALD-001,reviewer,build,compiled,pass,runs/20260525-043242-009044-ASTIS-SALD-001-cycle22,,Cycle build gate.
239,2026-05-25 04:57:10,20260525-045710-783991-ASTIS-SALD-001-cycle23-prompt-deck,ASTIS-SALD-001,upper,plan,queued,not-run,runs/20260525-045710-783991-ASTIS-SALD-001-cycle23,runs/20260525-045710-783991-ASTIS-SALD-001-cycle23/10_upper_director.md;runs/20260525-045710-783991-ASTIS-SALD-001-cycle23/20_middle_formalizer.md;runs/20260525-045710-783991-ASTIS-SALD-001-cycle23/30_lower_1.md;runs/20260525-045710-783991-ASTIS-SALD-001-cycle23/40_reviewer.md;runs/20260525-045710-783991-ASTIS-SALD-001-cycle23/00_context.md;runs/20260525-045710-783991-ASTIS-SALD-001-cycle23/dialogue.md,Created prompt deck with 1 lower agent(s).
240,2026-05-25 05:03:06,20260525-050306-824389-ASTIS-SALD-001-upper-handoff,ASTIS-SALD-001,upper,handoff,queued,not-run,runs/20260525-045710-783991-ASTIS-SALD-001-cycle23,,Cycle 23 upper packet added for discrete forward-KL coefficient-chain audit; source-index refreshed; python3 tools/astis.py check passed.
241,2026-05-25 05:03:19,20260525-050319-569119-ASTIS-SALD-001-upper-build,ASTIS-SALD-001,upper,build,compiled,not-run,runs/20260525-045710-783991-ASTIS-SALD-001-cycle23,,Cycle 23 upper mandatory gate: source-index refreshed 24 declarations; python3 tools/astis.py check passed.
242,2026-05-25 05:03:42,20260525-045710-783991-ASTIS-SALD-001-cycle23-10_upper_director,ASTIS-SALD-001,upper,attempt,accepted,not-run,runs/20260525-045710-783991-ASTIS-SALD-001-cycle23/10_upper_director.md,,External agent command exit code 0.
243,2026-05-25 05:10:57,20260525-051057-951243-ASTIS-SALD-001-middle-handoff,ASTIS-SALD-001,middle,handoff,queued,not-run,runs/20260525-045710-783991-ASTIS-SALD-001-cycle23,,"Cycle 23 middle added SALD.cycle23DiscreteForwardKlMiddleContract plus sald.discrete_forward_kl.cycle23_coefficient_chain_middle and proof-DAG node ASTIS.SALD.forward_KL_discrete.cycle23_middle_coefficient_chain. Lower target remains coefficient-chain audit, first sub-slice appendix.tex:454-553 with accumulated-error bridge kept separate. Source-index refreshed 24 declarations; python3 tools/astis.py check passed."
244,2026-05-25 05:11:29,20260525-045710-783991-ASTIS-SALD-001-cycle23-20_middle_formalizer,ASTIS-SALD-001,middle,attempt,accepted,not-run,runs/20260525-045710-783991-ASTIS-SALD-001-cycle23/20_middle_formalizer.md,,External agent command exit code 0.
245,2026-05-25 05:18:49,20260525-051849-365743-ASTIS-SALD-001-lower-handoff,ASTIS-SALD-001,lower,handoff,queued,not-run,runs/20260525-045710-783991-ASTIS-SALD-001-cycle23,,"Cycle 23 lower formalized SALD.discreteForwardKlTimeChangeSquareCoefficientRewriteScalar for the appendix.tex:526-553 scalar time-change coefficient rewrite and synchronized Lean/conversion-window/proof-obligation/SLT ledgers. Source-index refreshed; mandatory check passed. Remaining obligations: inverse-schedule calculus, dot{s} positivity/nonzero, coefficient integrability, frozen-defect, LSI, DV, Gronwall, endpoint stitching, residual exponent drop, accumulated-error collection."
246,2026-05-25 05:19:35,20260525-045710-783991-ASTIS-SALD-001-cycle23-30_lower_1,ASTIS-SALD-001,lower,attempt,accepted,not-run,runs/20260525-045710-783991-ASTIS-SALD-001-cycle23/30_lower_1.md,,External agent command exit code 0.
247,2026-05-25 05:21:51,20260525-052151-743308-ASTIS-SALD-001-reviewer-handoff,ASTIS-SALD-001,reviewer,handoff,queued,not-run,runs/20260525-045710-783991-ASTIS-SALD-001-cycle23,,"Reviewer accepted cycle 23. Source-index refreshed 24 declarations and python3 tools/astis.py check passed. Accepted only the scalar real-algebra time-change rewrite SALD.discreteForwardKlTimeChangeSquareCoefficientRewriteScalar; discrete forward-KL theorem and analytic backends remain obligations/source-cited. No fake proof closures, sald_version_2.tex use, source-index drift, contract drift, or SLT promotion found."
248,2026-05-25 05:22:18,20260525-045710-783991-ASTIS-SALD-001-cycle23-40_reviewer,ASTIS-SALD-001,reviewer,attempt,accepted,not-run,runs/20260525-045710-783991-ASTIS-SALD-001-cycle23/40_reviewer.md,,External agent command exit code 0.
249,2026-05-25 05:22:27,20260525-045710-783991-ASTIS-SALD-001-cycle23-build-gate,ASTIS-SALD-001,reviewer,build,compiled,pass,runs/20260525-045710-783991-ASTIS-SALD-001-cycle23,,Cycle build gate.
250,2026-05-25 05:22:27,20260525-052227-262544-ASTIS-SALD-001-cycle24-prompt-deck,ASTIS-SALD-001,upper,plan,queued,not-run,runs/20260525-052227-262544-ASTIS-SALD-001-cycle24,runs/20260525-052227-262544-ASTIS-SALD-001-cycle24/10_upper_director.md;runs/20260525-052227-262544-ASTIS-SALD-001-cycle24/20_middle_formalizer.md;runs/20260525-052227-262544-ASTIS-SALD-001-cycle24/30_lower_1.md;runs/20260525-052227-262544-ASTIS-SALD-001-cycle24/40_reviewer.md;runs/20260525-052227-262544-ASTIS-SALD-001-cycle24/00_context.md;runs/20260525-052227-262544-ASTIS-SALD-001-cycle24/dialogue.md,Created prompt deck with 1 lower agent(s).
251,2026-05-25 05:27:47,20260525-052747-882635-ASTIS-SALD-001-upper-handoff,ASTIS-SALD-001,upper,handoff,queued,not-run,runs/20260525-052227-262544-ASTIS-SALD-001-cycle24,,Cycle 24 upper selected continuous general VA-SALD Gronwall side conditions as lower target; added cycle24 upper packet and synced ledgers. Source-index refreshed; mandatory check passed.
252,2026-05-25 05:28:10,20260525-052227-262544-ASTIS-SALD-001-cycle24-10_upper_director,ASTIS-SALD-001,upper,attempt,accepted,not-run,runs/20260525-052227-262544-ASTIS-SALD-001-cycle24/10_upper_director.md,,External agent command exit code 0.
253,2026-05-25 05:34:53,20260525-053453-348140-ASTIS-SALD-001-middle-handoff,ASTIS-SALD-001,middle,handoff,queued,not-run,runs/20260525-052227-262544-ASTIS-SALD-001-cycle24,,Cycle 24 middle added the continuous general VA-SALD Gronwall side-condition middle packet and synchronized Lean/conversion-window/proof-obligation/SLT ledgers. Source-index refreshed 24 declarations; mandatory check passed.
254,2026-05-25 05:35:25,20260525-052227-262544-ASTIS-SALD-001-cycle24-20_middle_formalizer,ASTIS-SALD-001,middle,attempt,accepted,not-run,runs/20260525-052227-262544-ASTIS-SALD-001-cycle24/20_middle_formalizer.md,,External agent command exit code 0.
255,2026-05-25 05:40:57,20260525-054057-901763-ASTIS-SALD-001-lower-handoff,ASTIS-SALD-001,lower,handoff,queued,not-run,runs/20260525-052227-262544-ASTIS-SALD-001-cycle24,,"Cycle 24 lower compiled SALD.generalMovingTargetGronwallCoeffAdjacentIntervalIntegrable and SALD.generalMovingTargetGronwallExpProductRewriteIntegralCongrOfPieces for the continuous general VA-SALD Gronwall coefficient slice. Source-index refreshed 24 declarations; python3 tools/astis.py check passed. Remaining obligations: theorem-specific coefficient regularity/integrability for sigma-LSI, alpha, and residual b(t), endpoint rewrites, residual exponent monotonicity, pure contraction, full Gronwall, DV, LSI-to-KL/FI, KL derivative, and unified transport bridge."
256,2026-05-25 05:41:24,20260525-052227-262544-ASTIS-SALD-001-cycle24-30_lower_1,ASTIS-SALD-001,lower,attempt,accepted,not-run,runs/20260525-052227-262544-ASTIS-SALD-001-cycle24/30_lower_1.md,,External agent command exit code 0.
257,2026-05-25 05:43:21,20260525-054321-738001-ASTIS-SALD-001-reviewer-handoff,ASTIS-SALD-001,reviewer,handoff,queued,not-run,runs/20260525-052227-262544-ASTIS-SALD-001-cycle24,,"Reviewer accepted cycle 24: source-index refreshed 24 declarations; python3 tools/astis.py check passed; accepted only the local coefficient/interval-integrability wrappers for continuous general VA-SALD Gronwall coefficient slice; theorem-level analytic backends remain obligations; no fake proof closures, excluded-source use, contract drift, source-index drift, or SLT promotion found."
258,2026-05-25 05:43:37,20260525-052227-262544-ASTIS-SALD-001-cycle24-40_reviewer,ASTIS-SALD-001,reviewer,attempt,accepted,not-run,runs/20260525-052227-262544-ASTIS-SALD-001-cycle24/40_reviewer.md,,External agent command exit code 0.
259,2026-05-25 05:43:46,20260525-052227-262544-ASTIS-SALD-001-cycle24-build-gate,ASTIS-SALD-001,reviewer,build,compiled,pass,runs/20260525-052227-262544-ASTIS-SALD-001-cycle24,,Cycle build gate.
260,2026-05-25 05:43:46,20260525-054346-068248-ASTIS-SALD-001-cycle25-prompt-deck,ASTIS-SALD-001,upper,plan,queued,not-run,runs/20260525-054346-068248-ASTIS-SALD-001-cycle25,runs/20260525-054346-068248-ASTIS-SALD-001-cycle25/10_upper_director.md;runs/20260525-054346-068248-ASTIS-SALD-001-cycle25/20_middle_formalizer.md;runs/20260525-054346-068248-ASTIS-SALD-001-cycle25/30_lower_1.md;runs/20260525-054346-068248-ASTIS-SALD-001-cycle25/40_reviewer.md;runs/20260525-054346-068248-ASTIS-SALD-001-cycle25/00_context.md;runs/20260525-054346-068248-ASTIS-SALD-001-cycle25/dialogue.md,Created prompt deck with 1 lower agent(s).
261,2026-05-25 05:49:56,20260525-054956-094094-ASTIS-SALD-001-upper-handoff,ASTIS-SALD-001,upper,handoff,queued,not-run,runs/20260525-054346-068248-ASTIS-SALD-001-cycle25,,Cycle 25 upper added SALD.cycle25FirstAppendixVocabularyPacket for first appendix/source-index rebaseline and selected PI velocity-norm backend lower target appendix.tex:96-129; ledgers synchronized; source-index refreshed 24 declarations; mandatory check passed.
262,2026-05-25 05:50:29,20260525-054346-068248-ASTIS-SALD-001-cycle25-10_upper_director,ASTIS-SALD-001,upper,attempt,accepted,not-run,runs/20260525-054346-068248-ASTIS-SALD-001-cycle25/10_upper_director.md,,External agent command exit code 0.
263,2026-05-25 05:56:33,20260525-055633-807061-ASTIS-SALD-001-middle-handoff,ASTIS-SALD-001,middle,handoff,queued,not-run,runs/20260525-054346-068248-ASTIS-SALD-001-cycle25,,Cycle 25 middle added SALD.cycle25FirstAppendixMiddleAuditContract plus sald.first_appendix.cycle25_pi_velocity_norm_middle for appendix.tex:96-129 PI velocity-norm lower map; synchronized conversion-window/proof-obligation/SLT ledgers and source dependencies. Source-index refreshed 24 declarations; python3 tools/astis.py check passed.
264,2026-05-25 05:57:05,20260525-054346-068248-ASTIS-SALD-001-cycle25-20_middle_formalizer,ASTIS-SALD-001,middle,attempt,accepted,not-run,runs/20260525-054346-068248-ASTIS-SALD-001-cycle25/20_middle_formalizer.md,,External agent command exit code 0.
265,2026-05-25 06:03:37,20260525-060337-313944-ASTIS-SALD-001-lower-handoff,ASTIS-SALD-001,lower,handoff,queued,not-run,runs/20260525-054346-068248-ASTIS-SALD-001-cycle25,,"Cycle 25 lower compiled SALD.piVelocityNormMeanZeroH1UpperScalar and SALD.piVelocityNormBoundedFunctionalScalar for appendix.tex:104-129 PI velocity-norm scalar propagation, added SALD.cycle25PiVelocityNormLowerObligation, synchronized ledgers, refreshed source-index, and passed python3 tools/astis.py check. Remaining Sobolev/Riesz/weak-PDE analytic backends stay obligations."
266,2026-05-25 06:04:10,20260525-054346-068248-ASTIS-SALD-001-cycle25-30_lower_1,ASTIS-SALD-001,lower,attempt,accepted,not-run,runs/20260525-054346-068248-ASTIS-SALD-001-cycle25/30_lower_1.md,,External agent command exit code 0.
267,2026-05-25 06:06:36,20260525-060636-016101-ASTIS-SALD-001-reviewer-handoff,ASTIS-SALD-001,reviewer,handoff,queued,not-run,runs/20260525-054346-068248-ASTIS-SALD-001-cycle25,,"Reviewer accepted cycle 25: source-index refreshed 24 declarations; mandatory check passed; accepted only scalar PI velocity-norm local real-order sublemmas and synchronized obligations; full analytic PI/Riesz/weak-PDE/velocity bound plus Gronwall, DV, and LSI-to-KL/FI remain open; no fake closures, excluded source, contract drift, source-index drift, or SLT promotion found."
268,2026-05-25 06:07:00,20260525-060700-367943-ASTIS-SALD-001-reviewer-build,ASTIS-SALD-001,reviewer,build,compiled,pass,runs/20260525-054346-068248-ASTIS-SALD-001-cycle25,,Cycle 25 reviewer gate: python3 tools/astis.py source-index ASTIS-SALD-001 refreshed 24 declarations; python3 tools/astis.py check passed.
269,2026-05-25 06:07:16,20260525-054346-068248-ASTIS-SALD-001-cycle25-40_reviewer,ASTIS-SALD-001,reviewer,attempt,accepted,not-run,runs/20260525-054346-068248-ASTIS-SALD-001-cycle25/40_reviewer.md,,External agent command exit code 0.
270,2026-05-25 06:07:24,20260525-054346-068248-ASTIS-SALD-001-cycle25-build-gate,ASTIS-SALD-001,reviewer,build,compiled,pass,runs/20260525-054346-068248-ASTIS-SALD-001-cycle25,,Cycle build gate.
271,2026-05-25 06:07:24,20260525-060724-617119-ASTIS-SALD-001-cycle26-prompt-deck,ASTIS-SALD-001,upper,plan,queued,not-run,runs/20260525-060724-617119-ASTIS-SALD-001-cycle26,runs/20260525-060724-617119-ASTIS-SALD-001-cycle26/10_upper_director.md;runs/20260525-060724-617119-ASTIS-SALD-001-cycle26/20_middle_formalizer.md;runs/20260525-060724-617119-ASTIS-SALD-001-cycle26/30_lower_1.md;runs/20260525-060724-617119-ASTIS-SALD-001-cycle26/40_reviewer.md;runs/20260525-060724-617119-ASTIS-SALD-001-cycle26/00_context.md;runs/20260525-060724-617119-ASTIS-SALD-001-cycle26/dialogue.md,Created prompt deck with 1 lower agent(s).
272,2026-05-25 06:14:17,20260525-061417-957999-ASTIS-SALD-001-upper-handoff,ASTIS-SALD-001,upper,handoff,queued,not-run,runs/20260525-060724-617119-ASTIS-SALD-001-cycle26,,"Cycle 26 upper added SALD.cycle26ForwardKlUpperPacket for continuous thm:forward-KL DV finite-log-mgf/common-space witness; synchronized conversion window, proof obligations, SLT audit, and source dependencies; source-index refreshed 24 declarations; python3 tools/astis.py check passed."
273,2026-05-25 06:14:49,20260525-060724-617119-ASTIS-SALD-001-cycle26-10_upper_director,ASTIS-SALD-001,upper,attempt,accepted,not-run,runs/20260525-060724-617119-ASTIS-SALD-001-cycle26/10_upper_director.md,,External agent command exit code 0.
274,2026-05-25 06:21:34,20260525-062134-351366-ASTIS-SALD-001-middle-handoff,ASTIS-SALD-001,middle,handoff,queued,not-run,runs/20260525-060724-617119-ASTIS-SALD-001-cycle26,,Cycle 26 middle added SALD.cycle26ForwardKlMiddleContract plus sald.forward_kl.cycle26_dv_witness_middle for thm:forward-KL DV witness; synchronized conversion-window/proof-obligation/SLT ledgers and source dependencies. Source-index refreshed 24 declarations; python3 tools/astis.py check passed.
275,2026-05-25 06:22:10,20260525-060724-617119-ASTIS-SALD-001-cycle26-20_middle_formalizer,ASTIS-SALD-001,middle,attempt,accepted,not-run,runs/20260525-060724-617119-ASTIS-SALD-001-cycle26/20_middle_formalizer.md,,External agent command exit code 0.
276,2026-05-25 06:28:50,20260525-062850-756358-ASTIS-SALD-001-lower-handoff,ASTIS-SALD-001,lower,handoff,queued,not-run,runs/20260525-060724-617119-ASTIS-SALD-001-cycle26,,Cycle 26 lower compiled positive-alpha scalar DV division/coefficient lemmas for forward-KL and synchronized ledgers; source-index refreshed 24 declarations; python3 tools/astis.py check passed.
277,2026-05-25 06:29:17,20260525-060724-617119-ASTIS-SALD-001-cycle26-30_lower_1,ASTIS-SALD-001,lower,attempt,accepted,not-run,runs/20260525-060724-617119-ASTIS-SALD-001-cycle26/30_lower_1.md,,External agent command exit code 0.
278,2026-05-25 06:31:07,20260525-063107-052745-ASTIS-SALD-001-reviewer-handoff,ASTIS-SALD-001,reviewer,handoff,queued,not-run,runs/20260525-060724-617119-ASTIS-SALD-001-cycle26,,"Reviewer accepted cycle 26: source-index refreshed 24 declarations and python3 tools/astis.py check passed. Scope accepted is only the compiled positive-alpha scalar Real core and synchronized DV witness/SLT/proof-obligation ledgers; DV, finite-log-mgf, common-space/measurability, KL derivative, LSI-to-KL/FI, Gronwall, and forward-KL theorem remain obligations."
279,2026-05-25 06:31:23,20260525-060724-617119-ASTIS-SALD-001-cycle26-40_reviewer,ASTIS-SALD-001,reviewer,attempt,accepted,not-run,runs/20260525-060724-617119-ASTIS-SALD-001-cycle26/40_reviewer.md,,External agent command exit code 0.
280,2026-05-25 06:31:31,20260525-060724-617119-ASTIS-SALD-001-cycle26-build-gate,ASTIS-SALD-001,reviewer,build,compiled,pass,runs/20260525-060724-617119-ASTIS-SALD-001-cycle26,,Cycle build gate.
281,2026-05-25 06:31:31,20260525-063131-523285-ASTIS-SALD-001-cycle27-prompt-deck,ASTIS-SALD-001,upper,plan,queued,not-run,runs/20260525-063131-523285-ASTIS-SALD-001-cycle27,runs/20260525-063131-523285-ASTIS-SALD-001-cycle27/10_upper_director.md;runs/20260525-063131-523285-ASTIS-SALD-001-cycle27/20_middle_formalizer.md;runs/20260525-063131-523285-ASTIS-SALD-001-cycle27/30_lower_1.md;runs/20260525-063131-523285-ASTIS-SALD-001-cycle27/40_reviewer.md;runs/20260525-063131-523285-ASTIS-SALD-001-cycle27/00_context.md;runs/20260525-063131-523285-ASTIS-SALD-001-cycle27/dialogue.md,Created prompt deck with 1 lower agent(s).
282,2026-05-25 06:37:19,20260525-063719-982000-ASTIS-SALD-001-upper-handoff,ASTIS-SALD-001,upper,handoff,queued,not-run,runs/20260525-063131-523285-ASTIS-SALD-001-cycle27,,"Cycle 27 upper added compiled accumulated-error collection packet for thm:forward-KL-discrete; synchronized Lean, conversion window, and proof-obligation ledger; source-index refreshed 24 declarations; python3 tools/astis.py check passed."
283,2026-05-25 06:37:46,20260525-063131-523285-ASTIS-SALD-001-cycle27-10_upper_director,ASTIS-SALD-001,upper,attempt,accepted,not-run,runs/20260525-063131-523285-ASTIS-SALD-001-cycle27/10_upper_director.md,,External agent command exit code 0.
284,2026-05-25 06:44:16,20260525-064416-141026-ASTIS-SALD-001-middle-handoff,ASTIS-SALD-001,middle,handoff,queued,not-run,runs/20260525-063131-523285-ASTIS-SALD-001-cycle27,,Cycle 27 middle added SALD.cycle27DiscreteForwardKlMiddleContract plus sald.discrete_forward_kl.cycle27_accumulated_collection_middle for thm:forward-KL-discrete accumulated-error bridge; synchronized ledgers; source-index refreshed 24 declarations; python3 tools/astis.py check passed.
285,2026-05-25 06:44:41,20260525-063131-523285-ASTIS-SALD-001-cycle27-20_middle_formalizer,ASTIS-SALD-001,middle,attempt,accepted,not-run,runs/20260525-063131-523285-ASTIS-SALD-001-cycle27/20_middle_formalizer.md,,External agent command exit code 0.
286,2026-05-25 06:54:12,20260525-065412-535587-ASTIS-SALD-001-lower-handoff,ASTIS-SALD-001,lower,handoff,queued,not-run,runs/20260525-063131-523285-ASTIS-SALD-001-cycle27,,"Cycle 27 lower compiled additive accumulated-error collection scalar/integral cores for thm:forward-KL-discrete (alpha-complexity and Delta constant-factor extraction plus combined additive collection), synchronized SALD.lean, conversion window, proof obligations, SLT audit, and source dependencies; source-index refreshed 24 declarations; python3 tools/astis.py check passed."
287,2026-05-25 06:54:45,20260525-063131-523285-ASTIS-SALD-001-cycle27-30_lower_1,ASTIS-SALD-001,lower,attempt,accepted,not-run,runs/20260525-063131-523285-ASTIS-SALD-001-cycle27/30_lower_1.md,,External agent command exit code 0.
288,2026-05-25 06:56:52,20260525-065652-646677-ASTIS-SALD-001-reviewer-handoff,ASTIS-SALD-001,reviewer,handoff,queued,not-run,runs/20260525-063131-523285-ASTIS-SALD-001-cycle27,,Reviewer accepted cycle 27: source-index refreshed 24 declarations and python3 tools/astis.py check passed. Accepted only the compiled additive accumulated-error scalar/integral collection core and synchronized ledgers; theorem-level thm:forward-KL-discrete and analytic backends remain obligations.
289,2026-05-25 06:57:16,20260525-063131-523285-ASTIS-SALD-001-cycle27-40_reviewer,ASTIS-SALD-001,reviewer,attempt,accepted,not-run,runs/20260525-063131-523285-ASTIS-SALD-001-cycle27/40_reviewer.md,,External agent command exit code 0.
290,2026-05-25 06:57:24,20260525-063131-523285-ASTIS-SALD-001-cycle27-build-gate,ASTIS-SALD-001,reviewer,build,compiled,pass,runs/20260525-063131-523285-ASTIS-SALD-001-cycle27,,Cycle build gate.
291,2026-05-25 06:57:24,20260525-065724-310530-ASTIS-SALD-001-cycle28-prompt-deck,ASTIS-SALD-001,upper,plan,queued,not-run,runs/20260525-065724-310530-ASTIS-SALD-001-cycle28,runs/20260525-065724-310530-ASTIS-SALD-001-cycle28/10_upper_director.md;runs/20260525-065724-310530-ASTIS-SALD-001-cycle28/20_middle_formalizer.md;runs/20260525-065724-310530-ASTIS-SALD-001-cycle28/30_lower_1.md;runs/20260525-065724-310530-ASTIS-SALD-001-cycle28/40_reviewer.md;runs/20260525-065724-310530-ASTIS-SALD-001-cycle28/00_context.md;runs/20260525-065724-310530-ASTIS-SALD-001-cycle28/dialogue.md,Created prompt deck with 1 lower agent(s).
292,2026-05-25 07:05:08,20260525-070508-488090-ASTIS-SALD-001-upper-handoff,ASTIS-SALD-001,upper,handoff,queued,not-run,runs/20260525-065724-310530-ASTIS-SALD-001-cycle28,,"Cycle 28 upper selected SALD.cycle28GeneralVaSaldUpperPacket for the guided/general path, targeting the discrete general derivative side-condition bridge and appendix.tex:1469-1511 frozen/residual algebra plus two sigma_eta^2/8 Young splits; synchronized Lean, conversion window, proof obligations, and SLT audit; source-index refreshed 24 declarations; check passed."
293,2026-05-25 07:05:40,20260525-065724-310530-ASTIS-SALD-001-cycle28-10_upper_director,ASTIS-SALD-001,upper,attempt,accepted,not-run,runs/20260525-065724-310530-ASTIS-SALD-001-cycle28/10_upper_director.md,,External agent command exit code 0.
294,2026-05-25 07:13:07,20260525-071307-123711-ASTIS-SALD-001-middle-handoff,ASTIS-SALD-001,middle,handoff,queued,not-run,runs/20260525-065724-310530-ASTIS-SALD-001-cycle28,,Cycle 28 middle added SALD.cycle28GeneralVaSaldMiddleContract plus sald.general_moving_target_discrete.cycle28_derivative_side_middle for appendix.tex:1469-1511 frozen/residual algebra and two sigma_eta^2/8 Young splits; compiled local scalar Young bookkeeping helpers; synchronized ledgers; source-index refreshed 24 declarations; python3 tools/astis.py check passed.
295,2026-05-25 07:13:56,20260525-065724-310530-ASTIS-SALD-001-cycle28-20_middle_formalizer,ASTIS-SALD-001,middle,attempt,accepted,not-run,runs/20260525-065724-310530-ASTIS-SALD-001-cycle28/20_middle_formalizer.md,,External agent command exit code 0.
296,2026-05-25 07:21:24,20260525-072124-908272-ASTIS-SALD-001-lower-handoff,ASTIS-SALD-001,lower,handoff,queued,not-run,runs/20260525-065724-310530-ASTIS-SALD-001-cycle28,,Cycle 28 lower compiled frozen/residual module algebra for appendix.tex:1469-1478 via SALD.generalMovingTargetDiscreteFrozenResidualAlgebraVector and synchronized lower obligation/DAG/ledgers; source-index refreshed 24 declarations; python3 tools/astis.py check passed.
297,2026-05-25 07:22:15,20260525-065724-310530-ASTIS-SALD-001-cycle28-30_lower_1,ASTIS-SALD-001,lower,attempt,accepted,not-run,runs/20260525-065724-310530-ASTIS-SALD-001-cycle28/30_lower_1.md,,External agent command exit code 0.
298,2026-05-25 07:24:17,20260525-072417-671464-ASTIS-SALD-001-reviewer-handoff,ASTIS-SALD-001,reviewer,handoff,queued,not-run,runs/20260525-065724-310530-ASTIS-SALD-001-cycle28,,Reviewer accepted cycle 28: source-index refreshed 24 declarations and mandatory check passed. Scope accepted is the compiled theorem-independent frozen/residual module algebra plus synchronized ledgers; all analytic side conditions and thm:general-moving-target-SALD-discrete remain obligations.
299,2026-05-25 07:24:42,20260525-072442-269109-ASTIS-SALD-001-reviewer-build,ASTIS-SALD-001,reviewer,build,compiled,pass,runs/20260525-065724-310530-ASTIS-SALD-001-cycle28,,Cycle 28 reviewer build gate: python3 tools/astis.py check passed after source-index refresh.
300,2026-05-25 07:25:02,20260525-065724-310530-ASTIS-SALD-001-cycle28-40_reviewer,ASTIS-SALD-001,reviewer,attempt,accepted,not-run,runs/20260525-065724-310530-ASTIS-SALD-001-cycle28/40_reviewer.md,,External agent command exit code 0.
301,2026-05-25 07:25:11,20260525-065724-310530-ASTIS-SALD-001-cycle28-build-gate,ASTIS-SALD-001,reviewer,build,compiled,pass,runs/20260525-065724-310530-ASTIS-SALD-001-cycle28,,Cycle build gate.
302,2026-05-25 07:25:11,20260525-072511-203127-ASTIS-SALD-001-cycle29-prompt-deck,ASTIS-SALD-001,upper,plan,queued,not-run,runs/20260525-072511-203127-ASTIS-SALD-001-cycle29,runs/20260525-072511-203127-ASTIS-SALD-001-cycle29/10_upper_director.md;runs/20260525-072511-203127-ASTIS-SALD-001-cycle29/20_middle_formalizer.md;runs/20260525-072511-203127-ASTIS-SALD-001-cycle29/30_lower_1.md;runs/20260525-072511-203127-ASTIS-SALD-001-cycle29/40_reviewer.md;runs/20260525-072511-203127-ASTIS-SALD-001-cycle29/00_context.md;runs/20260525-072511-203127-ASTIS-SALD-001-cycle29/dialogue.md,Created prompt deck with 1 lower agent(s).
303,2026-05-25 07:31:59,20260525-073159-805319-ASTIS-SALD-001-upper-handoff,ASTIS-SALD-001,upper,handoff,queued,not-run,runs/20260525-072511-203127-ASTIS-SALD-001-cycle29,,"Cycle 29 upper added SALD.cycle29FirstAppendixVocabularyPacket for first appendix/source-index rebaseline and selected LSI/KL/FI density-test bridge lower target main_body.tex:208-215; synchronized conversion window, proof obligations, and SLT audit; source-index refreshed 24 declarations; python3 tools/astis.py check passed."
304,2026-05-25 07:32:25,20260525-072511-203127-ASTIS-SALD-001-cycle29-10_upper_director,ASTIS-SALD-001,upper,attempt,accepted,not-run,runs/20260525-072511-203127-ASTIS-SALD-001-cycle29/10_upper_director.md,,External agent command exit code 0.
305,2026-05-25 07:38:15,20260525-073815-005945-ASTIS-SALD-001-middle-handoff,ASTIS-SALD-001,middle,handoff,queued,not-run,runs/20260525-072511-203127-ASTIS-SALD-001-cycle29,,"Cycle 29 middle added SALD.cycle29FirstAppendixMiddleAuditContract plus SALD.cycle29LsiKlFiDensityTestMiddleObligation / sald.lsi_kl_fi.cycle29_density_test_middle for main_body.tex:208-215 density-test bridge; synchronized conversion window, proof obligations, SLT audit, and first-DAG dependencies; source-index refreshed 24 declarations; python3 tools/astis.py check passed."
306,2026-05-25 07:39:05,20260525-072511-203127-ASTIS-SALD-001-cycle29-20_middle_formalizer,ASTIS-SALD-001,middle,attempt,accepted,not-run,runs/20260525-072511-203127-ASTIS-SALD-001-cycle29/20_middle_formalizer.md,,External agent command exit code 0.
307,2026-05-25 07:44:55,20260525-074455-668313-ASTIS-SALD-001-lower-handoff,ASTIS-SALD-001,lower,handoff,queued,not-run,runs/20260525-072511-203127-ASTIS-SALD-001-cycle29,,"Cycle 29 lower formalized SALD.lsiKlFiCoefficientAuditScalar for the eq:LSI-KL-FI coefficient 2/C_LSI times 1/4 -> 1/(2*C_LSI), added SALD.cycle29LsiKlFiDensityTestLowerObligation, synchronized ledgers/source dependencies/tests, refreshed source-index, and passed python3 tools/astis.py check."
308,2026-05-25 07:45:20,20260525-072511-203127-ASTIS-SALD-001-cycle29-30_lower_1,ASTIS-SALD-001,lower,attempt,accepted,not-run,runs/20260525-072511-203127-ASTIS-SALD-001-cycle29/30_lower_1.md,,External agent command exit code 0.
309,2026-05-25 07:47:54,20260525-074754-734178-ASTIS-SALD-001-reviewer-handoff,ASTIS-SALD-001,reviewer,handoff,queued,not-run,runs/20260525-072511-203127-ASTIS-SALD-001-cycle29,,"Reviewer accepted cycle 29 after source-index refresh and passing python3 tools/astis.py check. Scope accepted: SALD.lsiKlFiCoefficientAuditScalar as scalar coefficient algebra only, with cycle29 source/proof/SLT ledgers synchronized; no analytic LSI-to-KL/FI closure or SLT import promoted."
310,2026-05-25 07:48:11,20260525-074811-152624-ASTIS-SALD-001-reviewer-build,ASTIS-SALD-001,reviewer,build,compiled,pass,runs/20260525-072511-203127-ASTIS-SALD-001-cycle29,,"Cycle 29 reviewer build gate: source-index refreshed 24 declarations, then python3 tools/astis.py check passed."
311,2026-05-25 07:48:41,20260525-072511-203127-ASTIS-SALD-001-cycle29-40_reviewer,ASTIS-SALD-001,reviewer,attempt,accepted,not-run,runs/20260525-072511-203127-ASTIS-SALD-001-cycle29/40_reviewer.md,,External agent command exit code 0.
312,2026-05-25 07:48:49,20260525-072511-203127-ASTIS-SALD-001-cycle29-build-gate,ASTIS-SALD-001,reviewer,build,compiled,pass,runs/20260525-072511-203127-ASTIS-SALD-001-cycle29,,Cycle build gate.
313,2026-05-25 07:48:49,20260525-074849-433196-ASTIS-SALD-001-cycle30-prompt-deck,ASTIS-SALD-001,upper,plan,queued,not-run,runs/20260525-074849-433196-ASTIS-SALD-001-cycle30,runs/20260525-074849-433196-ASTIS-SALD-001-cycle30/10_upper_director.md;runs/20260525-074849-433196-ASTIS-SALD-001-cycle30/20_middle_formalizer.md;runs/20260525-074849-433196-ASTIS-SALD-001-cycle30/30_lower_1.md;runs/20260525-074849-433196-ASTIS-SALD-001-cycle30/40_reviewer.md;runs/20260525-074849-433196-ASTIS-SALD-001-cycle30/00_context.md;runs/20260525-074849-433196-ASTIS-SALD-001-cycle30/dialogue.md,Created prompt deck with 1 lower agent(s).
314,2026-05-25 07:56:19,20260525-075619-326046-ASTIS-SALD-001-upper-handoff,ASTIS-SALD-001,upper,handoff,queued,not-run,runs/20260525-074849-433196-ASTIS-SALD-001-cycle30,,"Cycle 30 upper selected continuous forward-KL derivative-side packet: added SALD.cycle30ForwardKlUpperPacket plus SALD.cycle30ForwardKlDerivativeSideUpperObligation, wired forward-KL DAG/dependencies, synchronized conversion window/proof obligations/SLT audit/run handoff. Lower target sald.forward_kl.density_boundary_regular first sub-slice appendix.tex:168-185. source-index refreshed; python3 tools/astis.py check passed."
315,2026-05-25 07:57:01,20260525-074849-433196-ASTIS-SALD-001-cycle30-10_upper_director,ASTIS-SALD-001,upper,attempt,accepted,not-run,runs/20260525-074849-433196-ASTIS-SALD-001-cycle30/10_upper_director.md,,External agent command exit code 0.
316,2026-05-25 08:02:46,20260525-080246-984686-ASTIS-SALD-001-middle-build,ASTIS-SALD-001,middle,build,compiled,not-run,runs/20260525-074849-433196-ASTIS-SALD-001-cycle30,,"Cycle 30 middle build gate: source-index refreshed 24 declarations, then python3 tools/astis.py check passed."
317,2026-05-25 08:03:02,20260525-080302-795785-ASTIS-SALD-001-middle-handoff,ASTIS-SALD-001,middle,handoff,queued,not-run,runs/20260525-074849-433196-ASTIS-SALD-001-cycle30,,"Cycle 30 middle added SALD.cycle30ForwardKlMiddleContract and sald.forward_kl.cycle30_derivative_side_middle for appendix.tex:168-208, selecting appendix.tex:168-185 density/boundary/FI identification as the first lower slice; synchronized ledgers/source dependencies/SLT audit/source-index and passed python3 tools/astis.py check."
318,2026-05-25 08:03:25,20260525-074849-433196-ASTIS-SALD-001-cycle30-20_middle_formalizer,ASTIS-SALD-001,middle,attempt,accepted,not-run,runs/20260525-074849-433196-ASTIS-SALD-001-cycle30/20_middle_formalizer.md,,External agent command exit code 0.
319,2026-05-25 08:11:18,20260525-081118-749459-ASTIS-SALD-001-lower-handoff,ASTIS-SALD-001,lower,handoff,queued,not-run,runs/20260525-074849-433196-ASTIS-SALD-001-cycle30,,Cycle 30 lower compiled SALD.forwardKlFirstTermFisherSubstitutionScalar and recorded SALD.cycle30ForwardKlDensityBoundaryLowerObligation for appendix.tex:168-185 first-term -FI scalar substitution; synchronized ledgers/source dependencies/SLT audit/source-index; python3 tools/astis.py check passed.
320,2026-05-25 08:11:44,20260525-074849-433196-ASTIS-SALD-001-cycle30-30_lower_1,ASTIS-SALD-001,lower,attempt,accepted,not-run,runs/20260525-074849-433196-ASTIS-SALD-001-cycle30/30_lower_1.md,,External agent command exit code 0.
321,2026-05-25 08:16:17,20260525-081617-616360-ASTIS-SALD-001-reviewer-handoff,ASTIS-SALD-001,reviewer,handoff,queued,pass,runs/20260525-074849-433196-ASTIS-SALD-001-cycle30,research-wiki/source-index/SALD_original.jsonl;runs/20260525-074849-433196-ASTIS-SALD-001-cycle30/dialogue.md;tools/astis.py,"Reviewer accepted cycle 30 after source-index repair for labelled equation/align anchors; refreshed SALD_original.jsonl now includes eq:SALD and eq:FP-eq, excludes sald_version_2.tex, and python3 tools/astis.py check passed. Cycle 30 lower scalar substitution accepted only as theorem-independent Real equality; analytic derivative, density/boundary/FI, target transport, LSI, DV, time-change, and Gronwall remain obligations."
322,2026-05-25 08:17:00,20260525-074849-433196-ASTIS-SALD-001-cycle30-40_reviewer,ASTIS-SALD-001,reviewer,attempt,accepted,not-run,runs/20260525-074849-433196-ASTIS-SALD-001-cycle30/40_reviewer.md,,External agent command exit code 0.
323,2026-05-25 08:17:09,20260525-074849-433196-ASTIS-SALD-001-cycle30-build-gate,ASTIS-SALD-001,reviewer,build,compiled,pass,runs/20260525-074849-433196-ASTIS-SALD-001-cycle30,,Cycle build gate.
324,2026-05-25 08:17:09,20260525-081709-236458-ASTIS-SALD-001-sleep-window,ASTIS-SALD-001,upper,compression,accepted,not-run,runs,,Graceful sleep window completed 15 cycle(s); final cycle was not interrupted.
325,2026-05-25 14:10:54,20260525-141054-155782-ASTIS-SALD-001-cycle31-prompt-deck,ASTIS-SALD-001,upper,plan,queued,not-run,runs/20260525-141054-155782-ASTIS-SALD-001-cycle31,runs/20260525-141054-155782-ASTIS-SALD-001-cycle31/10_upper_director.md;runs/20260525-141054-155782-ASTIS-SALD-001-cycle31/20_middle_formalizer.md;runs/20260525-141054-155782-ASTIS-SALD-001-cycle31/30_lower_1.md;runs/20260525-141054-155782-ASTIS-SALD-001-cycle31/40_reviewer.md;runs/20260525-141054-155782-ASTIS-SALD-001-cycle31/00_context.md;runs/20260525-141054-155782-ASTIS-SALD-001-cycle31/dialogue.md,Created prompt deck with 1 lower agent(s).
326,2026-05-25 14:14:25,20260525-141425-078683-ASTIS-SALD-001-upper-handoff,ASTIS-SALD-001,upper,handoff,queued,pass,runs/20260525-141054-155782-ASTIS-SALD-001-cycle31,conversion-windows/ASTIS-SALD-001.md;runs/20260525-141054-155782-ASTIS-SALD-001-cycle31/90_handoff.md;runs/20260525-141054-155782-ASTIS-SALD-001-cycle31/dialogue.md,"Cycle 31 upper selected lem:gronwall proof closure from appendix.tex:47-71, with lower first attempting a proof-producing integrating-factor scalar inequality for appendix.tex:58-61; no source-index rebaseline; check passed."
327,2026-05-25 14:15:19,20260525-141054-155782-ASTIS-SALD-001-cycle31-10_upper_director,ASTIS-SALD-001,upper,attempt,accepted,not-run,runs/20260525-141054-155782-ASTIS-SALD-001-cycle31/10_upper_director.md,,External agent command exit code 0.
328,2026-05-25 14:26:08,20260525-142608-634769-ASTIS-SALD-001-middle-handoff,ASTIS-SALD-001,middle,handoff,queued,not-run,runs/20260525-141054-155782-ASTIS-SALD-001-cycle31,,"Cycle 31 middle added proof-producing Gronwall integrating-factor derivative helpers for appendix.tex:58-61, synchronized ledgers/conversion window, kept lem:gronwall obligation status for endpoint/order-integration backend, and passed python3 tools/astis.py check."
329,2026-05-25 14:27:21,20260525-141054-155782-ASTIS-SALD-001-cycle31-20_middle_formalizer,ASTIS-SALD-001,middle,attempt,accepted,not-run,runs/20260525-141054-155782-ASTIS-SALD-001-cycle31/20_middle_formalizer.md,,External agent command exit code 0.
330,2026-05-25 14:33:51,20260525-143351-054352-ASTIS-SALD-001-lower-handoff,ASTIS-SALD-001,lower,handoff,queued,not-run,runs/20260525-141054-155782-ASTIS-SALD-001-cycle31,,"Cycle 31 lower added compiled Gronwall order-integration and endpoint scalar helpers for appendix.tex:62-65, updated SALD ledgers, and passed python3 tools/astis.py check."
331,2026-05-25 14:34:37,20260525-141054-155782-ASTIS-SALD-001-cycle31-30_lower_1,ASTIS-SALD-001,lower,attempt,accepted,not-run,runs/20260525-141054-155782-ASTIS-SALD-001-cycle31/30_lower_1.md,,External agent command exit code 0.
332,2026-05-25 14:36:57,20260525-143657-261157-ASTIS-SALD-001-reviewer-handoff,ASTIS-SALD-001,reviewer,handoff,queued,pass,runs/20260525-141054-155782-ASTIS-SALD-001-cycle31,,"Reviewer accepted cycle 31 after source-index ASTIS-SALD-001 and python3 tools/astis.py check passed. Gronwall appendix.tex:58-65 helpers compile as partial sublemmas; lem:gronwall remains obligation with endpoint-safe derivative/integrability and final exponent rewrite inputs still open. No fake closures, status drift, hidden assumptions, source-index-only drift, or SLT promotion found."
333,2026-05-25 14:37:15,20260525-141054-155782-ASTIS-SALD-001-cycle31-40_reviewer,ASTIS-SALD-001,reviewer,attempt,accepted,not-run,runs/20260525-141054-155782-ASTIS-SALD-001-cycle31/40_reviewer.md,,External agent command exit code 0.
334,2026-05-25 14:37:24,20260525-141054-155782-ASTIS-SALD-001-cycle31-build-gate,ASTIS-SALD-001,reviewer,build,compiled,pass,runs/20260525-141054-155782-ASTIS-SALD-001-cycle31,,Cycle build gate.
335,2026-05-25 14:37:24,20260525-143724-852971-ASTIS-SALD-001-cycle32-prompt-deck,ASTIS-SALD-001,upper,plan,queued,not-run,runs/20260525-143724-852971-ASTIS-SALD-001-cycle32,runs/20260525-143724-852971-ASTIS-SALD-001-cycle32/10_upper_director.md;runs/20260525-143724-852971-ASTIS-SALD-001-cycle32/20_middle_formalizer.md;runs/20260525-143724-852971-ASTIS-SALD-001-cycle32/30_lower_1.md;runs/20260525-143724-852971-ASTIS-SALD-001-cycle32/40_reviewer.md;runs/20260525-143724-852971-ASTIS-SALD-001-cycle32/00_context.md;runs/20260525-143724-852971-ASTIS-SALD-001-cycle32/dialogue.md,Created prompt deck with 1 lower agent(s).
336,2026-05-25 14:43:53,20260525-144353-426007-ASTIS-SALD-001-upper-handoff,ASTIS-SALD-001,upper,handoff,queued,pass,runs/20260525-143724-852971-ASTIS-SALD-001-cycle32,AutoSamplingTheory/Probability.lean;AutoSamplingTheory/SALD.lean;conversion-windows/ASTIS-SALD-001.md;proof-obligations/ASTIS-SALD-001.md;research-wiki/cited-results/Boucheron_DV.md;research-wiki/cited-results/SLT_reuse_audit.md;runs/20260525-143724-852971-ASTIS-SALD-001-cycle32/dialogue.md,"Cycle 32 upper selected proof-closure priority item 2 lem:dv_variation after checking the required order; added source-cited DV interface data for appendix.tex:73-79 and Boucheron Cor. 4.15 without formalizing DV; lower should check Mathlib entropy-duality first, otherwise refine same-space/measurable-test/finite-log-mgf/supremum/one-sided-use interfaces only. Conversion window, obligations, cited-results audit, and dialogue synchronized; python3 tools/astis.py check passed."
337,2026-05-25 14:44:48,20260525-143724-852971-ASTIS-SALD-001-cycle32-10_upper_director,ASTIS-SALD-001,upper,attempt,accepted,not-run,runs/20260525-143724-852971-ASTIS-SALD-001-cycle32/10_upper_director.md,,External agent command exit code 0.
338,2026-05-25 14:53:12,20260525-145312-583261-ASTIS-SALD-001-middle-handoff,ASTIS-SALD-001,middle,handoff,queued,not-run,runs/20260525-143724-852971-ASTIS-SALD-001-cycle32,,Cycle 32 middle added a compiled DV one-sided scalar bridge and middle source-to-Lean audit while keeping the full Donsker-Varadhan formula source-cited; source-index ASTIS-SALD-001 and python3 tools/astis.py check passed.
339,2026-05-25 14:53:45,20260525-143724-852971-ASTIS-SALD-001-cycle32-20_middle_formalizer,ASTIS-SALD-001,middle,attempt,accepted,not-run,runs/20260525-143724-852971-ASTIS-SALD-001-cycle32/20_middle_formalizer.md,,External agent command exit code 0.
340,2026-05-25 14:59:27,20260525-145927-865308-ASTIS-SALD-001-lower-handoff,ASTIS-SALD-001,lower,handoff,queued,not-run,runs/20260525-143724-852971-ASTIS-SALD-001-cycle32,,"Cycle 32 lower added compiled scalar DV supremum bridge AutoSamplingTheory.dvVariationalOneSidedFromSupremumScalar, synchronized SALD lower obligation plus conversion/proof/cited-result ledgers, kept lem:dv_variation sourceCited, and passed source-index plus python3 tools/astis.py check."
341,2026-05-25 14:59:55,20260525-143724-852971-ASTIS-SALD-001-cycle32-30_lower_1,ASTIS-SALD-001,lower,attempt,accepted,not-run,runs/20260525-143724-852971-ASTIS-SALD-001-cycle32/30_lower_1.md,,External agent command exit code 0.
342,2026-05-25 15:02:11,20260525-150211-676871-ASTIS-SALD-001-reviewer-handoff,ASTIS-SALD-001,reviewer,handoff,queued,not-run,runs/20260525-143724-852971-ASTIS-SALD-001-cycle32,,Reviewer accepted cycle 32. source-index ASTIS-SALD-001 and python3 tools/astis.py check passed; lem:dv_variation remains Boucheron-source-cited with only scalar DV consequence bridges formalized and all analytic/admissibility witnesses explicit.
343,2026-05-25 15:02:29,20260525-143724-852971-ASTIS-SALD-001-cycle32-40_reviewer,ASTIS-SALD-001,reviewer,attempt,accepted,not-run,runs/20260525-143724-852971-ASTIS-SALD-001-cycle32/40_reviewer.md,,External agent command exit code 0.
344,2026-05-25 15:02:38,20260525-143724-852971-ASTIS-SALD-001-cycle32-build-gate,ASTIS-SALD-001,reviewer,build,compiled,pass,runs/20260525-143724-852971-ASTIS-SALD-001-cycle32,,Cycle build gate.
345,2026-05-25 15:02:38,20260525-150238-564441-ASTIS-SALD-001-cycle33-prompt-deck,ASTIS-SALD-001,upper,plan,queued,not-run,runs/20260525-150238-564441-ASTIS-SALD-001-cycle33,runs/20260525-150238-564441-ASTIS-SALD-001-cycle33/10_upper_director.md;runs/20260525-150238-564441-ASTIS-SALD-001-cycle33/20_middle_formalizer.md;runs/20260525-150238-564441-ASTIS-SALD-001-cycle33/30_lower_1.md;runs/20260525-150238-564441-ASTIS-SALD-001-cycle33/40_reviewer.md;runs/20260525-150238-564441-ASTIS-SALD-001-cycle33/00_context.md;runs/20260525-150238-564441-ASTIS-SALD-001-cycle33/dialogue.md,Created prompt deck with 1 lower agent(s).
346,2026-05-25 15:07:46,20260525-150746-586601-ASTIS-SALD-001-upper-handoff,ASTIS-SALD-001,upper,handoff,queued,not-run,runs/20260525-150238-564441-ASTIS-SALD-001-cycle33,conversion-windows/ASTIS-SALD-001.md;proof-obligations/ASTIS-SALD-001.md;runs/20260525-150238-564441-ASTIS-SALD-001-cycle33/90_handoff.md;runs/20260525-150238-564441-ASTIS-SALD-001-cycle33/dialogue.md,"Cycle 33 upper selected proof-closure item 3 eq:LSI-KL-FI; lower should prove the first sqrt-density density/test-function handoff for phi=sqrt(r) before FI chain-rule work. Synchronized conversion window, proof obligations, run handoff, and dialogue; python3 tools/astis.py check passed."
347,2026-05-25 15:08:25,20260525-150238-564441-ASTIS-SALD-001-cycle33-10_upper_director,ASTIS-SALD-001,upper,attempt,accepted,not-run,runs/20260525-150238-564441-ASTIS-SALD-001-cycle33/10_upper_director.md,,External agent command exit code 0.
348,2026-05-25 15:15:40,20260525-151540-025742-ASTIS-SALD-001-middle-handoff,ASTIS-SALD-001,middle,handoff,queued,not-run,runs/20260525-150238-564441-ASTIS-SALD-001-cycle33,,"Cycle 33 middle added compiled LSI/KL/FI density-test scalar lemmas for phi=sqrt(r), synchronized SALD cycle33 obligation and ledgers, kept eq:LSI-KL-FI/probability.lsi_to_kl_fi open, and passed source-index plus python3 tools/astis.py check."
349,2026-05-25 15:16:45,20260525-150238-564441-ASTIS-SALD-001-cycle33-20_middle_formalizer,ASTIS-SALD-001,middle,attempt,accepted,not-run,runs/20260525-150238-564441-ASTIS-SALD-001-cycle33/20_middle_formalizer.md,,External agent command exit code 0.
350,2026-05-25 15:26:33,20260525-152633-057688-ASTIS-SALD-001-lower-handoff,ASTIS-SALD-001,lower,handoff,queued,not-run,runs/20260525-150238-564441-ASTIS-SALD-001-cycle33,,Cycle 33 lower added SALD.lsiKlFiDensityTestBridgeScalar and SALD.cycle33LsiKlFiDensityTestLowerObligation for the LSI/KL/FI density-test scalar bridge; source-index ASTIS-SALD-001 and python3 tools/astis.py check passed.
351,2026-05-25 15:27:27,20260525-150238-564441-ASTIS-SALD-001-cycle33-30_lower_1,ASTIS-SALD-001,lower,attempt,accepted,not-run,runs/20260525-150238-564441-ASTIS-SALD-001-cycle33/30_lower_1.md,,External agent command exit code 0.
352,2026-05-25 15:29:33,20260525-152933-542916-ASTIS-SALD-001-reviewer-handoff,ASTIS-SALD-001,reviewer,handoff,queued,not-run,runs/20260525-150238-564441-ASTIS-SALD-001-cycle33,,Reviewer accepted cycle 33: source-index and ASTIS check passed; LSI/KL/FI scalar proof slices compile without promoting the full analytic bridge; no fake closures or SLT port-status drift found.
353,2026-05-25 15:29:48,20260525-152948-853520-ASTIS-SALD-001-reviewer-build,ASTIS-SALD-001,reviewer,build,compiled,pass,runs/20260525-150238-564441-ASTIS-SALD-001-cycle33,,Cycle 33 reviewer build gate: python3 tools/astis.py check passed after source-index ASTIS-SALD-001.
354,2026-05-25 15:30:18,20260525-150238-564441-ASTIS-SALD-001-cycle33-40_reviewer,ASTIS-SALD-001,reviewer,attempt,accepted,not-run,runs/20260525-150238-564441-ASTIS-SALD-001-cycle33/40_reviewer.md,,External agent command exit code 0.
355,2026-05-25 15:30:27,20260525-150238-564441-ASTIS-SALD-001-cycle33-build-gate,ASTIS-SALD-001,reviewer,build,compiled,pass,runs/20260525-150238-564441-ASTIS-SALD-001-cycle33,,Cycle build gate.
356,2026-05-25 15:30:27,20260525-153027-137825-ASTIS-SALD-001-cycle34-prompt-deck,ASTIS-SALD-001,upper,plan,queued,not-run,runs/20260525-153027-137825-ASTIS-SALD-001-cycle34,runs/20260525-153027-137825-ASTIS-SALD-001-cycle34/10_upper_director.md;runs/20260525-153027-137825-ASTIS-SALD-001-cycle34/20_middle_formalizer.md;runs/20260525-153027-137825-ASTIS-SALD-001-cycle34/30_lower_1.md;runs/20260525-153027-137825-ASTIS-SALD-001-cycle34/40_reviewer.md;runs/20260525-153027-137825-ASTIS-SALD-001-cycle34/00_context.md;runs/20260525-153027-137825-ASTIS-SALD-001-cycle34/dialogue.md,Created prompt deck with 1 lower agent(s).
357,2026-05-25 15:40:20,20260525-154020-659335-ASTIS-SALD-001-upper-handoff,ASTIS-SALD-001,upper,handoff,queued,not-run,runs/20260525-153027-137825-ASTIS-SALD-001-cycle34,,"Cycle 34 upper added compiled forward-KL derivative scalar handoffs for appendix.tex:168-217, wired the cycle34 derivative scalar obligation/DAG/dependencies, synchronized ledgers, and passed source-index plus python3 tools/astis.py check."
358,2026-05-25 15:40:43,20260525-153027-137825-ASTIS-SALD-001-cycle34-10_upper_director,ASTIS-SALD-001,upper,attempt,accepted,not-run,runs/20260525-153027-137825-ASTIS-SALD-001-cycle34/10_upper_director.md,,External agent command exit code 0.
359,2026-05-25 15:49:38,20260525-154938-545659-ASTIS-SALD-001-middle-handoff,ASTIS-SALD-001,middle,handoff,queued,not-run,runs/20260525-153027-137825-ASTIS-SALD-001-cycle34,,Cycle 34 middle compiled SALD.forwardKlTimeChangedDerivativeBoundScalar for forward-KL appendix.tex:218-228 and synchronized SALD.cycle34ForwardKlDerivativeMiddleContract plus ledgers; source-index ASTIS-SALD-001 and ASTIS check passed.
360,2026-05-25 15:50:07,20260525-153027-137825-ASTIS-SALD-001-cycle34-20_middle_formalizer,ASTIS-SALD-001,middle,attempt,accepted,not-run,runs/20260525-153027-137825-ASTIS-SALD-001-cycle34/20_middle_formalizer.md,,External agent command exit code 0.
361,2026-05-25 15:57:26,20260525-155726-777535-ASTIS-SALD-001-lower-handoff,ASTIS-SALD-001,lower,handoff,queued,not-run,runs/20260525-153027-137825-ASTIS-SALD-001-cycle34,,"Cycle 34 lower proof-producing slice: added SALD.forwardKlTargetTransportYoungBoundScalar and SALD.forwardKlPostYoungDerivativeBoundOfCauchyScalar for appendix.tex:199-208 target-side Cauchy-Young bookkeeping; registered sald.forward_kl.cycle34_target_young_lower and kept analytic transport/Cauchy, KL derivative, LSI, time-change, DV, and Gronwall as obligations. source-index ASTIS-SALD-001 and python3 tools/astis.py check passed."
362,2026-05-25 15:57:51,20260525-153027-137825-ASTIS-SALD-001-cycle34-30_lower_1,ASTIS-SALD-001,lower,attempt,accepted,not-run,runs/20260525-153027-137825-ASTIS-SALD-001-cycle34/30_lower_1.md,,External agent command exit code 0.
363,2026-05-25 15:59:40,20260525-155940-756571-ASTIS-SALD-001-reviewer-handoff,ASTIS-SALD-001,reviewer,handoff,queued,not-run,runs/20260525-153027-137825-ASTIS-SALD-001-cycle34,,"Reviewer accepted cycle 34: source-index ASTIS-SALD-001 and python3 tools/astis.py check passed. Cycle 34 forward-KL scalar lemmas compile and are faithful to appendix.tex:168-228 without promoting analytic KL derivative, Fokker-Planck, integration by parts, target Cauchy, LSI, schedule time-change, DV, or Gronwall obligations; no fake closures or SLT drift found."
364,2026-05-25 15:59:59,20260525-155959-959396-ASTIS-SALD-001-reviewer-build,ASTIS-SALD-001,reviewer,build,compiled,pass,runs/20260525-153027-137825-ASTIS-SALD-001-cycle34,,Cycle 34 reviewer gate: source-index ASTIS-SALD-001 refreshed 103 declarations; python3 tools/astis.py check passed after Lake build and Tests build.
365,2026-05-25 16:00:13,20260525-153027-137825-ASTIS-SALD-001-cycle34-40_reviewer,ASTIS-SALD-001,reviewer,attempt,accepted,not-run,runs/20260525-153027-137825-ASTIS-SALD-001-cycle34/40_reviewer.md,,External agent command exit code 0.
366,2026-05-25 16:00:22,20260525-153027-137825-ASTIS-SALD-001-cycle34-build-gate,ASTIS-SALD-001,reviewer,build,compiled,pass,runs/20260525-153027-137825-ASTIS-SALD-001-cycle34,,Cycle build gate.
367,2026-05-25 16:00:22,20260525-160022-322532-ASTIS-SALD-001-cycle35-prompt-deck,ASTIS-SALD-001,upper,plan,queued,not-run,runs/20260525-160022-322532-ASTIS-SALD-001-cycle35,runs/20260525-160022-322532-ASTIS-SALD-001-cycle35/10_upper_director.md;runs/20260525-160022-322532-ASTIS-SALD-001-cycle35/20_middle_formalizer.md;runs/20260525-160022-322532-ASTIS-SALD-001-cycle35/30_lower_1.md;runs/20260525-160022-322532-ASTIS-SALD-001-cycle35/40_reviewer.md;runs/20260525-160022-322532-ASTIS-SALD-001-cycle35/00_context.md;runs/20260525-160022-322532-ASTIS-SALD-001-cycle35/dialogue.md,Created prompt deck with 1 lower agent(s).
368,2026-05-25 16:08:17,20260525-160817-504744-ASTIS-SALD-001-upper-handoff,ASTIS-SALD-001,upper,handoff,queued,not-run,runs/20260525-160022-322532-ASTIS-SALD-001-cycle35,,Cycle 35 upper selected proof-closure item (5) EM interpolation Fokker--Planck backend for appendix.tex:260-385; added SALD.cycle35DiscreteForwardKlEmFpUpperPacket / SALD.cycle35DiscreteForwardKlEmFpUpperObligation and synchronized ledgers. source-index ASTIS-SALD-001 and ASTIS check passed.
369,2026-05-25 16:08:48,20260525-160022-322532-ASTIS-SALD-001-cycle35-10_upper_director,ASTIS-SALD-001,upper,attempt,accepted,not-run,runs/20260525-160022-322532-ASTIS-SALD-001-cycle35/10_upper_director.md,,External agent command exit code 0.
370,2026-05-25 16:17:37,20260525-161737-988636-ASTIS-SALD-001-middle-handoff,ASTIS-SALD-001,middle,handoff,queued,not-run,runs/20260525-160022-322532-ASTIS-SALD-001-cycle35,,"Cycle 35 middle added compiled endpoint-vector and divergence-regrouping algebra for appendix.tex:260-385 EM interpolation FP backend; synchronized conversion window, proof obligations, SLT audit, DAG/dependencies, and kept analytic endpoint/conditional-FP backends as obligations. source-index ASTIS-SALD-001 and ASTIS check passed."
371,2026-05-25 16:17:59,20260525-160022-322532-ASTIS-SALD-001-cycle35-20_middle_formalizer,ASTIS-SALD-001,middle,attempt,accepted,not-run,runs/20260525-160022-322532-ASTIS-SALD-001-cycle35/20_middle_formalizer.md,,External agent command exit code 0.
372,2026-05-25 16:25:04,20260525-162504-333152-ASTIS-SALD-001-lower-handoff,ASTIS-SALD-001,lower,handoff,queued,not-run,runs/20260525-160022-322532-ASTIS-SALD-001-cycle35,,"Cycle 35 lower compiled SALD.discreteForwardKlConditionalFpLaplacianSplitHandoff for appendix.tex:357-385 and synchronized the cycle35 EM-FP lower obligation/DAG/docs; analytic conditional drift density, conditional-FP theorem, Laplacian chain rule, KL integration by parts, endpoint stitching, LSI, DV, Gronwall, and accumulated-error collection remain obligations. source-index ASTIS-SALD-001 and ASTIS check passed."
373,2026-05-25 16:25:31,20260525-160022-322532-ASTIS-SALD-001-cycle35-30_lower_1,ASTIS-SALD-001,lower,attempt,accepted,not-run,runs/20260525-160022-322532-ASTIS-SALD-001-cycle35/30_lower_1.md,,External agent command exit code 0.
374,2026-05-25 16:27:35,20260525-162735-547148-ASTIS-SALD-001-reviewer-handoff,ASTIS-SALD-001,reviewer,handoff,queued,not-run,runs/20260525-160022-322532-ASTIS-SALD-001-cycle35,,"Reviewer accepted cycle 35: source-index refreshed 103 declarations and ASTIS check passed. Cycle 35 EM interpolation endpoint/vector and conditional-FP regrouping Lean lemmas are local algebra only; analytic FP, density, endpoint-law, integration-by-parts, stitched regularity, LSI, DV, Gronwall, and accumulated-error dependencies remain obligations. No fake proof closure, source drift, SLT promotion, or theorem-constant change found."
375,2026-05-25 16:27:51,20260525-160022-322532-ASTIS-SALD-001-cycle35-40_reviewer,ASTIS-SALD-001,reviewer,attempt,accepted,not-run,runs/20260525-160022-322532-ASTIS-SALD-001-cycle35/40_reviewer.md,,External agent command exit code 0.
376,2026-05-25 16:28:00,20260525-160022-322532-ASTIS-SALD-001-cycle35-build-gate,ASTIS-SALD-001,reviewer,build,compiled,pass,runs/20260525-160022-322532-ASTIS-SALD-001-cycle35,,Cycle build gate.
377,2026-05-25 16:28:00,20260525-162800-267685-ASTIS-SALD-001-cycle36-prompt-deck,ASTIS-SALD-001,upper,plan,queued,not-run,runs/20260525-162800-267685-ASTIS-SALD-001-cycle36,runs/20260525-162800-267685-ASTIS-SALD-001-cycle36/10_upper_director.md;runs/20260525-162800-267685-ASTIS-SALD-001-cycle36/20_middle_formalizer.md;runs/20260525-162800-267685-ASTIS-SALD-001-cycle36/30_lower_1.md;runs/20260525-162800-267685-ASTIS-SALD-001-cycle36/40_reviewer.md;runs/20260525-162800-267685-ASTIS-SALD-001-cycle36/00_context.md;runs/20260525-162800-267685-ASTIS-SALD-001-cycle36/dialogue.md,Created prompt deck with 1 lower agent(s).
378,2026-05-25 16:38:15,20260525-163815-571734-ASTIS-SALD-001-upper-handoff,ASTIS-SALD-001,upper,handoff,queued,not-run,runs/20260525-162800-267685-ASTIS-SALD-001-cycle36,,"Cycle 36 upper selected Gronwall proof-closure assembly for appendix.tex:47-71; synchronized Lean workflow packet, conversion window, proof-obligation ledger, and run handoff; no source-index rebaseline; ASTIS check passed."
379,2026-05-25 16:38:56,20260525-162800-267685-ASTIS-SALD-001-cycle36-10_upper_director,ASTIS-SALD-001,upper,attempt,accepted,not-run,runs/20260525-162800-267685-ASTIS-SALD-001-cycle36/10_upper_director.md,,External agent command exit code 0.
380,2026-05-25 16:51:59,20260525-165159-459655-ASTIS-SALD-001-middle-handoff,ASTIS-SALD-001,middle,handoff,queued,pass,runs/20260525-162800-267685-ASTIS-SALD-001-cycle36,AutoSamplingTheory/SALD.lean;Tests/Basic.lean;conversion-windows/ASTIS-SALD-001.md;proof-obligations/ASTIS-SALD-001.md;research-wiki/cited-results/SLT_reuse_audit.md;runs/20260525-162800-267685-ASTIS-SALD-001-cycle36/dialogue.md,"Cycle 36 middle compiled Gronwall global assembly under explicit Mathlib side conditions for appendix.tex:58-69, synchronized ledgers and tests, kept SALD.gronwallContract at obligation status, skipped source-index rebaseline because no source-anchor gap was found, and passed python3 tools/astis.py check."
381,2026-05-25 16:53:00,20260525-162800-267685-ASTIS-SALD-001-cycle36-20_middle_formalizer,ASTIS-SALD-001,middle,attempt,accepted,not-run,runs/20260525-162800-267685-ASTIS-SALD-001-cycle36/20_middle_formalizer.md,,External agent command exit code 0.
382,2026-05-25 17:02:19,20260525-170219-644542-ASTIS-SALD-001-lower-handoff,ASTIS-SALD-001,lower,handoff,queued,not-run,runs/20260525-162800-267685-ASTIS-SALD-001-cycle36,,Cycle 36 lower compiled continuous-data Gronwall wrapper for appendix.tex:47-71 and synchronized ledgers; gronwallContract remains obligation; ASTIS check passed.
383,2026-05-25 17:02:57,20260525-162800-267685-ASTIS-SALD-001-cycle36-30_lower_1,ASTIS-SALD-001,lower,attempt,accepted,not-run,runs/20260525-162800-267685-ASTIS-SALD-001-cycle36/30_lower_1.md,,External agent command exit code 0.
384,2026-05-25 17:05:19,20260525-170519-934242-ASTIS-SALD-001-reviewer-handoff,ASTIS-SALD-001,reviewer,handoff,queued,not-run,runs/20260525-162800-267685-ASTIS-SALD-001-cycle36,,"Reviewer accepted cycle 36: ASTIS check passed; Gronwall assembly lemmas compile under explicit side conditions; full lem:gronwall remains obligation pending endpoint-safe differentiability/derivative-witness bridge; no fake closure, source drift, sign assumption, status promotion, SLT promotion, or source-index rebaseline needed."
385,2026-05-25 17:06:05,20260525-170605-946808-ASTIS-SALD-001-reviewer-build,ASTIS-SALD-001,reviewer,build,compiled,pass,runs/20260525-162800-267685-ASTIS-SALD-001-cycle36,,Cycle 36 reviewer mandatory gate: python3 tools/astis.py check passed.
386,2026-05-25 17:06:27,20260525-162800-267685-ASTIS-SALD-001-cycle36-40_reviewer,ASTIS-SALD-001,reviewer,attempt,accepted,not-run,runs/20260525-162800-267685-ASTIS-SALD-001-cycle36/40_reviewer.md,,External agent command exit code 0.
387,2026-05-25 17:06:36,20260525-162800-267685-ASTIS-SALD-001-cycle36-build-gate,ASTIS-SALD-001,reviewer,build,compiled,pass,runs/20260525-162800-267685-ASTIS-SALD-001-cycle36,,Cycle build gate.
388,2026-05-25 17:06:36,20260525-170636-313093-ASTIS-SALD-001-cycle37-prompt-deck,ASTIS-SALD-001,upper,plan,queued,not-run,runs/20260525-170636-313093-ASTIS-SALD-001-cycle37,runs/20260525-170636-313093-ASTIS-SALD-001-cycle37/10_upper_director.md;runs/20260525-170636-313093-ASTIS-SALD-001-cycle37/20_middle_formalizer.md;runs/20260525-170636-313093-ASTIS-SALD-001-cycle37/30_lower_1.md;runs/20260525-170636-313093-ASTIS-SALD-001-cycle37/40_reviewer.md;runs/20260525-170636-313093-ASTIS-SALD-001-cycle37/00_context.md;runs/20260525-170636-313093-ASTIS-SALD-001-cycle37/dialogue.md,Created prompt deck with 1 lower agent(s).
389,2026-05-25 17:13:09,20260525-171309-260045-ASTIS-SALD-001-upper-handoff,ASTIS-SALD-001,upper,handoff,queued,pass,runs/20260525-170636-313093-ASTIS-SALD-001-cycle37,,"Cycle 37 upper selected proof-closure item (2), lem:dv_variation, after cycle 36 Gronwall assembly remained obligation pending endpoint-safe differentiability. Added SALD.cycle37DvVariationUpperPacket and SALD.cycle37DvVariationUpperObligation, synchronized proof-obligations, conversion-window, and SLT audit; lower target is a single Mathlib-shaped or source-cited DV theorem interface around appendix.tex:73-79/Boucheron Cor. 4.15. DV stays sourceCited; no SLT import, source-index rebaseline, hidden assumptions, or theorem-status promotion. python3 tools/astis.py check passed."
390,2026-05-25 17:13:35,20260525-170636-313093-ASTIS-SALD-001-cycle37-10_upper_director,ASTIS-SALD-001,upper,attempt,accepted,not-run,runs/20260525-170636-313093-ASTIS-SALD-001-cycle37/10_upper_director.md,,External agent command exit code 0.
391,2026-05-25 17:23:21,20260525-172321-703749-ASTIS-SALD-001-middle-handoff,ASTIS-SALD-001,middle,handoff,queued,not-run,runs/20260525-170636-313093-ASTIS-SALD-001-cycle37,,Cycle 37 middle compiled one-sided tilted-measure DV backend AutoSamplingTheory.dvVariationalOneSidedOfTiltedRight for appendix.tex:73-79; full DV supremum equality remains source-cited; ledgers synchronized; ASTIS check passed.
392,2026-05-25 17:24:08,20260525-170636-313093-ASTIS-SALD-001-cycle37-20_middle_formalizer,ASTIS-SALD-001,middle,attempt,accepted,not-run,runs/20260525-170636-313093-ASTIS-SALD-001-cycle37/20_middle_formalizer.md,,External agent command exit code 0.
393,2026-05-25 17:29:45,20260525-172945-847382-ASTIS-SALD-001-lower-handoff,ASTIS-SALD-001,lower,handoff,queued,not-run,runs/20260525-170636-313093-ASTIS-SALD-001-cycle37,,"Cycle 37 lower compiled AutoSamplingTheory.dvVariationalTiltedRightOneSidedConsequence, composing the Mathlib tilted one-sided DV backend with the scalar rearrangement to obtain E_nu[Z] <= KL(nu||mu)+log E_mu[exp Z] under explicit selected-test hypotheses; synchronized SALD lower obligation and ledgers; DV supremum equality remains sourceCited; ASTIS check passed."
394,2026-05-25 17:30:10,20260525-170636-313093-ASTIS-SALD-001-cycle37-30_lower_1,ASTIS-SALD-001,lower,attempt,accepted,not-run,runs/20260525-170636-313093-ASTIS-SALD-001-cycle37/30_lower_1.md,,External agent command exit code 0.
395,2026-05-25 17:32:30,20260525-173230-044205-ASTIS-SALD-001-reviewer-handoff,ASTIS-SALD-001,reviewer,handoff,queued,not-run,runs/20260525-170636-313093-ASTIS-SALD-001-cycle37,,"Reviewer accepted cycle 37: python3 tools/astis.py check passed; one-sided DV tilted backend and consequence compile under explicit hypotheses; full Boucheron Cor. 4.15 supremum equality remains sourceCited through SALD.dvContract/probability.dv_variational_formula; no fake closure, source drift, hidden theorem-assumption promotion, SLT import, or status promotion found."
396,2026-05-25 17:32:56,20260525-170636-313093-ASTIS-SALD-001-cycle37-40_reviewer,ASTIS-SALD-001,reviewer,attempt,accepted,not-run,runs/20260525-170636-313093-ASTIS-SALD-001-cycle37/40_reviewer.md,,External agent command exit code 0.
397,2026-05-25 17:33:05,20260525-170636-313093-ASTIS-SALD-001-cycle37-build-gate,ASTIS-SALD-001,reviewer,build,compiled,pass,runs/20260525-170636-313093-ASTIS-SALD-001-cycle37,,Cycle build gate.
398,2026-05-25 17:33:05,20260525-173305-586747-ASTIS-SALD-001-cycle38-prompt-deck,ASTIS-SALD-001,upper,plan,queued,not-run,runs/20260525-173305-586747-ASTIS-SALD-001-cycle38,runs/20260525-173305-586747-ASTIS-SALD-001-cycle38/10_upper_director.md;runs/20260525-173305-586747-ASTIS-SALD-001-cycle38/20_middle_formalizer.md;runs/20260525-173305-586747-ASTIS-SALD-001-cycle38/30_lower_1.md;runs/20260525-173305-586747-ASTIS-SALD-001-cycle38/40_reviewer.md;runs/20260525-173305-586747-ASTIS-SALD-001-cycle38/00_context.md;runs/20260525-173305-586747-ASTIS-SALD-001-cycle38/dialogue.md,Created prompt deck with 1 lower agent(s).
399,2026-05-25 17:39:39,20260525-173939-937428-ASTIS-SALD-001-upper-handoff,ASTIS-SALD-001,upper,handoff,queued,pass,runs/20260525-173305-586747-ASTIS-SALD-001-cycle38,,Cycle 38 upper selected eq:LSI-KL-FI proof-closure packet for main_body.tex:202-215; lower target is Fisher chain-rule/admissibility bridge after cycle33 sqrt-density scalar helpers; ASTIS check passed.
400,2026-05-25 17:40:13,20260525-173305-586747-ASTIS-SALD-001-cycle38-10_upper_director,ASTIS-SALD-001,upper,attempt,accepted,not-run,runs/20260525-173305-586747-ASTIS-SALD-001-cycle38/10_upper_director.md,,External agent command exit code 0.
401,2026-05-25 17:49:02,20260525-174902-332467-ASTIS-SALD-001-middle-handoff,ASTIS-SALD-001,middle,handoff,queued,not-run,runs/20260525-173305-586747-ASTIS-SALD-001-cycle38,,"Cycle 38 middle compiled scalar LSI/KL/FI Fisher-chain progress for main_body.tex:208-215: positive-density sqrt/log derivative coefficient, named derivative wrapper, displayed KL/FI to half-Fisher handoff, and density-test half-Fisher composition. Synchronized ledgers and tests; source-index and ASTIS check passed; full vector/integral LSI-to-KL/FI backend remains obligation."
402,2026-05-25 17:49:34,20260525-173305-586747-ASTIS-SALD-001-cycle38-20_middle_formalizer,ASTIS-SALD-001,middle,attempt,accepted,not-run,runs/20260525-173305-586747-ASTIS-SALD-001-cycle38/20_middle_formalizer.md,,External agent command exit code 0.
403,2026-05-25 17:57:57,20260525-175757-497871-ASTIS-SALD-001-lower-handoff,ASTIS-SALD-001,lower,handoff,queued,not-run,runs/20260525-173305-586747-ASTIS-SALD-001-cycle38,,Cycle 38 lower compiled finite-coordinate LSI/KL/FI Fisher-chain handoff lemmas for main_body.tex:208-215; synchronized ledgers; source-index and ASTIS check passed; full LSI-to-KL/FI backend remains obligation.
404,2026-05-25 17:58:24,20260525-173305-586747-ASTIS-SALD-001-cycle38-30_lower_1,ASTIS-SALD-001,lower,attempt,accepted,not-run,runs/20260525-173305-586747-ASTIS-SALD-001-cycle38/30_lower_1.md,,External agent command exit code 0.
405,2026-05-25 18:00:59,20260525-180059-430042-ASTIS-SALD-001-reviewer-handoff,ASTIS-SALD-001,reviewer,handoff,queued,not-run,runs/20260525-173305-586747-ASTIS-SALD-001-cycle38,,"Reviewer accepted cycle 38: source-index audit passed, ASTIS check passed, LSI/KL/FI scalar and finite-coordinate Fisher-chain sublemmas compile; full density-test LSI-to-KL/FI remains obligation; no fake closure, source drift, hidden theorem-assumption promotion, SLT import, or status promotion found."
406,2026-05-25 18:01:21,20260525-173305-586747-ASTIS-SALD-001-cycle38-40_reviewer,ASTIS-SALD-001,reviewer,attempt,accepted,not-run,runs/20260525-173305-586747-ASTIS-SALD-001-cycle38/40_reviewer.md,,External agent command exit code 0.
407,2026-05-25 18:01:30,20260525-173305-586747-ASTIS-SALD-001-cycle38-build-gate,ASTIS-SALD-001,reviewer,build,compiled,pass,runs/20260525-173305-586747-ASTIS-SALD-001-cycle38,,Cycle build gate.
408,2026-05-25 18:01:30,20260525-180130-544800-ASTIS-SALD-001-cycle39-prompt-deck,ASTIS-SALD-001,upper,plan,queued,not-run,runs/20260525-180130-544800-ASTIS-SALD-001-cycle39,runs/20260525-180130-544800-ASTIS-SALD-001-cycle39/10_upper_director.md;runs/20260525-180130-544800-ASTIS-SALD-001-cycle39/20_middle_formalizer.md;runs/20260525-180130-544800-ASTIS-SALD-001-cycle39/30_lower_1.md;runs/20260525-180130-544800-ASTIS-SALD-001-cycle39/40_reviewer.md;runs/20260525-180130-544800-ASTIS-SALD-001-cycle39/00_context.md;runs/20260525-180130-544800-ASTIS-SALD-001-cycle39/dialogue.md,Created prompt deck with 1 lower agent(s).
409,2026-05-25 18:09:41,20260525-180941-629560-ASTIS-SALD-001-upper-handoff,ASTIS-SALD-001,upper,handoff,queued,not-run,runs/20260525-180130-544800-ASTIS-SALD-001-cycle39,,"Cycle 39 upper selected forward-KL derivative proof-closure item (4) after explicit priority check; added SALD.forwardKlPreDvDerivativeBoundScalar plus cycle39 upper packet/obligation and synchronized conversion window, proof obligations, and SLT audit. Lower should target scalar pipeline verification, then density_boundary_regular, then schedule_time_change; source-index and ASTIS check passed."
410,2026-05-25 18:10:24,20260525-180130-544800-ASTIS-SALD-001-cycle39-10_upper_director,ASTIS-SALD-001,upper,attempt,accepted,not-run,runs/20260525-180130-544800-ASTIS-SALD-001-cycle39/10_upper_director.md,,External agent command exit code 0.
411,2026-05-25 18:22:14,20260525-182214-264457-ASTIS-SALD-001-middle-handoff,ASTIS-SALD-001,middle,handoff,queued,not-run,runs/20260525-180130-544800-ASTIS-SALD-001-cycle39,,"Cycle 39 middle compiled source-shaped scalar schedule/velocity handoffs for forward-KL derivative appendix.tex:168-228; synchronized Lean DAG/dependencies, conversion window, proof obligations, SLT audit, and source-index; ASTIS check passed. Remaining analytic backends stay obligations."
412,2026-05-25 18:22:54,20260525-180130-544800-ASTIS-SALD-001-cycle39-20_middle_formalizer,ASTIS-SALD-001,middle,attempt,accepted,not-run,runs/20260525-180130-544800-ASTIS-SALD-001-cycle39/20_middle_formalizer.md,,External agent command exit code 0.
413,2026-05-25 18:31:13,20260525-183113-928982-ASTIS-SALD-001-lower-handoff,ASTIS-SALD-001,lower,handoff,queued,not-run,runs/20260525-180130-544800-ASTIS-SALD-001-cycle39,,"Cycle 39 lower compiled source-shaped forward-KL derivative scalar handoffs for appendix.tex:210-228: SALD.forwardKlLsiDerivativeBoundOfKlFiScalar and SALD.forwardKlPreDvDerivativeBoundOfKlFiVelocityScalingScalar. Synchronized conversion/proof-obligation/SLT notes and Lean dependency wiring. source-index and ASTIS check passed; analytic KL derivative, LSI backend, schedule calculus, DV, Gronwall, and EM interpolation remain obligations."
414,2026-05-25 18:32:14,20260525-180130-544800-ASTIS-SALD-001-cycle39-30_lower_1,ASTIS-SALD-001,lower,attempt,accepted,not-run,runs/20260525-180130-544800-ASTIS-SALD-001-cycle39/30_lower_1.md,,External agent command exit code 0.
415,2026-05-25 18:34:49,20260525-183449-456144-ASTIS-SALD-001-reviewer-build,ASTIS-SALD-001,reviewer,build,compiled,pass,runs/20260525-180130-544800-ASTIS-SALD-001-cycle39,,Cycle 39 reviewer gate: source-index regenerated 103 SALD declarations; python3 tools/astis.py check passed.
416,2026-05-25 18:35:01,20260525-183501-239695-ASTIS-SALD-001-reviewer-handoff,ASTIS-SALD-001,reviewer,handoff,queued,not-run,runs/20260525-180130-544800-ASTIS-SALD-001-cycle39,,"Reviewer accepted cycle 39: source-index and ASTIS check passed; scalar forward-KL derivative handoffs compile; analytic KL derivative, density/boundary, schedule-time-change, LSI, DV, Gronwall, endpoint, and EM obligations remain explicit; no fake closure, status promotion, source drift, SLT import, or proof-closure discipline issue found."
417,2026-05-25 18:35:17,20260525-180130-544800-ASTIS-SALD-001-cycle39-40_reviewer,ASTIS-SALD-001,reviewer,attempt,accepted,not-run,runs/20260525-180130-544800-ASTIS-SALD-001-cycle39/40_reviewer.md,,External agent command exit code 0.
418,2026-05-25 18:35:26,20260525-180130-544800-ASTIS-SALD-001-cycle39-build-gate,ASTIS-SALD-001,reviewer,build,compiled,pass,runs/20260525-180130-544800-ASTIS-SALD-001-cycle39,,Cycle build gate.
419,2026-05-25 18:35:26,20260525-183526-365387-ASTIS-SALD-001-cycle40-prompt-deck,ASTIS-SALD-001,upper,plan,queued,not-run,runs/20260525-183526-365387-ASTIS-SALD-001-cycle40,runs/20260525-183526-365387-ASTIS-SALD-001-cycle40/10_upper_director.md;runs/20260525-183526-365387-ASTIS-SALD-001-cycle40/20_middle_formalizer.md;runs/20260525-183526-365387-ASTIS-SALD-001-cycle40/30_lower_1.md;runs/20260525-183526-365387-ASTIS-SALD-001-cycle40/40_reviewer.md;runs/20260525-183526-365387-ASTIS-SALD-001-cycle40/00_context.md;runs/20260525-183526-365387-ASTIS-SALD-001-cycle40/dialogue.md,Created prompt deck with 1 lower agent(s).
420,2026-05-25 18:38:43,20260525-183843-682577-ASTIS-SALD-001-upper-handoff,ASTIS-SALD-001,upper,handoff,queued,not-run,runs/20260525-183526-365387-ASTIS-SALD-001-cycle40,,"Cycle 40 upper selected EM interpolation Fokker-Planck item (5) after explicit proof-closure order check; recorded upper decision in 90_handoff.md and dialogue. Lower target: proof-producing endpoint-law or conditional-drift density/interface lemma, with any full conditional-drift Fokker-Planck theorem kept source-cited below formalized status if too large. No source-index rebaseline; python3 tools/astis.py check passed."
421,2026-05-25 18:39:07,20260525-183526-365387-ASTIS-SALD-001-cycle40-10_upper_director,ASTIS-SALD-001,upper,attempt,accepted,not-run,runs/20260525-183526-365387-ASTIS-SALD-001-cycle40/10_upper_director.md,,External agent command exit code 0.
422,2026-05-25 18:47:58,20260525-184758-423442-ASTIS-SALD-001-middle-handoff,ASTIS-SALD-001,middle,handoff,queued,not-run,runs/20260525-183526-365387-ASTIS-SALD-001-cycle40,,"Cycle 40 middle compiled EM endpoint-law handoffs for appendix.tex:260-385 and synchronized Lean/docs; source-index and ASTIS check passed. Remaining analytic EM endpoint, conditional drift density, conditional-FP, KL derivative, LSI, DV, and Gronwall backends stay obligations."
423,2026-05-25 18:48:41,20260525-183526-365387-ASTIS-SALD-001-cycle40-20_middle_formalizer,ASTIS-SALD-001,middle,attempt,accepted,not-run,runs/20260525-183526-365387-ASTIS-SALD-001-cycle40/20_middle_formalizer.md,,External agent command exit code 0.
424,2026-05-25 18:56:15,20260525-185615-092562-ASTIS-SALD-001-lower-handoff,ASTIS-SALD-001,lower,handoff,queued,not-run,runs/20260525-183526-365387-ASTIS-SALD-001-cycle40,,Cycle 40 lower compiled SALD.discreteForwardKlEmEndpointLawPairHandoff for appendix.tex:260-266 / 334-335 endpoint laws under explicit named-law representation hypotheses; synchronized conversion/proof-obligation/SLT/DAG notes; source-index refreshed 103 declarations; python3 tools/astis.py check passed.
425,2026-05-25 18:56:38,20260525-183526-365387-ASTIS-SALD-001-cycle40-30_lower_1,ASTIS-SALD-001,lower,attempt,accepted,not-run,runs/20260525-183526-365387-ASTIS-SALD-001-cycle40/30_lower_1.md,,External agent command exit code 0.
426,2026-05-25 18:59:11,20260525-185911-883029-ASTIS-SALD-001-reviewer-handoff,ASTIS-SALD-001,reviewer,handoff,queued,not-run,runs/20260525-183526-365387-ASTIS-SALD-001-cycle40,,"Reviewer accepted cycle 40: source-index regenerated 103 SALD declarations; ASTIS check passed; compiled EM endpoint-law handoffs remain abstract/representation only; analytic endpoint, conditional drift density, conditional-FP, KL derivative, LSI, DV, and Gronwall obligations remain explicit; no fake closure, source drift, SLT promotion, or proof-closure discipline issue."
427,2026-05-25 18:59:21,20260525-185921-302459-ASTIS-SALD-001-reviewer-build,ASTIS-SALD-001,reviewer,build,compiled,not-run,runs/20260525-183526-365387-ASTIS-SALD-001-cycle40,,Cycle 40 reviewer gate: source-index regenerated 103 SALD declarations; python3 tools/astis.py check passed.
428,2026-05-25 18:59:40,20260525-183526-365387-ASTIS-SALD-001-cycle40-40_reviewer,ASTIS-SALD-001,reviewer,attempt,accepted,not-run,runs/20260525-183526-365387-ASTIS-SALD-001-cycle40/40_reviewer.md,,External agent command exit code 0.
429,2026-05-25 18:59:49,20260525-183526-365387-ASTIS-SALD-001-cycle40-build-gate,ASTIS-SALD-001,reviewer,build,compiled,pass,runs/20260525-183526-365387-ASTIS-SALD-001-cycle40,,Cycle build gate.
430,2026-05-25 18:59:49,20260525-185949-406461-ASTIS-SALD-001-cycle41-prompt-deck,ASTIS-SALD-001,upper,plan,queued,not-run,runs/20260525-185949-406461-ASTIS-SALD-001-cycle41,runs/20260525-185949-406461-ASTIS-SALD-001-cycle41/10_upper_director.md;runs/20260525-185949-406461-ASTIS-SALD-001-cycle41/20_middle_formalizer.md;runs/20260525-185949-406461-ASTIS-SALD-001-cycle41/30_lower_1.md;runs/20260525-185949-406461-ASTIS-SALD-001-cycle41/40_reviewer.md;runs/20260525-185949-406461-ASTIS-SALD-001-cycle41/00_context.md;runs/20260525-185949-406461-ASTIS-SALD-001-cycle41/dialogue.md,Created prompt deck with 1 lower agent(s).
431,2026-05-25 19:02:37,20260525-190237-288423-ASTIS-SALD-001-upper-handoff,ASTIS-SALD-001,upper,handoff,queued,pass,runs/20260525-185949-406461-ASTIS-SALD-001-cycle41,runs/20260525-185949-406461-ASTIS-SALD-001-cycle41/90_handoff.md;runs/20260525-185949-406461-ASTIS-SALD-001-cycle41/dialogue.md,"Cycle 41 upper selected proof-closure item 1, lem:gronwall appendix.tex:47-71; no source-index rebaseline; lower should attempt the endpoint-safe differentiability/absolute-continuity bridge to existing Gronwall helpers or record a precise source-cited calculus interface; ASTIS check passed."
432,2026-05-25 19:03:04,20260525-185949-406461-ASTIS-SALD-001-cycle41-10_upper_director,ASTIS-SALD-001,upper,attempt,accepted,not-run,runs/20260525-185949-406461-ASTIS-SALD-001-cycle41/10_upper_director.md,,External agent command exit code 0.
433,2026-05-25 19:10:22,20260525-191022-265807-ASTIS-SALD-001-middle-handoff,ASTIS-SALD-001,middle,handoff,queued,not-run,runs/20260525-185949-406461-ASTIS-SALD-001-cycle41,,Cycle 41 middle compiled source-facing Gronwall deriv K wrappers for appendix.tex:47-71; conversion window and proof-obligation ledger updated; python3 tools/astis.py check passed; full lem:gronwall still awaits endpoint-safe differentiability/FTC bridge.
434,2026-05-25 19:10:56,20260525-185949-406461-ASTIS-SALD-001-cycle41-20_middle_formalizer,ASTIS-SALD-001,middle,attempt,accepted,not-run,runs/20260525-185949-406461-ASTIS-SALD-001-cycle41/20_middle_formalizer.md,,External agent command exit code 0.
435,2026-05-25 19:20:18,20260525-192018-920011-ASTIS-SALD-001-lower-handoff,ASTIS-SALD-001,lower,handoff,queued,not-run,runs/20260525-185949-406461-ASTIS-SALD-001-cycle41,,"Cycle 41 lower compiled endpoint-safe Gronwall right-derivative FTC/order-integration bridge and interior C1 wrappers for appendix.tex:47-71; updated conversion window, proof obligations, SALD dependency metadata, and test count; python3 tools/astis.py check passed; gronwall contract remains obligation pending source differentiability interpretation."
436,2026-05-25 19:20:44,20260525-185949-406461-ASTIS-SALD-001-cycle41-30_lower_1,ASTIS-SALD-001,lower,attempt,accepted,not-run,runs/20260525-185949-406461-ASTIS-SALD-001-cycle41/30_lower_1.md,,External agent command exit code 0.
437,2026-05-25 19:22:59,20260525-192259-021050-ASTIS-SALD-001-reviewer-handoff,ASTIS-SALD-001,reviewer,handoff,queued,not-run,runs/20260525-185949-406461-ASTIS-SALD-001-cycle41,,"Reviewer accepted cycle 41: ASTIS check passed; Gronwall source-derivative and endpoint-safe bridge declarations compile as local proof-producing wrappers; full lem:gronwall remains obligation pending endpoint-safe differentiability/FTC interpretation; no fake closure, source drift, SLT promotion, or ledger-only discipline issue."
438,2026-05-25 19:23:16,20260525-192316-989641-ASTIS-SALD-001-reviewer-build,ASTIS-SALD-001,reviewer,build,compiled,pass,runs/20260525-185949-406461-ASTIS-SALD-001-cycle41,,"Cycle 41 reviewer gate: python3 tools/astis.py check passed after auditing Gronwall wrappers, source anchors, fake-proof scan, and SLT status."
439,2026-05-25 19:23:28,20260525-185949-406461-ASTIS-SALD-001-cycle41-40_reviewer,ASTIS-SALD-001,reviewer,attempt,accepted,not-run,runs/20260525-185949-406461-ASTIS-SALD-001-cycle41/40_reviewer.md,,External agent command exit code 0.
440,2026-05-25 19:23:37,20260525-185949-406461-ASTIS-SALD-001-cycle41-build-gate,ASTIS-SALD-001,reviewer,build,compiled,pass,runs/20260525-185949-406461-ASTIS-SALD-001-cycle41,,Cycle build gate.
441,2026-05-25 19:23:37,20260525-192337-839293-ASTIS-SALD-001-cycle42-prompt-deck,ASTIS-SALD-001,upper,plan,queued,not-run,runs/20260525-192337-839293-ASTIS-SALD-001-cycle42,runs/20260525-192337-839293-ASTIS-SALD-001-cycle42/10_upper_director.md;runs/20260525-192337-839293-ASTIS-SALD-001-cycle42/20_middle_formalizer.md;runs/20260525-192337-839293-ASTIS-SALD-001-cycle42/30_lower_1.md;runs/20260525-192337-839293-ASTIS-SALD-001-cycle42/40_reviewer.md;runs/20260525-192337-839293-ASTIS-SALD-001-cycle42/00_context.md;runs/20260525-192337-839293-ASTIS-SALD-001-cycle42/dialogue.md,Created prompt deck with 1 lower agent(s).
442,2026-05-25 19:27:21,20260525-192721-752084-ASTIS-SALD-001-upper-handoff,ASTIS-SALD-001,upper,handoff,queued,not-run,runs/20260525-192337-839293-ASTIS-SALD-001-cycle42,,Cycle 42 upper selected DV selected-test interface target for appendix.tex:73-79; Gronwall remains obligation after cycle 41; lower target is common-space/absolute-continuity/measurability/finite-log-mgf/log-likelihood witnesses for one SALD test using existing one-sided tilted backend; DV equality remains source-cited; no source-index rebaseline; ASTIS check passed.
443,2026-05-25 19:27:51,20260525-192337-839293-ASTIS-SALD-001-cycle42-10_upper_director,ASTIS-SALD-001,upper,attempt,accepted,not-run,runs/20260525-192337-839293-ASTIS-SALD-001-cycle42/10_upper_director.md,,External agent command exit code 0.
444,2026-05-25 19:36:21,20260525-193621-814611-ASTIS-SALD-001-middle-handoff,ASTIS-SALD-001,middle,handoff,queued,pass,runs/20260525-192337-839293-ASTIS-SALD-001-cycle42,,Cycle 42 middle compiled selected-test DV backend for appendix.tex:73-79: dvFiniteLogMgfOfLeAlpha and dvVariationalOneSidedOfScaledTest; SALD cycle42 obligation and docs synced; DV equality remains source-cited; source-index and ASTIS check passed.
445,2026-05-25 19:36:59,20260525-192337-839293-ASTIS-SALD-001-cycle42-20_middle_formalizer,ASTIS-SALD-001,middle,attempt,accepted,not-run,runs/20260525-192337-839293-ASTIS-SALD-001-cycle42/20_middle_formalizer.md,,External agent command exit code 0.
446,2026-05-25 19:44:57,20260525-194457-089435-ASTIS-SALD-001-lower-handoff,ASTIS-SALD-001,lower,handoff,queued,not-run,runs/20260525-192337-839293-ASTIS-SALD-001-cycle42,,"Cycle 42 lower compiled AutoSamplingTheory.dvVariationalScaledTestEnergyBound and AutoSamplingTheory.dvVariationalScaledTestEnergyBoundWithCoeff for the selected scaled-test DV energy bridge after AutoSamplingTheory.dvVariationalOneSidedOfScaledTest; updated SALD cycle42 lower obligation, conversion window, proof-obligation ledger, Boucheron DV audit, SLT audit, and Tests/Basic; source-index ASTIS-SALD-001 and python3 tools/astis.py check passed; DV supremum equality and theorem-specific witnesses remain source-cited/obligations."
447,2026-05-25 19:45:41,20260525-192337-839293-ASTIS-SALD-001-cycle42-30_lower_1,ASTIS-SALD-001,lower,attempt,accepted,not-run,runs/20260525-192337-839293-ASTIS-SALD-001-cycle42/30_lower_1.md,,External agent command exit code 0.
448,2026-05-25 19:47:37,20260525-194737-559792-ASTIS-SALD-001-reviewer-handoff,ASTIS-SALD-001,reviewer,handoff,queued,not-run,runs/20260525-192337-839293-ASTIS-SALD-001-cycle42,,"Cycle 42 reviewer accepted: source-index ASTIS-SALD-001 passed/regenerated 103 declarations and python3 tools/astis.py check passed. DV source anchor appendix.tex:73-79 remains Boucheron-source-cited; cycle 42 selected-test finite-mgf, one-sided, and scaled-energy Lean lemmas compile but do not promote lem:dv_variation. No fake proof closures, source drift, hidden theorem assumptions, SLT formalization promotion, or proof-closure discipline issue found."
449,2026-05-25 19:48:16,20260525-192337-839293-ASTIS-SALD-001-cycle42-40_reviewer,ASTIS-SALD-001,reviewer,attempt,accepted,not-run,runs/20260525-192337-839293-ASTIS-SALD-001-cycle42/40_reviewer.md,,External agent command exit code 0.
450,2026-05-25 19:48:24,20260525-192337-839293-ASTIS-SALD-001-cycle42-build-gate,ASTIS-SALD-001,reviewer,build,compiled,pass,runs/20260525-192337-839293-ASTIS-SALD-001-cycle42,,Cycle build gate.
451,2026-05-25 19:48:24,20260525-194824-935273-ASTIS-SALD-001-cycle43-prompt-deck,ASTIS-SALD-001,upper,plan,queued,not-run,runs/20260525-194824-935273-ASTIS-SALD-001-cycle43,runs/20260525-194824-935273-ASTIS-SALD-001-cycle43/10_upper_director.md;runs/20260525-194824-935273-ASTIS-SALD-001-cycle43/20_middle_formalizer.md;runs/20260525-194824-935273-ASTIS-SALD-001-cycle43/30_lower_1.md;runs/20260525-194824-935273-ASTIS-SALD-001-cycle43/40_reviewer.md;runs/20260525-194824-935273-ASTIS-SALD-001-cycle43/00_context.md;runs/20260525-194824-935273-ASTIS-SALD-001-cycle43/dialogue.md,Created prompt deck with 1 lower agent(s).
452,2026-05-25 19:53:47,20260525-195347-461192-ASTIS-SALD-001-upper-handoff,ASTIS-SALD-001,upper,handoff,queued,not-run,runs/20260525-194824-935273-ASTIS-SALD-001-cycle43,,"Cycle 43 upper selected proof-closure item (3) eq:LSI-KL-FI after explicit order check. Added SALD.cycle43LsiKlFiUpperPacket and SALD.cycle43LsiKlFiUpperObligation plus synchronized conversion-window, proof-obligation, SLT-audit, dependency, and smoke-test entries. Lower target is one density/test-function backend for main_body.tex:202-215; full LSI-to-KL/FI remains an obligation. source-index ASTIS-SALD-001 and python3 tools/astis.py check passed."
453,2026-05-25 19:55:17,20260525-194824-935273-ASTIS-SALD-001-cycle43-10_upper_director,ASTIS-SALD-001,upper,attempt,accepted,not-run,runs/20260525-194824-935273-ASTIS-SALD-001-cycle43/10_upper_director.md,,External agent command exit code 0.
454,2026-05-25 20:04:06,20260525-200406-092482-ASTIS-SALD-001-middle-handoff,ASTIS-SALD-001,middle,handoff,queued,not-run,runs/20260525-194824-935273-ASTIS-SALD-001-cycle43,,Cycle 43 middle compiled RN density normalization and entropy transport lemmas for LSI/KL/FI bridge; synced Lean/docs/SLT audit/source-index; check passed; full eq:LSI-KL-FI remains obligation pending admissibility/approximation and vector/integral Fisher chain rule.
455,2026-05-25 20:06:23,20260525-194824-935273-ASTIS-SALD-001-cycle43-20_middle_formalizer,ASTIS-SALD-001,middle,attempt,accepted,not-run,runs/20260525-194824-935273-ASTIS-SALD-001-cycle43/20_middle_formalizer.md,,External agent command exit code 0.
456,2026-05-25 20:14:22,20260525-201422-157000-ASTIS-SALD-001-lower-handoff,ASTIS-SALD-001,lower,handoff,queued,not-run,runs/20260525-194824-935273-ASTIS-SALD-001-cycle43,,"Cycle 43 lower compiled finite-coordinate integral Fisher-chain handoffs for main_body.tex:208-215; synced SALD lower obligation, conversion window, proof-obligation ledger, SLT audit, and Tests/Basic; source-index ASTIS-SALD-001 and python3 tools/astis.py check passed; eq:LSI-KL-FI/probability.lsi_to_kl_fi remain obligations with vector-gradient equivalence, zero-density Sobolev handling, sqrt-test admissibility/approximation, and finite theorem-level KL/FI interfaces open."
457,2026-05-25 20:14:42,20260525-194824-935273-ASTIS-SALD-001-cycle43-30_lower_1,ASTIS-SALD-001,lower,attempt,accepted,not-run,runs/20260525-194824-935273-ASTIS-SALD-001-cycle43/30_lower_1.md,,External agent command exit code 0.
458,2026-05-25 20:17:23,20260525-201723-886079-ASTIS-SALD-001-reviewer-handoff,ASTIS-SALD-001,reviewer,handoff,queued,not-run,runs/20260525-194824-935273-ASTIS-SALD-001-cycle43,,"Cycle 43 reviewer accepted: source-index ASTIS-SALD-001 passed/regenerated 103 declarations and python3 tools/astis.py check passed. main_body.tex:202-215 source anchor is preserved; cycle 43 compiled sublemmas do not promote eq:LSI-KL-FI/probability.lsi_to_kl_fi. No fake proof closures, contract drift, hidden assumptions, source drift, SLT promotion, or proof-closure discipline issue found."
459,2026-05-25 20:18:15,20260525-194824-935273-ASTIS-SALD-001-cycle43-40_reviewer,ASTIS-SALD-001,reviewer,attempt,accepted,not-run,runs/20260525-194824-935273-ASTIS-SALD-001-cycle43/40_reviewer.md,,External agent command exit code 0.
460,2026-05-25 20:18:24,20260525-194824-935273-ASTIS-SALD-001-cycle43-build-gate,ASTIS-SALD-001,reviewer,build,compiled,pass,runs/20260525-194824-935273-ASTIS-SALD-001-cycle43,,Cycle build gate.
461,2026-05-25 20:18:24,20260525-201824-187755-ASTIS-SALD-001-sleep-window,ASTIS-SALD-001,upper,compression,accepted,not-run,runs,,Graceful sleep window completed 13 cycle(s); final cycle was not interrupted.
462,2026-05-26 02:47:23,20260526-024723-847663-ASTIS-SALD-001-cycle44-prompt-deck,ASTIS-SALD-001,upper,plan,queued,not-run,runs/20260526-024723-847663-ASTIS-SALD-001-cycle44,runs/20260526-024723-847663-ASTIS-SALD-001-cycle44/10_upper_director.md;runs/20260526-024723-847663-ASTIS-SALD-001-cycle44/20_middle_formalizer.md;runs/20260526-024723-847663-ASTIS-SALD-001-cycle44/30_lower_1.md;runs/20260526-024723-847663-ASTIS-SALD-001-cycle44/40_reviewer.md;runs/20260526-024723-847663-ASTIS-SALD-001-cycle44/00_context.md;runs/20260526-024723-847663-ASTIS-SALD-001-cycle44/dialogue.md,Created prompt deck with 1 lower agent(s).
463,2026-05-26 02:48:37,20260526-024837-954591-ASTIS-SALD-001-cycle44-prompt-deck,ASTIS-SALD-001,upper,plan,queued,not-run,runs/20260526-024837-954591-ASTIS-SALD-001-cycle44,runs/20260526-024837-954591-ASTIS-SALD-001-cycle44/10_upper_director.md;runs/20260526-024837-954591-ASTIS-SALD-001-cycle44/20_middle_formalizer.md;runs/20260526-024837-954591-ASTIS-SALD-001-cycle44/30_lower_1.md;runs/20260526-024837-954591-ASTIS-SALD-001-cycle44/40_reviewer.md;runs/20260526-024837-954591-ASTIS-SALD-001-cycle44/00_context.md;runs/20260526-024837-954591-ASTIS-SALD-001-cycle44/dialogue.md,Created prompt deck with 1 lower agent(s).
464,2026-05-26 02:48:37,20260526-024837-986872-ASTIS-SALD-001-sleep-window,ASTIS-SALD-001,upper,compression,accepted,not-run,runs,,Graceful sleep window completed 1 cycle(s); final cycle was not interrupted.
465,2026-05-26 02:49:04,20260526-024904-538211-ASTIS-SALD-001-cycle44-prompt-deck,ASTIS-SALD-001,upper,plan,queued,not-run,runs/20260526-024904-538211-ASTIS-SALD-001-cycle44,runs/20260526-024904-538211-ASTIS-SALD-001-cycle44/10_upper_director.md;runs/20260526-024904-538211-ASTIS-SALD-001-cycle44/20_middle_formalizer.md;runs/20260526-024904-538211-ASTIS-SALD-001-cycle44/30_lower_1.md;runs/20260526-024904-538211-ASTIS-SALD-001-cycle44/40_reviewer.md;runs/20260526-024904-538211-ASTIS-SALD-001-cycle44/00_context.md;runs/20260526-024904-538211-ASTIS-SALD-001-cycle44/dialogue.md,Created prompt deck with 1 lower agent(s).
466,2026-05-26 03:02:04,20260526-030204-515412-ASTIS-SALD-001-upper-handoff,ASTIS-SALD-001,upper,handoff,queued,not-run,runs/20260526-024904-538211-ASTIS-SALD-001-cycle44,,Cycle 44 upper completed main skeleton analytic interface ledger and theorem-route wiring; source-index ASTIS-SALD-001 regenerated 103 declarations; python3 tools/astis.py check passed.
467,2026-05-26 03:02:21,20260526-024904-538211-ASTIS-SALD-001-cycle44-10_upper_director,ASTIS-SALD-001,upper,attempt,accepted,not-run,runs/20260526-024904-538211-ASTIS-SALD-001-cycle44/10_upper_director.md,,External agent command exit code 0.
468,2026-05-26 03:03:44,20260526-030344-494535-ASTIS-SALD-001-middle-handoff,ASTIS-SALD-001,middle,handoff,queued,not-run,runs/20260526-024904-538211-ASTIS-SALD-001-cycle44,,"Cycle 44 middle verification: existing analytic interface ledger covers Gronwall, DV, LSI/KL/FI, continuous forward-KL derivative, and EM interpolation FP; theorem-route contracts are wired through SALD.cycle44MainSkeletonAnalyticInterfaceObligation; source-index regenerated 103 declarations; python3 tools/astis.py check passed; unresolved backends remain obligation/source-cited."
469,2026-05-26 03:04:09,20260526-024904-538211-ASTIS-SALD-001-cycle44-20_middle_formalizer,ASTIS-SALD-001,middle,attempt,accepted,not-run,runs/20260526-024904-538211-ASTIS-SALD-001-cycle44/20_middle_formalizer.md,,External agent command exit code 0.
470,2026-05-26 03:10:20,20260526-031020-250556-ASTIS-SALD-001-lower-handoff,ASTIS-SALD-001,lower,handoff,queued,not-run,runs/20260526-024904-538211-ASTIS-SALD-001-cycle44,,Cycle 44 lower: compiled continuous forward-KL post-DV Gronwall-coefficient handoff; no analytic backend promoted; source-index and check passed.
471,2026-05-26 03:10:41,20260526-024904-538211-ASTIS-SALD-001-cycle44-30_lower_1,ASTIS-SALD-001,lower,attempt,accepted,not-run,runs/20260526-024904-538211-ASTIS-SALD-001-cycle44/30_lower_1.md,,External agent command exit code 0.
472,2026-05-26 03:13:24,20260526-031324-562196-ASTIS-SALD-001-reviewer-handoff,ASTIS-SALD-001,reviewer,handoff,queued,not-run,runs/20260526-024904-538211-ASTIS-SALD-001-cycle44,,"Cycle 44 reviewer accepted: source-index ASTIS-SALD-001 regenerated 103 declarations and python3 tools/astis.py check passed. Five analytic interfaces stayed below formalized, six theorem contracts stayed contractOnly with cycle44 DAG wiring, lower post-DV scalar lemmas did not promote unresolved analytic backends, and no fake proof closure/source drift/SLT promotion was found."
473,2026-05-26 03:13:49,20260526-024904-538211-ASTIS-SALD-001-cycle44-40_reviewer,ASTIS-SALD-001,reviewer,attempt,accepted,not-run,runs/20260526-024904-538211-ASTIS-SALD-001-cycle44/40_reviewer.md,,External agent command exit code 0.
474,2026-05-26 03:13:58,20260526-024904-538211-ASTIS-SALD-001-cycle44-build-gate,ASTIS-SALD-001,reviewer,build,compiled,pass,runs/20260526-024904-538211-ASTIS-SALD-001-cycle44,,Cycle build gate.
475,2026-05-26 03:13:58,20260526-031358-753548-ASTIS-SALD-001-cycle45-prompt-deck,ASTIS-SALD-001,upper,plan,queued,not-run,runs/20260526-031358-753548-ASTIS-SALD-001-cycle45,runs/20260526-031358-753548-ASTIS-SALD-001-cycle45/10_upper_director.md;runs/20260526-031358-753548-ASTIS-SALD-001-cycle45/20_middle_formalizer.md;runs/20260526-031358-753548-ASTIS-SALD-001-cycle45/30_lower_1.md;runs/20260526-031358-753548-ASTIS-SALD-001-cycle45/40_reviewer.md;runs/20260526-031358-753548-ASTIS-SALD-001-cycle45/00_context.md;runs/20260526-031358-753548-ASTIS-SALD-001-cycle45/dialogue.md,Created prompt deck with 1 lower agent(s).
476,2026-05-26 03:18:54,20260526-031854-950892-ASTIS-SALD-001-upper-handoff,ASTIS-SALD-001,upper,handoff,queued,not-run,runs/20260526-031358-753548-ASTIS-SALD-001-cycle45,,"Cycle 45 upper: continuous forward-KL skeleton route wrapper added and wired through contract/DAG/dependency index; Markdown conversion/proof-obligation sync updated; no theorem statement, constants, labels, or analytic backend statuses changed; source-index ASTIS-SALD-001 and check passed."
477,2026-05-26 03:19:41,20260526-031358-753548-ASTIS-SALD-001-cycle45-10_upper_director,ASTIS-SALD-001,upper,attempt,accepted,not-run,runs/20260526-031358-753548-ASTIS-SALD-001-cycle45/10_upper_director.md,,External agent command exit code 0.
478,2026-05-26 03:25:58,20260526-032558-164434-ASTIS-SALD-001-middle-handoff,ASTIS-SALD-001,middle,handoff,queued,not-run,runs/20260526-031358-753548-ASTIS-SALD-001-cycle45,,Cycle 45 middle continuous forward-KL route audit added and wired; source-index ASTIS-SALD-001 regenerated 103 declarations; python3 tools/astis.py check passed; lower target selected as sald.forward_kl.gronwall_side_conditions; all slow analytic backends remain obligation/source-cited.
479,2026-05-26 03:26:29,20260526-031358-753548-ASTIS-SALD-001-cycle45-20_middle_formalizer,ASTIS-SALD-001,middle,attempt,accepted,not-run,runs/20260526-031358-753548-ASTIS-SALD-001-cycle45/20_middle_formalizer.md,,External agent command exit code 0.
480,2026-05-26 03:36:12,20260526-033612-044970-ASTIS-SALD-001-lower-handoff,ASTIS-SALD-001,lower,handoff,queued,not-run,runs/20260526-031358-753548-ASTIS-SALD-001-cycle45,,Cycle 45 lower compiled forward-KL Gronwall display algebra under explicit side conditions; source-index regenerated; ASTIS check passed.
481,2026-05-26 03:36:39,20260526-031358-753548-ASTIS-SALD-001-cycle45-30_lower_1,ASTIS-SALD-001,lower,attempt,accepted,not-run,runs/20260526-031358-753548-ASTIS-SALD-001-cycle45/30_lower_1.md,,External agent command exit code 0.
482,2026-05-26 03:39:05,20260526-033905-106865-ASTIS-SALD-001-reviewer-handoff,ASTIS-SALD-001,reviewer,handoff,queued,not-run,runs/20260526-031358-753548-ASTIS-SALD-001-cycle45,,Cycle 45 reviewer accepted: source-index regenerated 103 declarations and mandatory check passed; continuous forward-KL theorem skeleton and lower Gronwall display algebra preserve source statements/statuses with remaining analytic backends obligation/source-cited.
483,2026-05-26 03:39:29,20260526-031358-753548-ASTIS-SALD-001-cycle45-40_reviewer,ASTIS-SALD-001,reviewer,attempt,accepted,not-run,runs/20260526-031358-753548-ASTIS-SALD-001-cycle45/40_reviewer.md,,External agent command exit code 0.
484,2026-05-26 03:39:38,20260526-031358-753548-ASTIS-SALD-001-cycle45-build-gate,ASTIS-SALD-001,reviewer,build,compiled,pass,runs/20260526-031358-753548-ASTIS-SALD-001-cycle45,,Cycle build gate.
485,2026-05-26 03:39:38,20260526-033938-659009-ASTIS-SALD-001-cycle46-prompt-deck,ASTIS-SALD-001,upper,plan,queued,not-run,runs/20260526-033938-659009-ASTIS-SALD-001-cycle46,runs/20260526-033938-659009-ASTIS-SALD-001-cycle46/10_upper_director.md;runs/20260526-033938-659009-ASTIS-SALD-001-cycle46/20_middle_formalizer.md;runs/20260526-033938-659009-ASTIS-SALD-001-cycle46/30_lower_1.md;runs/20260526-033938-659009-ASTIS-SALD-001-cycle46/40_reviewer.md;runs/20260526-033938-659009-ASTIS-SALD-001-cycle46/00_context.md;runs/20260526-033938-659009-ASTIS-SALD-001-cycle46/dialogue.md,Created prompt deck with 1 lower agent(s).
486,2026-05-26 03:46:25,20260526-034625-524779-ASTIS-SALD-001-upper-handoff,ASTIS-SALD-001,upper,handoff,queued,not-run,runs/20260526-033938-659009-ASTIS-SALD-001-cycle46,,"Cycle 46 upper discrete forward-KL skeleton route wired through EM endpoint/conditional-FP, frozen-defect, LSI/KL/FI, DV velocity, Gronwall, and accumulated-error interfaces; source-index regenerated 103 declarations; ASTIS check passed."
487,2026-05-26 03:46:41,20260526-033938-659009-ASTIS-SALD-001-cycle46-10_upper_director,ASTIS-SALD-001,upper,attempt,accepted,not-run,runs/20260526-033938-659009-ASTIS-SALD-001-cycle46/10_upper_director.md,,External agent command exit code 0.
488,2026-05-26 03:52:44,20260526-035244-984468-ASTIS-SALD-001-middle-handoff,ASTIS-SALD-001,middle,handoff,queued,not-run,runs/20260526-033938-659009-ASTIS-SALD-001-cycle46,,"Cycle 46 middle discrete forward-KL route audit added; source-index regenerated 103 declarations; python3 tools/astis.py check passed. Next lower target: sald.discrete_forward_kl.accumulated_error_bridge; EM conditional-FP, frozen-defect, LSI/KL/FI, DV, Gronwall, and residual exponent remain obligations/source-cited."
489,2026-05-26 03:53:17,20260526-033938-659009-ASTIS-SALD-001-cycle46-20_middle_formalizer,ASTIS-SALD-001,middle,attempt,accepted,not-run,runs/20260526-033938-659009-ASTIS-SALD-001-cycle46/20_middle_formalizer.md,,External agent command exit code 0.
490,2026-05-26 04:00:05,20260526-040005-932035-ASTIS-SALD-001-lower-handoff,ASTIS-SALD-001,lower,handoff,queued,not-run,runs/20260526-033938-659009-ASTIS-SALD-001-cycle46,,Cycle 46 lower compiled discrete accumulated-error initial exponent split for thm:forward-KL-discrete; source-index regenerated; ASTIS check passed.
491,2026-05-26 04:00:27,20260526-033938-659009-ASTIS-SALD-001-cycle46-30_lower_1,ASTIS-SALD-001,lower,attempt,accepted,not-run,runs/20260526-033938-659009-ASTIS-SALD-001-cycle46/30_lower_1.md,,External agent command exit code 0.
492,2026-05-26 04:02:57,20260526-040257-900918-ASTIS-SALD-001-reviewer-handoff,ASTIS-SALD-001,reviewer,handoff,queued,not-run,runs/20260526-033938-659009-ASTIS-SALD-001-cycle46,,"Cycle 46 reviewer accepted: source-index regenerated 103 declarations and python3 tools/astis.py check passed. thm:forward-KL-discrete is still contractOnly; no fake closures or backend status promotions found. Next lower work should remain on sald.discrete_forward_kl.accumulated_error_bridge: endpoint rewrites, residual exponent monotonicity, barGamma/barDelta and A_alpha identifications, with EM FP/frozen-defect/DV/LSI/Gronwall still obligation/source-cited."
493,2026-05-26 04:03:17,20260526-033938-659009-ASTIS-SALD-001-cycle46-40_reviewer,ASTIS-SALD-001,reviewer,attempt,accepted,not-run,runs/20260526-033938-659009-ASTIS-SALD-001-cycle46/40_reviewer.md,,External agent command exit code 0.
494,2026-05-26 04:03:26,20260526-033938-659009-ASTIS-SALD-001-cycle46-build-gate,ASTIS-SALD-001,reviewer,build,compiled,pass,runs/20260526-033938-659009-ASTIS-SALD-001-cycle46,,Cycle build gate.
495,2026-05-26 04:03:26,20260526-040326-199166-ASTIS-SALD-001-cycle47-prompt-deck,ASTIS-SALD-001,upper,plan,queued,not-run,runs/20260526-040326-199166-ASTIS-SALD-001-cycle47,runs/20260526-040326-199166-ASTIS-SALD-001-cycle47/10_upper_director.md;runs/20260526-040326-199166-ASTIS-SALD-001-cycle47/20_middle_formalizer.md;runs/20260526-040326-199166-ASTIS-SALD-001-cycle47/30_lower_1.md;runs/20260526-040326-199166-ASTIS-SALD-001-cycle47/40_reviewer.md;runs/20260526-040326-199166-ASTIS-SALD-001-cycle47/00_context.md;runs/20260526-040326-199166-ASTIS-SALD-001-cycle47/dialogue.md,Created prompt deck with 1 lower agent(s).
496,2026-05-26 04:13:08,20260526-041308-425951-ASTIS-SALD-001-upper-handoff,ASTIS-SALD-001,upper,handoff,queued,not-run,runs/20260526-040326-199166-ASTIS-SALD-001-cycle47,,Cycle 47 upper/middle wired guided residual and continuous general moving-target theorem skeleton for appendix.tex:619-951; source-index regenerated 103 declarations; ASTIS check passed; next lower target sald.general_moving_target.kl_derivative.
497,2026-05-26 04:13:33,20260526-040326-199166-ASTIS-SALD-001-cycle47-10_upper_director,ASTIS-SALD-001,upper,attempt,accepted,not-run,runs/20260526-040326-199166-ASTIS-SALD-001-cycle47/10_upper_director.md,,External agent command exit code 0.
498,2026-05-26 04:15:02,20260526-041502-485878-ASTIS-SALD-001-middle-handoff,ASTIS-SALD-001,middle,handoff,queued,not-run,runs/20260526-040326-199166-ASTIS-SALD-001-cycle47,,"Cycle 47 middle verified guided residual/general moving-target skeleton route for appendix.tex:619-951; source-index regenerated 103 declarations; ASTIS check passed. Next lower target sald.general_moving_target.kl_derivative with Fokker-Planck/KL derivative, residual m_t=v_t-c_t, Young coefficient, LSI, and schedule details still obligation/source-cited."
499,2026-05-26 04:15:18,20260526-040326-199166-ASTIS-SALD-001-cycle47-20_middle_formalizer,ASTIS-SALD-001,middle,attempt,accepted,not-run,runs/20260526-040326-199166-ASTIS-SALD-001-cycle47/20_middle_formalizer.md,,External agent command exit code 0.
500,2026-05-26 04:23:03,20260526-042303-850082-ASTIS-SALD-001-lower-handoff,ASTIS-SALD-001,lower,handoff,queued,not-run,runs/20260526-040326-199166-ASTIS-SALD-001-cycle47,,"Cycle 47 lower compiled scalar/order handoffs for sald.general_moving_target.kl_derivative over appendix.tex:835-884: residual Young output, LSI half-Fisher substitution, and inverse-schedule coefficient rewrite. Wired declarations through SALD contracts/DAG/dependency map plus conversion window, proof obligations, and SLT audit. Slow analytic backends remain obligations/source-cited. source-index regenerated; ASTIS check passed."
501,2026-05-26 04:23:31,20260526-040326-199166-ASTIS-SALD-001-cycle47-30_lower_1,ASTIS-SALD-001,lower,attempt,accepted,not-run,runs/20260526-040326-199166-ASTIS-SALD-001-cycle47/30_lower_1.md,,External agent command exit code 0.
502,2026-05-26 04:25:57,20260526-042557-893645-ASTIS-SALD-001-reviewer-handoff,ASTIS-SALD-001,reviewer,handoff,queued,not-run,runs/20260526-040326-199166-ASTIS-SALD-001-cycle47,,"Cycle 47 reviewer accepted: source-index regenerated 103 declarations; ASTIS check passed. prop:guided_path_residual and thm:general-moving-target-SALD remain contractOnly with appendix.tex:619-951 anchors; lower scalar derivative handoff is compiled local Real/order only; no fake closures, contract drift, SLT promotion, or analytic backend status promotion found. Next lower: sald.general_moving_target.kl_derivative, especially appendix.tex:765-812 Fokker-Planck/KL differentiation and integration-by-parts interfaces."
503,2026-05-26 04:26:14,20260526-040326-199166-ASTIS-SALD-001-cycle47-40_reviewer,ASTIS-SALD-001,reviewer,attempt,accepted,not-run,runs/20260526-040326-199166-ASTIS-SALD-001-cycle47/40_reviewer.md,,External agent command exit code 0.
504,2026-05-26 04:26:23,20260526-040326-199166-ASTIS-SALD-001-cycle47-build-gate,ASTIS-SALD-001,reviewer,build,compiled,pass,runs/20260526-040326-199166-ASTIS-SALD-001-cycle47,,Cycle build gate.
505,2026-05-26 04:26:23,20260526-042623-520299-ASTIS-SALD-001-cycle48-prompt-deck,ASTIS-SALD-001,upper,plan,queued,not-run,runs/20260526-042623-520299-ASTIS-SALD-001-cycle48,runs/20260526-042623-520299-ASTIS-SALD-001-cycle48/10_upper_director.md;runs/20260526-042623-520299-ASTIS-SALD-001-cycle48/20_middle_formalizer.md;runs/20260526-042623-520299-ASTIS-SALD-001-cycle48/30_lower_1.md;runs/20260526-042623-520299-ASTIS-SALD-001-cycle48/40_reviewer.md;runs/20260526-042623-520299-ASTIS-SALD-001-cycle48/00_context.md;runs/20260526-042623-520299-ASTIS-SALD-001-cycle48/dialogue.md,Created prompt deck with 1 lower agent(s).
506,2026-05-26 04:32:57,20260526-043257-875207-ASTIS-SALD-001-upper-handoff,ASTIS-SALD-001,upper,handoff,queued,not-run,runs/20260526-042623-520299-ASTIS-SALD-001-cycle48,,"Cycle 48 upper wired unified and discrete general theorem skeletons through cycle48 route wrapper; contracts remain contractOnly, analytic backends obligation/source-cited; source-index 103 declarations and ASTIS check passed."
507,2026-05-26 04:33:23,20260526-042623-520299-ASTIS-SALD-001-cycle48-10_upper_director,ASTIS-SALD-001,upper,attempt,accepted,not-run,runs/20260526-042623-520299-ASTIS-SALD-001-cycle48/10_upper_director.md,,External agent command exit code 0.
508,2026-05-26 04:40:30,20260526-044030-461469-ASTIS-SALD-001-middle-handoff,ASTIS-SALD-001,middle,handoff,queued,not-run,runs/20260526-042623-520299-ASTIS-SALD-001-cycle48,,Cycle 48 middle route audit and EM endpoint/conditional-law interface added; source-index regenerated; ASTIS check passed. Next lower target sald.general_moving_target_discrete.kl_derivative over appendix.tex:1354-1387.
509,2026-05-26 04:41:11,20260526-042623-520299-ASTIS-SALD-001-cycle48-20_middle_formalizer,ASTIS-SALD-001,middle,attempt,accepted,not-run,runs/20260526-042623-520299-ASTIS-SALD-001-cycle48/20_middle_formalizer.md,,External agent command exit code 0.
510,2026-05-26 04:47:25,20260526-044725-250440-ASTIS-SALD-001-lower-handoff,ASTIS-SALD-001,lower,handoff,queued,not-run,runs/20260526-042623-520299-ASTIS-SALD-001-cycle48,,Cycle 48 lower compiled general moving-target discrete EM endpoint-law handoffs and wired them into the sald.general_moving_target_discrete.kl_derivative route. Concrete conditional-law/Fokker-Planck and density backends remain obligations. source-index regenerated; ASTIS check passed.
511,2026-05-26 04:48:06,20260526-042623-520299-ASTIS-SALD-001-cycle48-30_lower_1,ASTIS-SALD-001,lower,attempt,accepted,not-run,runs/20260526-042623-520299-ASTIS-SALD-001-cycle48/30_lower_1.md,,External agent command exit code 0.
512,2026-05-26 04:50:11,20260526-045011-589848-ASTIS-SALD-001-reviewer-handoff,ASTIS-SALD-001,reviewer,handoff,queued,not-run,runs/20260526-042623-520299-ASTIS-SALD-001-cycle48,,"Cycle 48 reviewer accepted: source-index regenerated 103 declarations; ASTIS check passed. Unified/discrete skeleton route and abstract EM endpoint-law handoff accepted as contract/obligation work; no fake closures, source drift, SLT promotion, or analytic backend status promotion found. Next lower: sald.general_moving_target_discrete.kl_derivative over appendix.tex:1354-1387, then appendix.tex:1469-1511."
513,2026-05-26 04:50:26,20260526-042623-520299-ASTIS-SALD-001-cycle48-40_reviewer,ASTIS-SALD-001,reviewer,attempt,accepted,not-run,runs/20260526-042623-520299-ASTIS-SALD-001-cycle48/40_reviewer.md,,External agent command exit code 0.
514,2026-05-26 04:50:35,20260526-042623-520299-ASTIS-SALD-001-cycle48-build-gate,ASTIS-SALD-001,reviewer,build,compiled,pass,runs/20260526-042623-520299-ASTIS-SALD-001-cycle48,,Cycle build gate.
515,2026-05-26 04:50:35,20260526-045035-251096-ASTIS-SALD-001-cycle49-prompt-deck,ASTIS-SALD-001,upper,plan,queued,not-run,runs/20260526-045035-251096-ASTIS-SALD-001-cycle49,runs/20260526-045035-251096-ASTIS-SALD-001-cycle49/10_upper_director.md;runs/20260526-045035-251096-ASTIS-SALD-001-cycle49/20_middle_formalizer.md;runs/20260526-045035-251096-ASTIS-SALD-001-cycle49/30_lower_1.md;runs/20260526-045035-251096-ASTIS-SALD-001-cycle49/40_reviewer.md;runs/20260526-045035-251096-ASTIS-SALD-001-cycle49/00_context.md;runs/20260526-045035-251096-ASTIS-SALD-001-cycle49/dialogue.md,Created prompt deck with 1 lower agent(s).
516,2026-05-26 04:56:10,20260526-045610-918572-ASTIS-SALD-001-upper-handoff,ASTIS-SALD-001,upper,handoff,queued,not-run,runs/20260526-045035-251096-ASTIS-SALD-001-cycle49,,"Cycle 49 upper added cycle49 analytic readiness ledger/obligation/DAG, synchronized conversion/proof-obligation ledgers, and queued lower work on sald.general_moving_target_discrete.kl_derivative appendix.tex:1354-1387. source-index regenerated and ASTIS check passed."
517,2026-05-26 04:57:18,20260526-045718-257291-ASTIS-SALD-001-upper-handoff,ASTIS-SALD-001,upper,handoff,queued,not-run,runs/20260526-045035-251096-ASTIS-SALD-001-cycle49,,Final cycle49 upper: analytic readiness ledger/obligation/DAG wired into theorem contracts and proof-DAG collections; conversion/proof-obligation ledgers synchronized; source-index regenerated; ASTIS check passed. Next lower target sald.general_moving_target_discrete.kl_derivative appendix.tex:1354-1387.
518,2026-05-26 04:57:30,20260526-045035-251096-ASTIS-SALD-001-cycle49-10_upper_director,ASTIS-SALD-001,upper,attempt,accepted,not-run,runs/20260526-045035-251096-ASTIS-SALD-001-cycle49/10_upper_director.md,,External agent command exit code 0.
519,2026-05-26 05:04:33,20260526-050433-025991-ASTIS-SALD-001-middle-handoff,ASTIS-SALD-001,middle,handoff,queued,not-run,runs/20260526-045035-251096-ASTIS-SALD-001-cycle49,,Cycle 49 middle route audit added and docs synchronized; source-index regenerated 103 declarations; ASTIS check passed. Next lower target sald.general_moving_target_discrete.kl_derivative over appendix.tex:1354-1387.
520,2026-05-26 05:04:57,20260526-045035-251096-ASTIS-SALD-001-cycle49-20_middle_formalizer,ASTIS-SALD-001,middle,attempt,accepted,not-run,runs/20260526-045035-251096-ASTIS-SALD-001-cycle49/20_middle_formalizer.md,,External agent command exit code 0.
521,2026-05-26 05:11:48,20260526-051148-056102-ASTIS-SALD-001-lower-handoff,ASTIS-SALD-001,lower,handoff,queued,not-run,runs/20260526-045035-251096-ASTIS-SALD-001-cycle49,,"Cycle 49 lower compiled named-interpolation endpoint-law handoff for sald.general_moving_target_discrete.kl_derivative over appendix.tex:1354-1357; wired into route/ledgers. Remaining backend obligations: regular conditional drift, density/AC/common space, weak conditional Fokker-Planck. source-index regenerated; ASTIS check passed."
522,2026-05-26 05:12:42,20260526-045035-251096-ASTIS-SALD-001-cycle49-30_lower_1,ASTIS-SALD-001,lower,attempt,accepted,not-run,runs/20260526-045035-251096-ASTIS-SALD-001-cycle49/30_lower_1.md,,External agent command exit code 0.
523,2026-05-26 05:14:37,20260526-051437-721017-ASTIS-SALD-001-reviewer-handoff,ASTIS-SALD-001,reviewer,handoff,queued,not-run,runs/20260526-045035-251096-ASTIS-SALD-001-cycle49,,"Cycle 49 reviewer accepted: source-index regenerated 103 declarations; ASTIS check passed. Six theorem skeleton contracts still remain contractOnly and consume the cycle-49 readiness/middle route; compiled named endpoint-law bookkeeping is not treated as conditional FP/density/AC proof. No fake closure, source drift, SLT promotion, or backend promotion found. Next lower target sald.general_moving_target_discrete.kl_derivative appendix.tex:1354-1387."
524,2026-05-26 05:14:58,20260526-045035-251096-ASTIS-SALD-001-cycle49-40_reviewer,ASTIS-SALD-001,reviewer,attempt,accepted,not-run,runs/20260526-045035-251096-ASTIS-SALD-001-cycle49/40_reviewer.md,,External agent command exit code 0.
525,2026-05-26 05:15:07,20260526-045035-251096-ASTIS-SALD-001-cycle49-build-gate,ASTIS-SALD-001,reviewer,build,compiled,pass,runs/20260526-045035-251096-ASTIS-SALD-001-cycle49,,Cycle build gate.
526,2026-05-26 05:15:08,20260526-051507-986799-ASTIS-SALD-001-cycle50-prompt-deck,ASTIS-SALD-001,upper,plan,queued,not-run,runs/20260526-051507-986799-ASTIS-SALD-001-cycle50,runs/20260526-051507-986799-ASTIS-SALD-001-cycle50/10_upper_director.md;runs/20260526-051507-986799-ASTIS-SALD-001-cycle50/20_middle_formalizer.md;runs/20260526-051507-986799-ASTIS-SALD-001-cycle50/30_lower_1.md;runs/20260526-051507-986799-ASTIS-SALD-001-cycle50/40_reviewer.md;runs/20260526-051507-986799-ASTIS-SALD-001-cycle50/00_context.md;runs/20260526-051507-986799-ASTIS-SALD-001-cycle50/dialogue.md,Created prompt deck with 1 lower agent(s).
527,2026-05-26 05:21:09,20260526-052109-068925-ASTIS-SALD-001-upper-handoff,ASTIS-SALD-001,upper,handoff,queued,not-run,runs/20260526-051507-986799-ASTIS-SALD-001-cycle50,,Cycle 50 upper added post-readiness thm:forward-KL route wiring through the five analytic interfaces; docs synchronized; source-index regenerated; ASTIS check passed.
528,2026-05-26 05:21:40,20260526-051507-986799-ASTIS-SALD-001-cycle50-10_upper_director,ASTIS-SALD-001,upper,attempt,accepted,not-run,runs/20260526-051507-986799-ASTIS-SALD-001-cycle50/10_upper_director.md,,External agent command exit code 0.
529,2026-05-26 05:28:06,20260526-052806-757669-ASTIS-SALD-001-middle-handoff,ASTIS-SALD-001,middle,handoff,queued,not-run,runs/20260526-051507-986799-ASTIS-SALD-001-cycle50,,Cycle 50 middle route audit added for continuous thm:forward-KL; next lower target sald.forward_kl.kl_derivative over appendix.tex:168-228. Source-index regenerated; ASTIS check passed.
530,2026-05-26 05:28:53,20260526-051507-986799-ASTIS-SALD-001-cycle50-20_middle_formalizer,ASTIS-SALD-001,middle,attempt,accepted,not-run,runs/20260526-051507-986799-ASTIS-SALD-001-cycle50/20_middle_formalizer.md,,External agent command exit code 0.
531,2026-05-26 05:36:18,20260526-053618-939492-ASTIS-SALD-001-lower-handoff,ASTIS-SALD-001,lower,handoff,queued,not-run,runs/20260526-051507-986799-ASTIS-SALD-001-cycle50,,"Cycle 50 lower compiled SALD.forwardKlDerivativeDvGronwallCoefficientOfKlFiVelocityScalingScalar and registered SALD.cycle50ForwardKlDerivativeLowerObligation / ASTIS.SALD.forward_KL.cycle50_derivative_dv_lower for appendix.tex:168-241. The theorem-level thm:forward-KL remains contractOnly; KL derivative/Fokker-Planck, LSI density-test, DV witness, schedule calculus, and Gronwall stay obligations. source-index regenerated; ASTIS check passed."
532,2026-05-26 05:36:42,20260526-051507-986799-ASTIS-SALD-001-cycle50-30_lower_1,ASTIS-SALD-001,lower,attempt,accepted,not-run,runs/20260526-051507-986799-ASTIS-SALD-001-cycle50/30_lower_1.md,,External agent command exit code 0.
533,2026-05-26 05:39:20,20260526-053920-081802-ASTIS-SALD-001-reviewer-handoff,ASTIS-SALD-001,reviewer,handoff,queued,not-run,runs/20260526-051507-986799-ASTIS-SALD-001-cycle50,,Cycle 50 reviewer accepted: source-index regenerated 103 declarations and ASTIS check passed. Forward-KL route and scalar coefficient handoff are source-anchored; theorem contracts and analytic backends remain below formalized; no fake closure/source drift/SLT promotion found. Next lower target sald.forward_kl.kl_derivative appendix.tex:168-185.
534,2026-05-26 05:39:51,20260526-051507-986799-ASTIS-SALD-001-cycle50-40_reviewer,ASTIS-SALD-001,reviewer,attempt,accepted,not-run,runs/20260526-051507-986799-ASTIS-SALD-001-cycle50/40_reviewer.md,,External agent command exit code 0.
535,2026-05-26 05:40:00,20260526-051507-986799-ASTIS-SALD-001-cycle50-build-gate,ASTIS-SALD-001,reviewer,build,compiled,pass,runs/20260526-051507-986799-ASTIS-SALD-001-cycle50,,Cycle build gate.
536,2026-05-26 05:40:00,20260526-054000-729752-ASTIS-SALD-001-cycle51-prompt-deck,ASTIS-SALD-001,upper,plan,queued,not-run,runs/20260526-054000-729752-ASTIS-SALD-001-cycle51,runs/20260526-054000-729752-ASTIS-SALD-001-cycle51/10_upper_director.md;runs/20260526-054000-729752-ASTIS-SALD-001-cycle51/20_middle_formalizer.md;runs/20260526-054000-729752-ASTIS-SALD-001-cycle51/30_lower_1.md;runs/20260526-054000-729752-ASTIS-SALD-001-cycle51/40_reviewer.md;runs/20260526-054000-729752-ASTIS-SALD-001-cycle51/00_context.md;runs/20260526-054000-729752-ASTIS-SALD-001-cycle51/dialogue.md,Created prompt deck with 1 lower agent(s).
537,2026-05-26 05:47:07,20260526-054707-057101-ASTIS-SALD-001-upper-handoff,ASTIS-SALD-001,upper,handoff,queued,not-run,runs/20260526-054000-729752-ASTIS-SALD-001-cycle51,,"Cycle 51 upper wired thm:forward-KL-discrete through source-cited EM/Fokker-Planck interfaces plus frozen-defect/LSI, DV velocity, Gronwall, and accumulated-error obligations; added cycle51 Lean route packet, proof-obligation/conversion-window/SLT audit rows, source-index regenerated, ASTIS check passed."
538,2026-05-26 05:47:26,20260526-054000-729752-ASTIS-SALD-001-cycle51-10_upper_director,ASTIS-SALD-001,upper,attempt,accepted,not-run,runs/20260526-054000-729752-ASTIS-SALD-001-cycle51/10_upper_director.md,,External agent command exit code 0.
539,2026-05-26 05:53:39,20260526-055339-515804-ASTIS-SALD-001-middle-handoff,ASTIS-SALD-001,middle,handoff,queued,not-run,runs/20260526-054000-729752-ASTIS-SALD-001-cycle51,,"Cycle 51 middle wired the discrete forward-KL derivative route audit: added SALD.cycle51DiscreteForwardKlSkeletonMiddleContract / SALD.cycle51DiscreteForwardKlSkeletonMiddleObligation and DAG node ASTIS.SALD.forward_KL_discrete.cycle51_middle_route_audit; selected sald.discrete_forward_kl.kl_derivative over appendix.tex:334-491 as next lower backend, using appendix.tex:334-385 EM endpoint/conditional-FP interfaces as obligations. source-index regenerated; ASTIS check passed."
540,2026-05-26 05:54:07,20260526-054000-729752-ASTIS-SALD-001-cycle51-20_middle_formalizer,ASTIS-SALD-001,middle,attempt,accepted,not-run,runs/20260526-054000-729752-ASTIS-SALD-001-cycle51/20_middle_formalizer.md,,External agent command exit code 0.
541,2026-05-26 06:01:01,20260526-060101-609855-ASTIS-SALD-001-lower-handoff,ASTIS-SALD-001,lower,handoff,queued,not-run,runs/20260526-054000-729752-ASTIS-SALD-001-cycle51,,"Cycle 51 lower compiled SALD.discreteForwardKlPostLsiDerivativeBoundScalar / SALD.discreteForwardKlPostLsiDerivativeBoundOfKlFiScalar and registered SALD.cycle51DiscreteForwardKlDerivativeLowerObligation / ASTIS.SALD.forward_KL_discrete.cycle51_derivative_lower for appendix.tex:388-491. The discrete KL derivative route now has a proof-producing scalar handoff from supplied EM-FP, frozen-cross, moving Young, and LSI interfaces to the pre-DV inequality; EM-FP, KL differentiation, frozen defect, LSI, DV, and Gronwall remain obligations. source-index regenerated; ASTIS check passed."
542,2026-05-26 06:02:38,20260526-054000-729752-ASTIS-SALD-001-cycle51-30_lower_1,ASTIS-SALD-001,lower,attempt,accepted,not-run,runs/20260526-054000-729752-ASTIS-SALD-001-cycle51/30_lower_1.md,,External agent command exit code 0.
543,2026-05-26 06:04:46,20260526-060446-636893-ASTIS-SALD-001-reviewer-handoff,ASTIS-SALD-001,reviewer,handoff,queued,not-run,runs/20260526-054000-729752-ASTIS-SALD-001-cycle51,,"Cycle 51 reviewer accepted: source-index regenerated 103 declarations and ASTIS check passed. Discrete thm:forward-KL-discrete skeleton remains contractOnly, with cycle-51 upper/middle route obligations and lower scalar handoff source-anchored to main_body.tex:299-323 and appendix.tex:260-592. No fake closure, source drift, hidden theorem assumption, SLT promotion, or analytic backend promotion found; next lower target sald.discrete_forward_kl.kl_derivative via EM endpoint/conditional-FP and KL differentiation interfaces."
544,2026-05-26 06:05:16,20260526-054000-729752-ASTIS-SALD-001-cycle51-40_reviewer,ASTIS-SALD-001,reviewer,attempt,accepted,not-run,runs/20260526-054000-729752-ASTIS-SALD-001-cycle51/40_reviewer.md,,External agent command exit code 0.
545,2026-05-26 06:05:26,20260526-054000-729752-ASTIS-SALD-001-cycle51-build-gate,ASTIS-SALD-001,reviewer,build,compiled,pass,runs/20260526-054000-729752-ASTIS-SALD-001-cycle51,,Cycle build gate.
546,2026-05-26 06:05:26,20260526-060526-259084-ASTIS-SALD-001-cycle52-prompt-deck,ASTIS-SALD-001,upper,plan,queued,not-run,runs/20260526-060526-259084-ASTIS-SALD-001-cycle52,runs/20260526-060526-259084-ASTIS-SALD-001-cycle52/10_upper_director.md;runs/20260526-060526-259084-ASTIS-SALD-001-cycle52/20_middle_formalizer.md;runs/20260526-060526-259084-ASTIS-SALD-001-cycle52/30_lower_1.md;runs/20260526-060526-259084-ASTIS-SALD-001-cycle52/40_reviewer.md;runs/20260526-060526-259084-ASTIS-SALD-001-cycle52/00_context.md;runs/20260526-060526-259084-ASTIS-SALD-001-cycle52/dialogue.md,Created prompt deck with 1 lower agent(s).
547,2026-05-26 06:11:52,20260526-061152-298013-ASTIS-SALD-001-upper-handoff,ASTIS-SALD-001,upper,handoff,queued,not-run,runs/20260526-060526-259084-ASTIS-SALD-001-cycle52,,"Cycle 52 upper route closure for guided residual/general moving-target: added SALD.cycle52GuidedGeneralSkeletonUpperPacket, SALD.cycle52GuidedGeneralSkeletonObligation, DAG node ASTIS.SALD.guided_general.cycle52_upper_route; updated conversion window and proof-obligation ledger; source-index regenerated; ASTIS check passed."
548,2026-05-26 06:12:25,20260526-060526-259084-ASTIS-SALD-001-cycle52-10_upper_director,ASTIS-SALD-001,upper,attempt,accepted,not-run,runs/20260526-060526-259084-ASTIS-SALD-001-cycle52/10_upper_director.md,,External agent command exit code 0.
549,2026-05-26 06:17:43,20260526-061743-588255-ASTIS-SALD-001-middle-handoff,ASTIS-SALD-001,middle,handoff,queued,not-run,runs/20260526-060526-259084-ASTIS-SALD-001-cycle52,,"Cycle 52 middle added SALD.cycle52GuidedGeneralSkeletonMiddleContract / SALD.cycle52GuidedGeneralSkeletonMiddleObligation and DAG node ASTIS.SALD.guided_general.cycle52_middle_route_audit; prop:guided_path_residual and thm:general-moving-target-SALD remain contractOnly, lower target sald.general_moving_target.kl_derivative appendix.tex:765-884, source-index regenerated, ASTIS check passed."
550,2026-05-26 06:18:12,20260526-060526-259084-ASTIS-SALD-001-cycle52-20_middle_formalizer,ASTIS-SALD-001,middle,attempt,accepted,not-run,runs/20260526-060526-259084-ASTIS-SALD-001-cycle52/20_middle_formalizer.md,,External agent command exit code 0.
551,2026-05-26 06:26:06,20260526-062606-670472-ASTIS-SALD-001-lower-handoff,ASTIS-SALD-001,lower,handoff,queued,not-run,runs/20260526-060526-259084-ASTIS-SALD-001-cycle52,,"Cycle 52 lower compiled the general moving-target derivative/DV scalar handoff through SALD.generalMovingTargetDerivativeDvGronwallCoefficientScalar, registered SALD.cycle52GuidedGeneralDerivativeDvLowerObligation and DAG node ASTIS.SALD.general_moving_target.cycle52_derivative_dv_lower, refreshed source-index, and passed python3 tools/astis.py check."
552,2026-05-26 06:26:28,20260526-060526-259084-ASTIS-SALD-001-cycle52-30_lower_1,ASTIS-SALD-001,lower,attempt,accepted,not-run,runs/20260526-060526-259084-ASTIS-SALD-001-cycle52/30_lower_1.md,,External agent command exit code 0.
553,2026-05-26 06:28:14,20260526-062814-143729-ASTIS-SALD-001-reviewer-handoff,ASTIS-SALD-001,reviewer,handoff,queued,not-run,runs/20260526-060526-259084-ASTIS-SALD-001-cycle52,,"Cycle 52 reviewer accepted: source-index regenerated 103 declarations and ASTIS check passed. Guided/general route and lower scalar derivative/DV handoff are source-anchored; theorem contracts remain contractOnly, analytic backends remain obligations/source-cited, and no fake closure, source drift, hidden assumption, SLT promotion, or backend promotion was found. Next lower target: sald.general_moving_target.kl_derivative over appendix.tex:765-884."
554,2026-05-26 06:28:26,20260526-060526-259084-ASTIS-SALD-001-cycle52-40_reviewer,ASTIS-SALD-001,reviewer,attempt,accepted,not-run,runs/20260526-060526-259084-ASTIS-SALD-001-cycle52/40_reviewer.md,,External agent command exit code 0.
555,2026-05-26 06:28:35,20260526-060526-259084-ASTIS-SALD-001-cycle52-build-gate,ASTIS-SALD-001,reviewer,build,compiled,pass,runs/20260526-060526-259084-ASTIS-SALD-001-cycle52,,Cycle build gate.
556,2026-05-26 06:28:35,20260526-062835-739967-ASTIS-SALD-001-cycle53-prompt-deck,ASTIS-SALD-001,upper,plan,queued,not-run,runs/20260526-062835-739967-ASTIS-SALD-001-cycle53,runs/20260526-062835-739967-ASTIS-SALD-001-cycle53/10_upper_director.md;runs/20260526-062835-739967-ASTIS-SALD-001-cycle53/20_middle_formalizer.md;runs/20260526-062835-739967-ASTIS-SALD-001-cycle53/30_lower_1.md;runs/20260526-062835-739967-ASTIS-SALD-001-cycle53/40_reviewer.md;runs/20260526-062835-739967-ASTIS-SALD-001-cycle53/00_context.md;runs/20260526-062835-739967-ASTIS-SALD-001-cycle53/dialogue.md,Created prompt deck with 1 lower agent(s).
557,2026-05-26 06:38:38,20260526-063838-360862-ASTIS-SALD-001-upper-handoff,ASTIS-SALD-001,upper,handoff,queued,not-run,runs/20260526-062835-739967-ASTIS-SALD-001-cycle53,,"Cycle 53 upper wired unified/discrete general theorem skeletons through cycle-52/cycle-48 interfaces, added Measure.map endpoint-law backfill lawMapEqOfAEEq and generalMovingTargetDiscreteEmEndpointMeasureMapPairOfNamedInterpolation, refreshed source-index, and passed python3 tools/astis.py check. Next lower target sald.general_moving_target_discrete.kl_derivative over appendix.tex:1354-1387."
558,2026-05-26 06:39:39,20260526-062835-739967-ASTIS-SALD-001-cycle53-10_upper_director,ASTIS-SALD-001,upper,attempt,accepted,not-run,runs/20260526-062835-739967-ASTIS-SALD-001-cycle53/10_upper_director.md,,External agent command exit code 0.
559,2026-05-26 06:44:36,20260526-064436-215861-ASTIS-SALD-001-middle-handoff,ASTIS-SALD-001,middle,handoff,queued,not-run,runs/20260526-062835-739967-ASTIS-SALD-001-cycle53,,"Cycle 53 middle added cycle53 unified/discrete route audit contract+obligation+DAG node, wired downstream theorem contracts/dependency lists, synchronized ledgers, source-index regenerated, ASTIS check passed; next lower target sald.general_moving_target_discrete.kl_derivative appendix.tex:1354-1387."
560,2026-05-26 06:44:55,20260526-062835-739967-ASTIS-SALD-001-cycle53-20_middle_formalizer,ASTIS-SALD-001,middle,attempt,accepted,not-run,runs/20260526-062835-739967-ASTIS-SALD-001-cycle53/20_middle_formalizer.md,,External agent command exit code 0.
561,2026-05-26 06:54:41,20260526-065441-381508-ASTIS-SALD-001-lower-handoff,ASTIS-SALD-001,lower,handoff,queued,not-run,runs/20260526-062835-739967-ASTIS-SALD-001-cycle53,,"Cycle 53 lower compiled discrete general derivative/DV scalar handoff through SALD.generalMovingTargetDiscreteDerivativeDvTimeChangedScalar, registered cycle53 lower obligation/DAG, refreshed source-index, and passed python3 tools/astis.py check; analytic EM conditional-FP/KL derivative, LSI, DV witness, stitched schedule, and Gronwall remain obligations."
562,2026-05-26 06:55:08,20260526-062835-739967-ASTIS-SALD-001-cycle53-30_lower_1,ASTIS-SALD-001,lower,attempt,accepted,not-run,runs/20260526-062835-739967-ASTIS-SALD-001-cycle53/30_lower_1.md,,External agent command exit code 0.
563,2026-05-26 06:56:49,20260526-065649-297837-ASTIS-SALD-001-reviewer-build,ASTIS-SALD-001,reviewer,build,accepted,not-run,runs/20260526-062835-739967-ASTIS-SALD-001-cycle53,,Cycle 53 reviewer acceptance gate: source-index regenerated 103 declarations and python3 tools/astis.py check passed.
564,2026-05-26 06:57:05,20260526-065705-503868-ASTIS-SALD-001-reviewer-handoff,ASTIS-SALD-001,reviewer,handoff,queued,not-run,runs/20260526-062835-739967-ASTIS-SALD-001-cycle53,,"Cycle 53 reviewer accepted: source-index regenerated 103 declarations and ASTIS check passed; theorem skeletons remain contractOnly, analytic backends remain obligations/source-cited, cycle53 Measure.map endpoint-law and scalar derivative/DV handoffs compile under explicit hypotheses, no fake closure/source drift/hidden assumption/SLT promotion found. Next lower target: sald.general_moving_target_discrete.kl_derivative appendix.tex:1354-1387."
565,2026-05-26 06:57:20,20260526-062835-739967-ASTIS-SALD-001-cycle53-40_reviewer,ASTIS-SALD-001,reviewer,attempt,accepted,not-run,runs/20260526-062835-739967-ASTIS-SALD-001-cycle53/40_reviewer.md,,External agent command exit code 0.
566,2026-05-26 06:57:29,20260526-062835-739967-ASTIS-SALD-001-cycle53-build-gate,ASTIS-SALD-001,reviewer,build,compiled,pass,runs/20260526-062835-739967-ASTIS-SALD-001-cycle53,,Cycle build gate.
567,2026-05-26 06:57:29,20260526-065729-864718-ASTIS-SALD-001-cycle54-prompt-deck,ASTIS-SALD-001,upper,plan,queued,not-run,runs/20260526-065729-864718-ASTIS-SALD-001-cycle54,runs/20260526-065729-864718-ASTIS-SALD-001-cycle54/10_upper_director.md;runs/20260526-065729-864718-ASTIS-SALD-001-cycle54/20_middle_formalizer.md;runs/20260526-065729-864718-ASTIS-SALD-001-cycle54/30_lower_1.md;runs/20260526-065729-864718-ASTIS-SALD-001-cycle54/40_reviewer.md;runs/20260526-065729-864718-ASTIS-SALD-001-cycle54/00_context.md;runs/20260526-065729-864718-ASTIS-SALD-001-cycle54/dialogue.md,Created prompt deck with 1 lower agent(s).
568,2026-05-26 07:05:01,20260526-070501-124922-ASTIS-SALD-001-upper-handoff,ASTIS-SALD-001,upper,handoff,queued,pass,runs/20260526-065729-864718-ASTIS-SALD-001-cycle54,,"Cycle 54 upper added cycle54 analytic-interface ledger/obligation/DAG, wired all six theorem contracts and saldDependencies, synchronized conversion-window/proof-obligation ledgers, regenerated source-index 103 declarations, and passed python3 tools/astis.py check; next lower target sald.general_moving_target_discrete.kl_derivative appendix.tex:1354-1387."
569,2026-05-26 07:05:48,20260526-065729-864718-ASTIS-SALD-001-cycle54-10_upper_director,ASTIS-SALD-001,upper,attempt,accepted,not-run,runs/20260526-065729-864718-ASTIS-SALD-001-cycle54/10_upper_director.md,,External agent command exit code 0.
570,2026-05-26 07:10:50,20260526-071050-605713-ASTIS-SALD-001-middle-handoff,ASTIS-SALD-001,middle,handoff,queued,not-run,runs/20260526-065729-864718-ASTIS-SALD-001-cycle54,,"Cycle 54 middle added cycle54 middle analytic-interface audit contract+obligation+DAG node, wired all six theorem contracts/dependency names, synchronized ledgers, source-index regenerated (103 declarations), ASTIS check passed; analytic backends stay obligation/source-cited; next lower target sald.general_moving_target_discrete.kl_derivative appendix.tex:1354-1387."
571,2026-05-26 07:11:15,20260526-065729-864718-ASTIS-SALD-001-cycle54-20_middle_formalizer,ASTIS-SALD-001,middle,attempt,accepted,not-run,runs/20260526-065729-864718-ASTIS-SALD-001-cycle54/20_middle_formalizer.md,,External agent command exit code 0.
572,2026-05-26 07:19:37,20260526-071937-508741-ASTIS-SALD-001-lower-handoff,ASTIS-SALD-001,lower,handoff,queued,not-run,runs/20260526-065729-864718-ASTIS-SALD-001-cycle54,,"Cycle 54 lower formalized the appendix.tex:1380-1387 sigma-weighted conditional-FP divergence algebra as SALD.generalMovingTargetDiscreteConditionalFpSigmaLaplacianSplitHandoff, wired SALD.cycle54GeneralMovingTargetDiscreteEmFpLowerObligation/DAG/dependencies/ledgers/conversion window, regenerated source-index, and passed python3 tools/astis.py check; analytic EM conditional drift, density/AC, weak FP, KL differentiation, mass conservation, integration by parts, endpoint stitching, LSI, DV, and Gronwall remain obligations."
573,2026-05-26 07:19:55,20260526-065729-864718-ASTIS-SALD-001-cycle54-30_lower_1,ASTIS-SALD-001,lower,attempt,accepted,not-run,runs/20260526-065729-864718-ASTIS-SALD-001-cycle54/30_lower_1.md,,External agent command exit code 0.
574,2026-05-26 07:21:58,20260526-072158-672719-ASTIS-SALD-001-reviewer-handoff,ASTIS-SALD-001,reviewer,handoff,queued,not-run,runs/20260526-065729-864718-ASTIS-SALD-001-cycle54,,"Cycle 54 reviewer accepted: source-index regenerated 103 declarations and python3 tools/astis.py check passed; cycle54 analytic ledgers are wired into all six theorem contracts; lower sigma split compiles only as algebra under explicit FP/Laplacian/divergence-linearity hypotheses; theorem skeletons remain contractOnly and analytic backends remain obligation/source-cited; no fake closure, source drift, hidden assumption, or SLT promotion found. Next lower target remains sald.general_moving_target_discrete.kl_derivative over appendix.tex:1354-1387 for common-space, regular conditional drift, density/AC, weak EM Fokker-Planck, KL differentiation, mass conservation, integration by parts, and endpoint stitching."
575,2026-05-26 07:22:14,20260526-065729-864718-ASTIS-SALD-001-cycle54-40_reviewer,ASTIS-SALD-001,reviewer,attempt,accepted,not-run,runs/20260526-065729-864718-ASTIS-SALD-001-cycle54/40_reviewer.md,,External agent command exit code 0.
576,2026-05-26 07:22:24,20260526-065729-864718-ASTIS-SALD-001-cycle54-build-gate,ASTIS-SALD-001,reviewer,build,compiled,pass,runs/20260526-065729-864718-ASTIS-SALD-001-cycle54,,Cycle build gate.
577,2026-05-26 07:22:24,20260526-072224-036278-ASTIS-SALD-001-cycle55-prompt-deck,ASTIS-SALD-001,upper,plan,queued,not-run,runs/20260526-072224-036278-ASTIS-SALD-001-cycle55,runs/20260526-072224-036278-ASTIS-SALD-001-cycle55/10_upper_director.md;runs/20260526-072224-036278-ASTIS-SALD-001-cycle55/20_middle_formalizer.md;runs/20260526-072224-036278-ASTIS-SALD-001-cycle55/30_lower_1.md;runs/20260526-072224-036278-ASTIS-SALD-001-cycle55/40_reviewer.md;runs/20260526-072224-036278-ASTIS-SALD-001-cycle55/00_context.md;runs/20260526-072224-036278-ASTIS-SALD-001-cycle55/dialogue.md,Created prompt deck with 1 lower agent(s).
578,2026-05-26 07:28:40,20260526-072840-875845-ASTIS-SALD-001-upper-handoff,ASTIS-SALD-001,upper,handoff,queued,not-run,runs/20260526-072224-036278-ASTIS-SALD-001-cycle55,,"Cycle 55 upper: focused continuous forward-KL skeleton rewire after cycle54 analytic-interface audit; added SALD.cycle55ForwardKlSkeletonUpperPacket/Obligation/DAG nodes, synchronized conversion window and proof-obligation ledger, regenerated source-index, and passed python3 tools/astis.py check. The theorem remains contractOnly; analytic backends remain obligation/source-cited; next lower target sald.forward_kl.kl_derivative appendix.tex:168-228."
579,2026-05-26 07:29:03,20260526-072224-036278-ASTIS-SALD-001-cycle55-10_upper_director,ASTIS-SALD-001,upper,attempt,accepted,not-run,runs/20260526-072224-036278-ASTIS-SALD-001-cycle55/10_upper_director.md,,External agent command exit code 0.
580,2026-05-26 07:35:52,20260526-073552-702893-ASTIS-SALD-001-middle-handoff,ASTIS-SALD-001,middle,handoff,queued,not-run,runs/20260526-072224-036278-ASTIS-SALD-001-cycle55,,"Cycle 55 middle added forward-KL middle route audit, synchronized ledgers, source-index 103 declarations, ASTIS check passed; lower target sald.forward_kl.kl_derivative appendix.tex:168-228."
581,2026-05-26 07:36:20,20260526-072224-036278-ASTIS-SALD-001-cycle55-20_middle_formalizer,ASTIS-SALD-001,middle,attempt,accepted,not-run,runs/20260526-072224-036278-ASTIS-SALD-001-cycle55/20_middle_formalizer.md,,External agent command exit code 0.
582,2026-05-26 07:40:54,20260526-074054-391019-ASTIS-SALD-001-lower-handoff,ASTIS-SALD-001,lower,handoff,queued,not-run,runs/20260526-072224-036278-ASTIS-SALD-001-cycle55,,Cycle 55 lower compiled appendix.tex:168-185 mass-conservation scalar handoff for continuous forward-KL derivative; wired cycle55 lower obligation/DAG and ledgers; source-index regenerated; ASTIS check passed.
583,2026-05-26 07:41:14,20260526-072224-036278-ASTIS-SALD-001-cycle55-30_lower_1,ASTIS-SALD-001,lower,attempt,accepted,not-run,runs/20260526-072224-036278-ASTIS-SALD-001-cycle55/30_lower_1.md,,External agent command exit code 0.
584,2026-05-26 07:43:14,20260526-074314-788844-ASTIS-SALD-001-reviewer-handoff,ASTIS-SALD-001,reviewer,handoff,queued,not-run,runs/20260526-072224-036278-ASTIS-SALD-001-cycle55,,"Cycle 55 reviewer accepted: source-index regenerated 103 declarations and ASTIS check passed; thm:forward-KL cycle55 skeleton wiring is source-cited and contractOnly, lower mass/FI scalar handoff compiles as local Real bookkeeping only, analytic backends remain obligation/source-cited; no fake closure, source drift, hidden assumption, or SLT promotion found; next lower target sald.forward_kl.kl_derivative appendix.tex:168-228, especially appendix.tex:187-208 target-transport term."
585,2026-05-26 07:43:35,20260526-072224-036278-ASTIS-SALD-001-cycle55-40_reviewer,ASTIS-SALD-001,reviewer,attempt,accepted,not-run,runs/20260526-072224-036278-ASTIS-SALD-001-cycle55/40_reviewer.md,,External agent command exit code 0.
586,2026-05-26 07:43:45,20260526-072224-036278-ASTIS-SALD-001-cycle55-build-gate,ASTIS-SALD-001,reviewer,build,compiled,pass,runs/20260526-072224-036278-ASTIS-SALD-001-cycle55,,Cycle build gate.
587,2026-05-26 07:43:45,20260526-074345-239038-ASTIS-SALD-001-cycle56-prompt-deck,ASTIS-SALD-001,upper,plan,queued,not-run,runs/20260526-074345-239038-ASTIS-SALD-001-cycle56,runs/20260526-074345-239038-ASTIS-SALD-001-cycle56/10_upper_director.md;runs/20260526-074345-239038-ASTIS-SALD-001-cycle56/20_middle_formalizer.md;runs/20260526-074345-239038-ASTIS-SALD-001-cycle56/30_lower_1.md;runs/20260526-074345-239038-ASTIS-SALD-001-cycle56/40_reviewer.md;runs/20260526-074345-239038-ASTIS-SALD-001-cycle56/00_context.md;runs/20260526-074345-239038-ASTIS-SALD-001-cycle56/dialogue.md,Created prompt deck with 1 lower agent(s).
588,2026-05-26 07:49:50,20260526-074950-232783-ASTIS-SALD-001-upper-handoff,ASTIS-SALD-001,upper,handoff,queued,not-run,runs/20260526-074345-239038-ASTIS-SALD-001-cycle56,,Cycle 56 upper discrete forward-KL theorem interface route added; EM/Fokker-Planck consumed as explicit source-cited obligation; lower target sald.discrete_forward_kl.gronwall_accumulation; source-index refreshed and ASTIS check passed.
589,2026-05-26 07:50:24,20260526-074345-239038-ASTIS-SALD-001-cycle56-10_upper_director,ASTIS-SALD-001,upper,attempt,accepted,not-run,runs/20260526-074345-239038-ASTIS-SALD-001-cycle56/10_upper_director.md,,External agent command exit code 0.
590,2026-05-26 07:54:48,20260526-074345-239038-ASTIS-SALD-001-cycle56-20_middle_formalizer,ASTIS-SALD-001,middle,attempt,failed,not-run,runs/20260526-074345-239038-ASTIS-SALD-001-cycle56/20_middle_formalizer.md,,External agent command exit code 101.
591,2026-05-26 07:55:18,20260526-074345-239038-ASTIS-SALD-001-cycle56-build-gate,ASTIS-SALD-001,reviewer,build,failed,fail,runs/20260526-074345-239038-ASTIS-SALD-001-cycle56,,Cycle build gate.
592,2026-05-26 23:41:49,20260526-234149-777120-ASTIS-SALD-001-cycle56-prompt-deck,ASTIS-SALD-001,upper,plan,queued,not-run,runs/20260526-234149-777120-ASTIS-SALD-001-cycle56,runs/20260526-234149-777120-ASTIS-SALD-001-cycle56/10_upper_director.md;runs/20260526-234149-777120-ASTIS-SALD-001-cycle56/20_middle_formalizer.md;runs/20260526-234149-777120-ASTIS-SALD-001-cycle56/30_lower_1.md;runs/20260526-234149-777120-ASTIS-SALD-001-cycle56/40_reviewer.md;runs/20260526-234149-777120-ASTIS-SALD-001-cycle56/00_context.md;runs/20260526-234149-777120-ASTIS-SALD-001-cycle56/dialogue.md,Created prompt deck with 1 lower agent(s).
593,2026-05-26 23:41:49,20260526-234149-818080-ASTIS-SALD-001-sleep-window,ASTIS-SALD-001,upper,compression,accepted,not-run,runs,,Graceful sleep window completed 1 cycle(s); final cycle was not interrupted.
594,2026-05-26 23:42:21,20260526-234221-833521-ASTIS-SALD-001-cycle56-prompt-deck,ASTIS-SALD-001,upper,plan,queued,not-run,runs/20260526-234221-833521-ASTIS-SALD-001-cycle56,runs/20260526-234221-833521-ASTIS-SALD-001-cycle56/10_upper_director.md;runs/20260526-234221-833521-ASTIS-SALD-001-cycle56/20_middle_formalizer.md;runs/20260526-234221-833521-ASTIS-SALD-001-cycle56/30_lower_1.md;runs/20260526-234221-833521-ASTIS-SALD-001-cycle56/40_reviewer.md;runs/20260526-234221-833521-ASTIS-SALD-001-cycle56/00_context.md;runs/20260526-234221-833521-ASTIS-SALD-001-cycle56/dialogue.md,Created prompt deck with 1 lower agent(s).
595,2026-05-26 23:51:44,20260526-235144-551553-ASTIS-SALD-001-upper-handoff,ASTIS-SALD-001,upper,handoff,queued,not-run,runs/20260526-234221-833521-ASTIS-SALD-001-cycle56,,Cycle 56 recovery completed: discrete forward-KL Gronwall accumulation lower scalar handoff added; source-index refreshed; ASTIS check passed; all slow analytic interfaces remain obligation/source-cited.
596,2026-05-26 23:53:32,20260526-234221-833521-ASTIS-SALD-001-cycle56-10_upper_director,ASTIS-SALD-001,upper,attempt,accepted,not-run,runs/20260526-234221-833521-ASTIS-SALD-001-cycle56/10_upper_director.md,,External agent command exit code 0.
597,2026-05-26 23:55:11,20260526-235511-727436-ASTIS-SALD-001-middle-handoff,ASTIS-SALD-001,middle,handoff,queued,not-run,runs/20260526-234221-833521-ASTIS-SALD-001-cycle56,,"Cycle 56 middle audit completed: discrete thm:forward-KL-discrete route matches main_body.tex:299-323 and appendix.tex:260-592, Gronwall accumulation remains selected lower backend, slow analytic interfaces remain obligation/source-cited, source-index refreshed, ASTIS check passed."
598,2026-05-26 23:55:34,20260526-234221-833521-ASTIS-SALD-001-cycle56-20_middle_formalizer,ASTIS-SALD-001,middle,attempt,accepted,not-run,runs/20260526-234221-833521-ASTIS-SALD-001-cycle56/20_middle_formalizer.md,,External agent command exit code 0.
599,2026-05-27 00:01:19,20260527-000119-526136-ASTIS-SALD-001-lower-handoff,ASTIS-SALD-001,lower,handoff,queued,not-run,runs/20260526-234221-833521-ASTIS-SALD-001-cycle56,,"Cycle 56 lower added proof-producing SALD.discreteForwardKlPointwiseGronwallInputOfPostDvTimeChanged for appendix.tex:526-553, wiring the post-DV s-time inequality pointwise into the exact t-time Gronwall a(t), b(t) input. Updated Lean dependency lists, conversion window, proof obligations, and SLT reuse audit; source-index and ASTIS check passed; all slow analytic interfaces remain obligations/source-cited."
600,2026-05-27 00:02:02,20260526-234221-833521-ASTIS-SALD-001-cycle56-30_lower_1,ASTIS-SALD-001,lower,attempt,accepted,not-run,runs/20260526-234221-833521-ASTIS-SALD-001-cycle56/30_lower_1.md,,External agent command exit code 0.
601,2026-05-27 00:04:23,20260527-000423-754376-ASTIS-SALD-001-reviewer-handoff,ASTIS-SALD-001,reviewer,handoff,queued,not-run,runs/20260526-234221-833521-ASTIS-SALD-001-cycle56,,Reviewer accepted cycle 56: source-index ASTIS-SALD-001 refreshed; ASTIS check passed; no contract drift or backend promotion found for discrete thm:forward-KL-discrete Gronwall route.
602,2026-05-27 00:04:53,20260526-234221-833521-ASTIS-SALD-001-cycle56-40_reviewer,ASTIS-SALD-001,reviewer,attempt,accepted,not-run,runs/20260526-234221-833521-ASTIS-SALD-001-cycle56/40_reviewer.md,,External agent command exit code 0.
603,2026-05-27 00:05:02,20260526-234221-833521-ASTIS-SALD-001-cycle56-build-gate,ASTIS-SALD-001,reviewer,build,compiled,pass,runs/20260526-234221-833521-ASTIS-SALD-001-cycle56,,Cycle build gate.
604,2026-05-27 00:05:02,20260527-000502-376444-ASTIS-SALD-001-cycle57-prompt-deck,ASTIS-SALD-001,upper,plan,queued,not-run,runs/20260527-000502-376444-ASTIS-SALD-001-cycle57,runs/20260527-000502-376444-ASTIS-SALD-001-cycle57/10_upper_director.md;runs/20260527-000502-376444-ASTIS-SALD-001-cycle57/20_middle_formalizer.md;runs/20260527-000502-376444-ASTIS-SALD-001-cycle57/30_lower_1.md;runs/20260527-000502-376444-ASTIS-SALD-001-cycle57/40_reviewer.md;runs/20260527-000502-376444-ASTIS-SALD-001-cycle57/00_context.md;runs/20260527-000502-376444-ASTIS-SALD-001-cycle57/dialogue.md,Created prompt deck with 1 lower agent(s).
605,2026-05-27 00:11:24,20260527-001124-039585-ASTIS-SALD-001-upper-handoff,ASTIS-SALD-001,upper,handoff,queued,not-run,runs/20260527-000502-376444-ASTIS-SALD-001-cycle57,,"Cycle 57 upper handoff: no cycle-56 recovery needed after clean reviewer/build gate; Phase 1 remains theorem-skeleton focused, no broad cited-theory backfill yet; added cycle57 guided/general upper route and DAG nodes for appendix.tex:619-951, selected sald.general_moving_target.kl_derivative appendix.tex:765-884 as lower packet, synchronized conversion window and proof obligations, source-index and ASTIS check passed."
606,2026-05-27 00:12:15,20260527-000502-376444-ASTIS-SALD-001-cycle57-10_upper_director,ASTIS-SALD-001,upper,attempt,accepted,not-run,runs/20260527-000502-376444-ASTIS-SALD-001-cycle57/10_upper_director.md,,External agent command exit code 0.
607,2026-05-27 00:17:47,20260527-001747-587691-ASTIS-SALD-001-middle-handoff,ASTIS-SALD-001,middle,handoff,queued,not-run,runs/20260527-000502-376444-ASTIS-SALD-001-cycle57,,"Cycle 57 middle audit completed: added cycle57 guided/general middle route audit for appendix.tex:619-951, wired prop:guided_path_residual and thm:general-moving-target-SALD to the already named interfaces, selected sald.general_moving_target.kl_derivative as lower packet, source-index and ASTIS check passed."
608,2026-05-27 00:18:28,20260527-000502-376444-ASTIS-SALD-001-cycle57-20_middle_formalizer,ASTIS-SALD-001,middle,attempt,accepted,not-run,runs/20260527-000502-376444-ASTIS-SALD-001-cycle57/20_middle_formalizer.md,,External agent command exit code 0.
609,2026-05-27 00:28:11,20260527-002811-952582-ASTIS-SALD-001-lower-handoff,ASTIS-SALD-001,lower,handoff,queued,not-run,runs/20260527-000502-376444-ASTIS-SALD-001-cycle57,,Cycle 57 lower added proof-producing scalar residual-split handoffs for sald.general_moving_target.kl_derivative over appendix.tex:765-884; source-index and ASTIS check passed; theorem contracts and slow analytic interfaces remain obligation/source-cited.
610,2026-05-27 00:29:07,20260527-000502-376444-ASTIS-SALD-001-cycle57-30_lower_1,ASTIS-SALD-001,lower,attempt,accepted,not-run,runs/20260527-000502-376444-ASTIS-SALD-001-cycle57/30_lower_1.md,,External agent command exit code 0.
611,2026-05-27 00:31:46,20260527-003146-182935-ASTIS-SALD-001-reviewer-handoff,ASTIS-SALD-001,reviewer,handoff,queued,not-run,runs/20260527-000502-376444-ASTIS-SALD-001-cycle57,,"Reviewer accepted cycle 57: source-index ASTIS-SALD-001 refreshed and ASTIS check passed; no fake closures, contract drift, source-anchor drift, SLT promotion, or analytic backend/theorem overpromotion found for guided residual/general moving-target route."
612,2026-05-27 00:32:03,20260527-000502-376444-ASTIS-SALD-001-cycle57-40_reviewer,ASTIS-SALD-001,reviewer,attempt,accepted,not-run,runs/20260527-000502-376444-ASTIS-SALD-001-cycle57/40_reviewer.md,,External agent command exit code 0.
613,2026-05-27 00:32:12,20260527-000502-376444-ASTIS-SALD-001-cycle57-build-gate,ASTIS-SALD-001,reviewer,build,compiled,pass,runs/20260527-000502-376444-ASTIS-SALD-001-cycle57,,Cycle build gate.
614,2026-05-27 00:32:12,20260527-003212-802235-ASTIS-SALD-001-cycle58-prompt-deck,ASTIS-SALD-001,upper,plan,queued,not-run,runs/20260527-003212-802235-ASTIS-SALD-001-cycle58,runs/20260527-003212-802235-ASTIS-SALD-001-cycle58/10_upper_director.md;runs/20260527-003212-802235-ASTIS-SALD-001-cycle58/20_middle_formalizer.md;runs/20260527-003212-802235-ASTIS-SALD-001-cycle58/30_lower_1.md;runs/20260527-003212-802235-ASTIS-SALD-001-cycle58/40_reviewer.md;runs/20260527-003212-802235-ASTIS-SALD-001-cycle58/00_context.md;runs/20260527-003212-802235-ASTIS-SALD-001-cycle58/dialogue.md,Created prompt deck with 1 lower agent(s).
615,2026-05-27 00:39:49,20260527-003949-984261-ASTIS-SALD-001-upper-handoff,ASTIS-SALD-001,upper,handoff,queued,pass,runs/20260527-003212-802235-ASTIS-SALD-001-cycle58,AutoSamplingTheory/SALD.lean;conversion-windows/ASTIS-SALD-001.md;proof-obligations/ASTIS-SALD-001.md;research-wiki/source-index/SALD_original.jsonl,Cycle 58 upper route refresh queued: thm:unified-forward-KL and thm:general-moving-target-SALD-discrete now list the cycle58 workflow obligation/DAG; lower packet is sald.general_moving_target_discrete.gronwall_side_conditions over appendix.tex:1573-1600; source-index and ASTIS check passed.
616,2026-05-27 00:40:12,20260527-003212-802235-ASTIS-SALD-001-cycle58-10_upper_director,ASTIS-SALD-001,upper,attempt,accepted,not-run,runs/20260527-003212-802235-ASTIS-SALD-001-cycle58/10_upper_director.md,,External agent command exit code 0.
617,2026-05-27 00:46:22,20260527-004622-551504-ASTIS-SALD-001-middle-handoff,ASTIS-SALD-001,middle,handoff,queued,not-run,runs/20260527-003212-802235-ASTIS-SALD-001-cycle58,,Cycle 58 middle route audit completed: wired cycle58 middle contract/obligation and DAG node for unified/discrete general route; lower packet remains sald.general_moving_target_discrete.gronwall_side_conditions over appendix.tex:1573-1600; source-index and ASTIS check passed.
618,2026-05-27 00:46:33,20260527-003212-802235-ASTIS-SALD-001-cycle58-20_middle_formalizer,ASTIS-SALD-001,middle,attempt,accepted,not-run,runs/20260527-003212-802235-ASTIS-SALD-001-cycle58/20_middle_formalizer.md,,External agent command exit code 0.
619,2026-05-27 00:53:24,20260527-005324-524956-ASTIS-SALD-001-lower-handoff,ASTIS-SALD-001,lower,handoff,queued,not-run,runs/20260527-003212-802235-ASTIS-SALD-001-cycle58,,"Cycle 58 lower added SALD.generalMovingTargetDiscretePointwiseGronwallInputOfPostDvTimeChanged as a compiled pointwise Gronwall-input wrapper for appendix.tex:1573-1600, wired it into the discrete general Gronwall side-condition route, synchronized notes, and passed source-index plus ASTIS check."
620,2026-05-27 00:53:56,20260527-003212-802235-ASTIS-SALD-001-cycle58-30_lower_1,ASTIS-SALD-001,lower,attempt,accepted,not-run,runs/20260527-003212-802235-ASTIS-SALD-001-cycle58/30_lower_1.md,,External agent command exit code 0.
621,2026-05-27 00:56:30,20260527-005630-249962-ASTIS-SALD-001-reviewer-handoff,ASTIS-SALD-001,reviewer,handoff,queued,not-run,runs/20260527-003212-802235-ASTIS-SALD-001-cycle58,,"Reviewer accepted cycle 58: source-index refreshed, ASTIS check passed, no fake closures/source drift/status overpromotion/SLT promotion found; remaining lower risk is sald.general_moving_target_discrete.gronwall_side_conditions over appendix.tex:1573-1600."
622,2026-05-27 00:57:07,20260527-003212-802235-ASTIS-SALD-001-cycle58-40_reviewer,ASTIS-SALD-001,reviewer,attempt,accepted,not-run,runs/20260527-003212-802235-ASTIS-SALD-001-cycle58/40_reviewer.md,,External agent command exit code 0.
623,2026-05-27 00:57:16,20260527-003212-802235-ASTIS-SALD-001-cycle58-build-gate,ASTIS-SALD-001,reviewer,build,compiled,pass,runs/20260527-003212-802235-ASTIS-SALD-001-cycle58,,Cycle build gate.
624,2026-05-27 00:57:16,20260527-005716-895855-ASTIS-SALD-001-cycle59-prompt-deck,ASTIS-SALD-001,upper,plan,queued,not-run,runs/20260527-005716-895855-ASTIS-SALD-001-cycle59,runs/20260527-005716-895855-ASTIS-SALD-001-cycle59/10_upper_director.md;runs/20260527-005716-895855-ASTIS-SALD-001-cycle59/20_middle_formalizer.md;runs/20260527-005716-895855-ASTIS-SALD-001-cycle59/30_lower_1.md;runs/20260527-005716-895855-ASTIS-SALD-001-cycle59/40_reviewer.md;runs/20260527-005716-895855-ASTIS-SALD-001-cycle59/00_context.md;runs/20260527-005716-895855-ASTIS-SALD-001-cycle59/dialogue.md,Created prompt deck with 1 lower agent(s).
625,2026-05-27 01:07:17,20260527-010717-468506-ASTIS-SALD-001-upper-handoff,ASTIS-SALD-001,upper,handoff,queued,not-run,runs/20260527-005716-895855-ASTIS-SALD-001-cycle59,,Cycle 59 upper analytic-interface ledger completed: cycle58 recovery not needed; Phase 1 stable for one narrow backend only; lower packet remains sald.general_moving_target_discrete.gronwall_side_conditions over appendix.tex:1573-1600; source-index and ASTIS check passed.
626,2026-05-27 01:07:33,20260527-005716-895855-ASTIS-SALD-001-cycle59-10_upper_director,ASTIS-SALD-001,upper,attempt,accepted,not-run,runs/20260527-005716-895855-ASTIS-SALD-001-cycle59/10_upper_director.md,,External agent command exit code 0.
627,2026-05-27 01:14:19,20260527-011419-810126-ASTIS-SALD-001-middle-handoff,ASTIS-SALD-001,middle,handoff,queued,not-run,runs/20260527-005716-895855-ASTIS-SALD-001-cycle59,,"Cycle 59 middle audit added Lean-facing middle contract/obligation/DAG node for the analytic interface ledger, wired it into all six theorem contracts and dependency names, synchronized conversion/proof-obligation/SLT ledgers, kept lower packet on sald.general_moving_target_discrete.gronwall_side_conditions appendix.tex:1573-1600; source-index and ASTIS check passed."
628,2026-05-27 01:15:02,20260527-005716-895855-ASTIS-SALD-001-cycle59-20_middle_formalizer,ASTIS-SALD-001,middle,attempt,accepted,not-run,runs/20260527-005716-895855-ASTIS-SALD-001-cycle59/20_middle_formalizer.md,,External agent command exit code 0.
629,2026-05-27 01:25:14,20260527-012514-474817-ASTIS-SALD-001-lower-handoff,ASTIS-SALD-001,lower,handoff,queued,not-run,runs/20260527-005716-895855-ASTIS-SALD-001-cycle59,,"Cycle 59 lower compiled local Gronwall/display wrappers for sald.general_moving_target_discrete.gronwall_side_conditions, wired cycle59 lower obligation, synchronized notes, and passed source-index plus ASTIS check."
630,2026-05-27 01:25:55,20260527-005716-895855-ASTIS-SALD-001-cycle59-30_lower_1,ASTIS-SALD-001,lower,attempt,accepted,not-run,runs/20260527-005716-895855-ASTIS-SALD-001-cycle59/30_lower_1.md,,External agent command exit code 0.
631,2026-05-27 01:28:53,20260527-012853-937970-ASTIS-SALD-001-reviewer-handoff,ASTIS-SALD-001,reviewer,handoff,queued,pass,runs/20260527-005716-895855-ASTIS-SALD-001-cycle59,research-wiki/source-index/SALD_original.jsonl;runs/20260527-005716-895855-ASTIS-SALD-001-cycle59/dialogue.md,"Reviewer accepted cycle 59: source-index refreshed with 103 declarations and ASTIS check passed; no fake closures, source drift, theorem/status overpromotion, SLT import/promotion, or contract drift found. New lower wrappers accepted only as local display/endpoint rewrites; remaining risk is sald.general_moving_target_discrete.gronwall_side_conditions over appendix.tex:1573-1600."
632,2026-05-27 01:29:13,20260527-005716-895855-ASTIS-SALD-001-cycle59-40_reviewer,ASTIS-SALD-001,reviewer,attempt,accepted,not-run,runs/20260527-005716-895855-ASTIS-SALD-001-cycle59/40_reviewer.md,,External agent command exit code 0.
633,2026-05-27 01:29:22,20260527-005716-895855-ASTIS-SALD-001-cycle59-build-gate,ASTIS-SALD-001,reviewer,build,compiled,pass,runs/20260527-005716-895855-ASTIS-SALD-001-cycle59,,Cycle build gate.
634,2026-05-27 01:29:22,20260527-012922-876311-ASTIS-SALD-001-cycle60-prompt-deck,ASTIS-SALD-001,upper,plan,queued,not-run,runs/20260527-012922-876311-ASTIS-SALD-001-cycle60,runs/20260527-012922-876311-ASTIS-SALD-001-cycle60/10_upper_director.md;runs/20260527-012922-876311-ASTIS-SALD-001-cycle60/20_middle_formalizer.md;runs/20260527-012922-876311-ASTIS-SALD-001-cycle60/30_lower_1.md;runs/20260527-012922-876311-ASTIS-SALD-001-cycle60/40_reviewer.md;runs/20260527-012922-876311-ASTIS-SALD-001-cycle60/00_context.md;runs/20260527-012922-876311-ASTIS-SALD-001-cycle60/dialogue.md,Created prompt deck with 1 lower agent(s).
635,2026-05-27 01:37:23,20260527-013723-458145-ASTIS-SALD-001-upper-handoff,ASTIS-SALD-001,upper,handoff,queued,not-run,runs/20260527-012922-876311-ASTIS-SALD-001-cycle60,,"Cycle 60 upper wired continuous thm:forward-KL after accepted cycle-59 ledger: added SALD.cycle60ForwardKlSkeletonUpperPacket, SALD.cycle60ForwardKlSkeletonObligation, cycle60 DAG nodes, continuous contract and dependency wiring; synced conversion window, proof obligations, and SLT audit. Lower packet: sald.forward_kl.kl_derivative over appendix.tex:168-228. source-index and ASTIS check passed."
636,2026-05-27 01:37:44,20260527-012922-876311-ASTIS-SALD-001-cycle60-10_upper_director,ASTIS-SALD-001,upper,attempt,accepted,not-run,runs/20260527-012922-876311-ASTIS-SALD-001-cycle60/10_upper_director.md,,External agent command exit code 0.
637,2026-05-27 01:43:29,20260527-014329-283885-ASTIS-SALD-001-middle-handoff,ASTIS-SALD-001,middle,handoff,queued,not-run,runs/20260527-012922-876311-ASTIS-SALD-001-cycle60,,"Cycle 60 middle audit added SALD.cycle60ForwardKlSkeletonMiddleContract / SALD.cycle60ForwardKlSkeletonMiddleObligation and ASTIS.SALD.forward_KL.cycle60_middle_route_audit, wired continuous thm:forward-KL to the post-cycle-59 route, kept lower packet on sald.forward_kl.kl_derivative over appendix.tex:168-228, synchronized ledgers, source-index passed, ASTIS check passed."
638,2026-05-27 01:43:47,20260527-012922-876311-ASTIS-SALD-001-cycle60-20_middle_formalizer,ASTIS-SALD-001,middle,attempt,accepted,not-run,runs/20260527-012922-876311-ASTIS-SALD-001-cycle60/20_middle_formalizer.md,,External agent command exit code 0.
639,2026-05-27 01:49:52,20260527-014952-373703-ASTIS-SALD-001-lower-handoff,ASTIS-SALD-001,lower,handoff,queued,not-run,runs/20260527-012922-876311-ASTIS-SALD-001-cycle60,,"Cycle 60 lower compiled raw KL-derivative scalar wrapper for thm:forward-KL: from raw split with mass term plus supplied mass conservation, first-term -FI, target Cauchy, LSI, velocity scaling, and inverse schedule inputs to the t-time pre-DV inequality; analytic backends remain obligations; source-index and ASTIS check passed."
640,2026-05-27 01:50:45,20260527-012922-876311-ASTIS-SALD-001-cycle60-30_lower_1,ASTIS-SALD-001,lower,attempt,accepted,not-run,runs/20260527-012922-876311-ASTIS-SALD-001-cycle60/30_lower_1.md,,External agent command exit code 0.
641,2026-05-27 01:53:05,20260527-015305-707417-ASTIS-SALD-001-reviewer-handoff,ASTIS-SALD-001,reviewer,handoff,queued,not-run,runs/20260527-012922-876311-ASTIS-SALD-001-cycle60,,"Reviewer accepted cycle 60: source-index refreshed with 103 declarations; python3 tools/astis.py check passed. thm:forward-KL skeleton wiring matches main_body.tex:238-247 and appendix.tex:164-252, theorem remains contractOnly, slow interfaces remain obligation/source-cited, no fake closures or SLT overpromotion found; next risk remains sald.forward_kl.kl_derivative appendix.tex:168-228."
642,2026-05-27 01:53:13,20260527-015313-583385-ASTIS-SALD-001-reviewer-build,ASTIS-SALD-001,reviewer,build,accepted,not-run,runs/20260527-012922-876311-ASTIS-SALD-001-cycle60,,Cycle 60 reviewer build gate: source-index refreshed with 103 declarations and mandatory python3 tools/astis.py check passed after review handoff.
643,2026-05-27 01:53:22,20260527-012922-876311-ASTIS-SALD-001-cycle60-40_reviewer,ASTIS-SALD-001,reviewer,attempt,accepted,not-run,runs/20260527-012922-876311-ASTIS-SALD-001-cycle60/40_reviewer.md,,External agent command exit code 0.
644,2026-05-27 01:53:31,20260527-012922-876311-ASTIS-SALD-001-cycle60-build-gate,ASTIS-SALD-001,reviewer,build,compiled,pass,runs/20260527-012922-876311-ASTIS-SALD-001-cycle60,,Cycle build gate.
645,2026-05-27 01:53:31,20260527-015331-771246-ASTIS-SALD-001-cycle61-prompt-deck,ASTIS-SALD-001,upper,plan,queued,not-run,runs/20260527-015331-771246-ASTIS-SALD-001-cycle61,runs/20260527-015331-771246-ASTIS-SALD-001-cycle61/10_upper_director.md;runs/20260527-015331-771246-ASTIS-SALD-001-cycle61/20_middle_formalizer.md;runs/20260527-015331-771246-ASTIS-SALD-001-cycle61/30_lower_1.md;runs/20260527-015331-771246-ASTIS-SALD-001-cycle61/40_reviewer.md;runs/20260527-015331-771246-ASTIS-SALD-001-cycle61/00_context.md;runs/20260527-015331-771246-ASTIS-SALD-001-cycle61/dialogue.md,Created prompt deck with 1 lower agent(s).
646,2026-05-27 02:00:21,20260527-020021-975492-ASTIS-SALD-001-upper-handoff,ASTIS-SALD-001,upper,handoff,queued,not-run,runs/20260527-015331-771246-ASTIS-SALD-001-cycle61,,"Cycle 61 upper recovered the discrete thm:forward-KL-discrete route after accepted cycle 60, checked five slow interfaces, wired cycle61 route/DAG/dependencies, and selected sald.discrete_forward_kl.accumulated_error_bridge as lower packet; source-index and check passed."
647,2026-05-27 02:00:50,20260527-015331-771246-ASTIS-SALD-001-cycle61-10_upper_director,ASTIS-SALD-001,upper,attempt,accepted,not-run,runs/20260527-015331-771246-ASTIS-SALD-001-cycle61/10_upper_director.md,,External agent command exit code 0.
648,2026-05-27 02:07:39,20260527-020739-688992-ASTIS-SALD-001-middle-handoff,ASTIS-SALD-001,middle,handoff,queued,not-run,runs/20260527-015331-771246-ASTIS-SALD-001-cycle61,,"Cycle 61 middle audit wired recovered discrete forward-KL route to accumulated-error bridge: added SALD.cycle61DiscreteForwardKlSkeletonMiddleContract, SALD.cycle61DiscreteForwardKlSkeletonMiddleObligation, and DAG node ASTIS.SALD.forward_KL_discrete.cycle61_middle_route_audit; updated conversion window, proof obligations, and dialogue; source-index and mandatory check passed."
649,2026-05-27 02:08:25,20260527-015331-771246-ASTIS-SALD-001-cycle61-20_middle_formalizer,ASTIS-SALD-001,middle,attempt,accepted,not-run,runs/20260527-015331-771246-ASTIS-SALD-001-cycle61/20_middle_formalizer.md,,External agent command exit code 0.
650,2026-05-27 02:15:30,20260527-021530-661481-ASTIS-SALD-001-lower-handoff,ASTIS-SALD-001,lower,handoff,queued,not-run,runs/20260527-015331-771246-ASTIS-SALD-001-cycle61,,Cycle 61 lower compiled SALD.discreteForwardKlResidualIntegralDisplayBoundScalar and added SALD.cycle61DiscreteForwardKlAccumulatedErrorLowerObligation for the discrete forward-KL residual additive display; source-index and python3 tools/astis.py check passed.
651,2026-05-27 02:16:07,20260527-015331-771246-ASTIS-SALD-001-cycle61-30_lower_1,ASTIS-SALD-001,lower,attempt,accepted,not-run,runs/20260527-015331-771246-ASTIS-SALD-001-cycle61/30_lower_1.md,,External agent command exit code 0.
652,2026-05-27 02:19:02,20260527-021902-331155-ASTIS-SALD-001-reviewer-handoff,ASTIS-SALD-001,reviewer,handoff,queued,not-run,runs/20260527-015331-771246-ASTIS-SALD-001-cycle61,,Reviewer accepted cycle 61 after source-index refresh and mandatory ASTIS check. thm:forward-KL-discrete discrete route and accumulated-error lower wrapper are source-aligned; theorem and analytic backends remain below formalized; SLT audit now records no-SLT-import status for cycle 61.
653,2026-05-27 02:19:36,20260527-015331-771246-ASTIS-SALD-001-cycle61-40_reviewer,ASTIS-SALD-001,reviewer,attempt,accepted,not-run,runs/20260527-015331-771246-ASTIS-SALD-001-cycle61/40_reviewer.md,,External agent command exit code 0.
654,2026-05-27 02:19:45,20260527-015331-771246-ASTIS-SALD-001-cycle61-build-gate,ASTIS-SALD-001,reviewer,build,compiled,pass,runs/20260527-015331-771246-ASTIS-SALD-001-cycle61,,Cycle build gate.
655,2026-05-27 02:19:45,20260527-021945-374529-ASTIS-SALD-001-cycle62-prompt-deck,ASTIS-SALD-001,upper,plan,queued,not-run,runs/20260527-021945-374529-ASTIS-SALD-001-cycle62,runs/20260527-021945-374529-ASTIS-SALD-001-cycle62/10_upper_director.md;runs/20260527-021945-374529-ASTIS-SALD-001-cycle62/20_middle_formalizer.md;runs/20260527-021945-374529-ASTIS-SALD-001-cycle62/30_lower_1.md;runs/20260527-021945-374529-ASTIS-SALD-001-cycle62/40_reviewer.md;runs/20260527-021945-374529-ASTIS-SALD-001-cycle62/00_context.md;runs/20260527-021945-374529-ASTIS-SALD-001-cycle62/dialogue.md,Created prompt deck with 1 lower agent(s).
656,2026-05-27 02:27:06,20260527-022706-607361-ASTIS-SALD-001-upper-handoff,ASTIS-SALD-001,upper,handoff,queued,not-run,runs/20260527-021945-374529-ASTIS-SALD-001-cycle62,,"Cycle 62 upper added the guided/general route wrapper after cycle-61 recovery: SALD.cycle62GuidedGeneralSkeletonUpperPacket, SALD.cycle62GuidedGeneralSkeletonObligation, cycle62 DAG/dependency names, docs, SLT audit, and source-index synced; lower packet is appendix.tex:619-951 route audit narrowing to sald.general_moving_target.kl_derivative. source-index and mandatory check passed."
657,2026-05-27 02:28:11,20260527-021945-374529-ASTIS-SALD-001-cycle62-10_upper_director,ASTIS-SALD-001,upper,attempt,accepted,not-run,runs/20260527-021945-374529-ASTIS-SALD-001-cycle62/10_upper_director.md,,External agent command exit code 0.
658,2026-05-27 02:34:48,20260527-023448-626883-ASTIS-SALD-001-middle-handoff,ASTIS-SALD-001,middle,handoff,queued,not-run,runs/20260527-021945-374529-ASTIS-SALD-001-cycle62,,"Cycle 62 middle added the guided/general middle route audit for appendix.tex:619-951, wired it into Lean contracts/dependencies and Markdown ledgers, and left lower proof-producing work on sald.general_moving_target.kl_derivative over appendix.tex:765-884; source-index and mandatory check passed."
659,2026-05-27 02:35:19,20260527-021945-374529-ASTIS-SALD-001-cycle62-20_middle_formalizer,ASTIS-SALD-001,middle,attempt,accepted,not-run,runs/20260527-021945-374529-ASTIS-SALD-001-cycle62/20_middle_formalizer.md,,External agent command exit code 0.
660,2026-05-27 02:41:51,20260527-024151-064345-ASTIS-SALD-001-lower-handoff,ASTIS-SALD-001,lower,handoff,queued,not-run,runs/20260527-021945-374529-ASTIS-SALD-001-cycle62,,Cycle 62 lower compiled SALD.generalMovingTargetKlDerivativeScaledResidualDisplayScalar for appendix.tex:813-835 and wired it through SALD.cycle62GuidedGeneralScaledResidualLowerObligation plus ASTIS.SALD.general_moving_target.cycle62_scaled_residual_lower; source-index and mandatory ASTIS check passed; continuous general analytic backends remain obligations.
661,2026-05-27 02:42:23,20260527-021945-374529-ASTIS-SALD-001-cycle62-30_lower_1,ASTIS-SALD-001,lower,attempt,accepted,not-run,runs/20260527-021945-374529-ASTIS-SALD-001-cycle62/30_lower_1.md,,External agent command exit code 0.
662,2026-05-27 02:44:28,20260527-024428-006858-ASTIS-SALD-001-reviewer-handoff,ASTIS-SALD-001,reviewer,handoff,queued,not-run,runs/20260527-021945-374529-ASTIS-SALD-001-cycle62,,"Reviewer accepted cycle 62. source-index ASTIS-SALD-001 and python3 tools/astis.py check passed; cycle-62 guided/general route preserves appendix.tex:619-951 source order, keeps prop:guided_path_residual and thm:general-moving-target-SALD contractOnly, records the appendix.tex:813-835 scaled residual scalar handoff as local algebra only, and leaves continuous KL derivative/FP, LSI, DV, Gronwall, pure contraction, and EM backends below formalized."
663,2026-05-27 02:44:47,20260527-021945-374529-ASTIS-SALD-001-cycle62-40_reviewer,ASTIS-SALD-001,reviewer,attempt,accepted,not-run,runs/20260527-021945-374529-ASTIS-SALD-001-cycle62/40_reviewer.md,,External agent command exit code 0.
664,2026-05-27 02:44:56,20260527-021945-374529-ASTIS-SALD-001-cycle62-build-gate,ASTIS-SALD-001,reviewer,build,compiled,pass,runs/20260527-021945-374529-ASTIS-SALD-001-cycle62,,Cycle build gate.
665,2026-05-27 02:44:56,20260527-024456-879134-ASTIS-SALD-001-cycle63-prompt-deck,ASTIS-SALD-001,upper,plan,queued,not-run,runs/20260527-024456-879134-ASTIS-SALD-001-cycle63,runs/20260527-024456-879134-ASTIS-SALD-001-cycle63/10_upper_director.md;runs/20260527-024456-879134-ASTIS-SALD-001-cycle63/20_middle_formalizer.md;runs/20260527-024456-879134-ASTIS-SALD-001-cycle63/30_lower_1.md;runs/20260527-024456-879134-ASTIS-SALD-001-cycle63/40_reviewer.md;runs/20260527-024456-879134-ASTIS-SALD-001-cycle63/00_context.md;runs/20260527-024456-879134-ASTIS-SALD-001-cycle63/dialogue.md,Created prompt deck with 1 lower agent(s).
666,2026-05-27 02:54:21,20260527-025421-978468-ASTIS-SALD-001-upper-handoff,ASTIS-SALD-001,upper,handoff,queued,not-run,runs/20260527-024456-879134-ASTIS-SALD-001-cycle63,,"Cycle 63 upper wired thm:unified-forward-KL and thm:general-moving-target-SALD-discrete through the accepted continuous/general skeletons and explicit source-cited interfaces, added the narrow formalized local measure helper AutoSamplingTheory.lawMapProdEqOfAEEq for paired EM endpoint-law Measure.map equality, updated SALD Lean contracts/DAG/dependencies plus conversion window, proof-obligation ledger, and SLT reuse audit; source-index ASTIS-SALD-001 and mandatory check passed."
667,2026-05-27 02:54:45,20260527-024456-879134-ASTIS-SALD-001-cycle63-10_upper_director,ASTIS-SALD-001,upper,attempt,accepted,not-run,runs/20260527-024456-879134-ASTIS-SALD-001-cycle63/10_upper_director.md,,External agent command exit code 0.
668,2026-05-27 03:01:25,20260527-030125-470700-ASTIS-SALD-001-middle-handoff,ASTIS-SALD-001,middle,handoff,queued,not-run,runs/20260527-024456-879134-ASTIS-SALD-001-cycle63,,"Cycle 63 middle added the unified/discrete general middle route audit, wired SALD.cycle63UnifiedDiscreteGeneralMiddleContract and SALD.cycle63UnifiedDiscreteGeneralMiddleObligation into theorem contracts/DAG/dependencies and ledgers, compiled SALD.generalMovingTargetDiscreteEmJointEndpointMeasureMapOfNamedInterpolation as local paired endpoint-law Measure.map bookkeeping, and left lower work on the conditional-law/Fokker-Planck backend over appendix.tex:1358-1387; source-index and mandatory ASTIS check passed."
669,2026-05-27 03:01:43,20260527-024456-879134-ASTIS-SALD-001-cycle63-20_middle_formalizer,ASTIS-SALD-001,middle,attempt,accepted,not-run,runs/20260527-024456-879134-ASTIS-SALD-001-cycle63/20_middle_formalizer.md,,External agent command exit code 0.
670,2026-05-27 03:08:59,20260527-030859-394617-ASTIS-SALD-001-lower-handoff,ASTIS-SALD-001,lower,handoff,queued,not-run,runs/20260527-024456-879134-ASTIS-SALD-001-cycle63,,"Cycle 63 lower added formalized local endpoint-law marginal projection helpers AutoSamplingTheory.lawMapProdFst/Snd plus SALD.generalMovingTargetDiscreteEmJointEndpointMarginalLawsOfNamedInterpolation, synchronized cycle-63 ledgers/dependencies, and kept all analytic backends and theorem contracts below formalized; source-index and python3 tools/astis.py check passed."
671,2026-05-27 03:09:28,20260527-024456-879134-ASTIS-SALD-001-cycle63-30_lower_1,ASTIS-SALD-001,lower,attempt,accepted,not-run,runs/20260527-024456-879134-ASTIS-SALD-001-cycle63/30_lower_1.md,,External agent command exit code 0.
672,2026-05-27 03:11:25,20260527-031125-382916-ASTIS-SALD-001-reviewer-handoff,ASTIS-SALD-001,reviewer,handoff,queued,not-run,runs/20260527-024456-879134-ASTIS-SALD-001-cycle63,,"Reviewer accepted cycle 63: source-index ASTIS-SALD-001 and mandatory check passed; cycle-63 route preserves source order and contractOnly theorem statuses, formalizes only local endpoint-law Measure.map/marginal projection bookkeeping for appendix.tex:1354-1357, and leaves conditional-law/FP, KL derivative, DV, LSI/KL/FI, Gronwall, theorem status, and SLT imports below formalized."
673,2026-05-27 03:11:38,20260527-024456-879134-ASTIS-SALD-001-cycle63-40_reviewer,ASTIS-SALD-001,reviewer,attempt,accepted,not-run,runs/20260527-024456-879134-ASTIS-SALD-001-cycle63/40_reviewer.md,,External agent command exit code 0.
674,2026-05-27 03:11:46,20260527-024456-879134-ASTIS-SALD-001-cycle63-build-gate,ASTIS-SALD-001,reviewer,build,compiled,pass,runs/20260527-024456-879134-ASTIS-SALD-001-cycle63,,Cycle build gate.
675,2026-05-27 03:11:47,20260527-031146-978662-ASTIS-SALD-001-cycle64-prompt-deck,ASTIS-SALD-001,upper,plan,queued,not-run,runs/20260527-031146-978662-ASTIS-SALD-001-cycle64,runs/20260527-031146-978662-ASTIS-SALD-001-cycle64/10_upper_director.md;runs/20260527-031146-978662-ASTIS-SALD-001-cycle64/20_middle_formalizer.md;runs/20260527-031146-978662-ASTIS-SALD-001-cycle64/30_lower_1.md;runs/20260527-031146-978662-ASTIS-SALD-001-cycle64/40_reviewer.md;runs/20260527-031146-978662-ASTIS-SALD-001-cycle64/00_context.md;runs/20260527-031146-978662-ASTIS-SALD-001-cycle64/dialogue.md,Created prompt deck with 1 lower agent(s).
676,2026-05-27 03:20:03,20260527-032003-078012-ASTIS-SALD-001-upper-handoff,ASTIS-SALD-001,upper,handoff,queued,not-run,runs/20260527-031146-978662-ASTIS-SALD-001-cycle64,,"Cycle 64 upper analytic-interface ledger complete: added SALD.cycle64MainSkeletonAnalyticInterfaceLedger / Obligation / Dag, wired the five slow interfaces through the six theorem skeletons, selected sald.general_moving_target_discrete.em_interpolation_fp over appendix.tex:1358-1387 as lower packet, and kept all unproved analytic backends/theorem contracts below formalized. source-index ASTIS-SALD-001 and mandatory check passed."
677,2026-05-27 03:20:28,20260527-031146-978662-ASTIS-SALD-001-cycle64-10_upper_director,ASTIS-SALD-001,upper,attempt,accepted,not-run,runs/20260527-031146-978662-ASTIS-SALD-001-cycle64/10_upper_director.md,,External agent command exit code 0.
678,2026-05-27 03:26:25,20260527-032625-474419-ASTIS-SALD-001-middle-handoff,ASTIS-SALD-001,middle,handoff,queued,not-run,runs/20260527-031146-978662-ASTIS-SALD-001-cycle64,,Cycle 64 middle interface audit added and wired; appendix.tex:1358-1387 lower packet sharpened; source-index and mandatory ASTIS check passed.
679,2026-05-27 03:26:56,20260527-031146-978662-ASTIS-SALD-001-cycle64-20_middle_formalizer,ASTIS-SALD-001,middle,attempt,accepted,not-run,runs/20260527-031146-978662-ASTIS-SALD-001-cycle64/20_middle_formalizer.md,,External agent command exit code 0.
680,2026-05-27 03:35:01,20260527-033501-064283-ASTIS-SALD-001-lower-handoff,ASTIS-SALD-001,lower,handoff,queued,not-run,runs/20260527-031146-978662-ASTIS-SALD-001-cycle64,,"Cycle 64 lower compiled SALD.generalMovingTargetDiscreteConditionalDriftLinearCombination and SALD.generalMovingTargetDiscreteConditionalDriftFieldOfLinearCombination, added the conditional-drift contract/obligation for appendix.tex:1368-1377, wired it into the cycle-64 dependencies and discrete general theorem route, and synchronized conversion/proof-obligation/SLT ledgers. Analytic conditional-law, density/AC, weak FP, KL derivative, theorem status, and SLT reuse remain below formalized. source-index and mandatory check passed."
681,2026-05-27 03:35:33,20260527-031146-978662-ASTIS-SALD-001-cycle64-30_lower_1,ASTIS-SALD-001,lower,attempt,accepted,not-run,runs/20260527-031146-978662-ASTIS-SALD-001-cycle64/30_lower_1.md,,External agent command exit code 0.
682,2026-05-27 03:37:45,20260527-033745-510934-ASTIS-SALD-001-reviewer-handoff,ASTIS-SALD-001,reviewer,handoff,queued,not-run,runs/20260527-031146-978662-ASTIS-SALD-001-cycle64,,"Reviewer accepted cycle 64 after source-index and mandatory ASTIS check passed. No fake proof closures found beyond policy strings. Cycle 64 keeps five slow analytic backends and six theorem skeletons below formalized; accepted formalized work is only local conditional-expectation linearity algebra for appendix.tex:1368-1377 under explicit supplied linearity hypotheses, with regular conditional law/density/weak FP/KL derivative/LSI/DV/Gronwall still obligations."
683,2026-05-27 03:38:08,20260527-031146-978662-ASTIS-SALD-001-cycle64-40_reviewer,ASTIS-SALD-001,reviewer,attempt,accepted,not-run,runs/20260527-031146-978662-ASTIS-SALD-001-cycle64/40_reviewer.md,,External agent command exit code 0.
684,2026-05-27 03:38:17,20260527-031146-978662-ASTIS-SALD-001-cycle64-build-gate,ASTIS-SALD-001,reviewer,build,compiled,pass,runs/20260527-031146-978662-ASTIS-SALD-001-cycle64,,Cycle build gate.
685,2026-05-27 03:38:17,20260527-033817-508354-ASTIS-SALD-001-cycle65-prompt-deck,ASTIS-SALD-001,upper,plan,queued,not-run,runs/20260527-033817-508354-ASTIS-SALD-001-cycle65,runs/20260527-033817-508354-ASTIS-SALD-001-cycle65/10_upper_director.md;runs/20260527-033817-508354-ASTIS-SALD-001-cycle65/20_middle_formalizer.md;runs/20260527-033817-508354-ASTIS-SALD-001-cycle65/30_lower_1.md;runs/20260527-033817-508354-ASTIS-SALD-001-cycle65/40_reviewer.md;runs/20260527-033817-508354-ASTIS-SALD-001-cycle65/00_context.md;runs/20260527-033817-508354-ASTIS-SALD-001-cycle65/dialogue.md,Created prompt deck with 1 lower agent(s).
686,2026-05-27 03:45:50,20260527-034550-015819-ASTIS-SALD-001-upper-handoff,ASTIS-SALD-001,upper,handoff,queued,not-run,runs/20260527-033817-508354-ASTIS-SALD-001-cycle65,,Cycle 65 upper added and wired the post-cycle64 continuous thm:forward-KL route; selected sald.forward_kl.kl_derivative over appendix.tex:168-228 as lower packet; source-index and mandatory ASTIS check passed.
687,2026-05-27 03:46:35,20260527-033817-508354-ASTIS-SALD-001-cycle65-10_upper_director,ASTIS-SALD-001,upper,attempt,accepted,not-run,runs/20260527-033817-508354-ASTIS-SALD-001-cycle65/10_upper_director.md,,External agent command exit code 0.
688,2026-05-27 03:51:48,20260527-035148-951132-ASTIS-SALD-001-middle-handoff,ASTIS-SALD-001,middle,handoff,queued,not-run,runs/20260527-033817-508354-ASTIS-SALD-001-cycle65,,"Cycle 65 middle continuous forward-KL audit added: wired SALD.cycle65ForwardKlSkeletonMiddleContract/Obligation and ASTIS.SALD.forward_KL.cycle65_middle_route_audit into continuousSaldContract, forwardKlProofDag, and saldDependenciesForLabel thm:forward-KL; synchronized conversion/proof-obligation/SLT ledgers; lower remains sald.forward_kl.kl_derivative over appendix.tex:168-228; source-index and mandatory check passed."
689,2026-05-27 03:52:15,20260527-033817-508354-ASTIS-SALD-001-cycle65-20_middle_formalizer,ASTIS-SALD-001,middle,attempt,accepted,not-run,runs/20260527-033817-508354-ASTIS-SALD-001-cycle65/20_middle_formalizer.md,,External agent command exit code 0.
690,2026-05-27 03:58:05,20260527-035805-829635-ASTIS-SALD-001-lower-handoff,ASTIS-SALD-001,lower,handoff,queued,not-run,runs/20260527-033817-508354-ASTIS-SALD-001-cycle65,,"Cycle 65 lower compiled the pointwise continuous forward-KL pre-DV derivative wrapper SALD.forwardKlPointwisePreDvDerivativeBoundOfRawKlFiVelocityScaling and registered the cycle65 derivative pointwise lower obligation/DAG node. Ledgers synchronized; analytic FP/KL, LSI, DV, Gronwall, EM, and theorem statuses remain below formalized; source-index and mandatory check passed."
691,2026-05-27 03:58:41,20260527-033817-508354-ASTIS-SALD-001-cycle65-30_lower_1,ASTIS-SALD-001,lower,attempt,accepted,not-run,runs/20260527-033817-508354-ASTIS-SALD-001-cycle65/30_lower_1.md,,External agent command exit code 0.
692,2026-05-27 04:01:17,20260527-040117-601771-ASTIS-SALD-001-reviewer-handoff,ASTIS-SALD-001,reviewer,handoff,queued,not-run,runs/20260527-033817-508354-ASTIS-SALD-001-cycle65,,"Reviewer accepted cycle 65 after source-index and mandatory ASTIS check passed. thm:forward-KL route matches main_body.tex:238-247 and appendix.tex:164-252; theorem and slow analytic interfaces remain below formalized. Accepted compiled scope is only SALD.forwardKlPointwisePreDvDerivativeBoundOfRawKlFiVelocityScaling as local pointwise Real/order packaging under explicit hypotheses. No fake closures, source drift, sald_version_2.tex use, contract drift, or SLT promotion found."
693,2026-05-27 04:01:43,20260527-033817-508354-ASTIS-SALD-001-cycle65-40_reviewer,ASTIS-SALD-001,reviewer,attempt,accepted,not-run,runs/20260527-033817-508354-ASTIS-SALD-001-cycle65/40_reviewer.md,,External agent command exit code 0.
694,2026-05-27 04:01:52,20260527-033817-508354-ASTIS-SALD-001-cycle65-build-gate,ASTIS-SALD-001,reviewer,build,compiled,pass,runs/20260527-033817-508354-ASTIS-SALD-001-cycle65,,Cycle build gate.
695,2026-05-27 04:01:52,20260527-040152-881376-ASTIS-SALD-001-cycle66-prompt-deck,ASTIS-SALD-001,upper,plan,queued,not-run,runs/20260527-040152-881376-ASTIS-SALD-001-cycle66,runs/20260527-040152-881376-ASTIS-SALD-001-cycle66/10_upper_director.md;runs/20260527-040152-881376-ASTIS-SALD-001-cycle66/20_middle_formalizer.md;runs/20260527-040152-881376-ASTIS-SALD-001-cycle66/30_lower_1.md;runs/20260527-040152-881376-ASTIS-SALD-001-cycle66/40_reviewer.md;runs/20260527-040152-881376-ASTIS-SALD-001-cycle66/00_context.md;runs/20260527-040152-881376-ASTIS-SALD-001-cycle66/dialogue.md,Created prompt deck with 1 lower agent(s).
696,2026-05-27 04:09:15,20260527-040915-476617-ASTIS-SALD-001-upper-handoff,ASTIS-SALD-001,upper,handoff,queued,not-run,runs/20260527-040152-881376-ASTIS-SALD-001-cycle66,,"Cycle 66 upper added the discrete forward-KL theorem-route wiring through source-cited EM/Fokker-Planck, LSI/KL/FI, DV, Gronwall, and accumulated-error interfaces; lower packet is sald.discrete_forward_kl.accumulated_error_bridge over appendix.tex:557-592 and main_body.tex:309-323. Source-index and mandatory check passed; statuses remain below formalized."
697,2026-05-27 04:09:45,20260527-040152-881376-ASTIS-SALD-001-cycle66-10_upper_director,ASTIS-SALD-001,upper,attempt,accepted,not-run,runs/20260527-040152-881376-ASTIS-SALD-001-cycle66/10_upper_director.md,,External agent command exit code 0.
698,2026-05-27 04:15:07,20260527-041507-597052-ASTIS-SALD-001-middle-handoff,ASTIS-SALD-001,middle,handoff,queued,not-run,runs/20260527-040152-881376-ASTIS-SALD-001-cycle66,,Cycle 66 middle added and wired SALD.cycle66DiscreteForwardKlSkeletonMiddleContract/Obligation plus ASTIS.SALD.forward_KL_discrete.cycle66_middle_route_audit for thm:forward-KL-discrete; synchronized conversion/proof-obligation/SLT ledgers; lower target remains sald.discrete_forward_kl.accumulated_error_bridge; source-index and mandatory check passed.
699,2026-05-27 04:15:39,20260527-040152-881376-ASTIS-SALD-001-cycle66-20_middle_formalizer,ASTIS-SALD-001,middle,attempt,accepted,not-run,runs/20260527-040152-881376-ASTIS-SALD-001-cycle66/20_middle_formalizer.md,,External agent command exit code 0.
700,2026-05-27 04:24:36,20260527-042436-123889-ASTIS-SALD-001-lower-handoff,ASTIS-SALD-001,lower,handoff,queued,not-run,runs/20260527-040152-881376-ASTIS-SALD-001-cycle66,,Cycle 66 lower compiled SALD.discreteForwardKlMainDisplayBoundScalar and added SALD.cycle66DiscreteForwardKlAccumulatedDisplayLowerObligation for the discrete forward-KL accumulated-error bridge display wrapper; ledgers synchronized; source-index and mandatory ASTIS check passed; theorem and slow analytic interfaces remain below formalized.
701,2026-05-27 04:25:19,20260527-040152-881376-ASTIS-SALD-001-cycle66-30_lower_1,ASTIS-SALD-001,lower,attempt,accepted,not-run,runs/20260527-040152-881376-ASTIS-SALD-001-cycle66/30_lower_1.md,,External agent command exit code 0.
702,2026-05-27 04:27:18,20260527-042718-555173-ASTIS-SALD-001-reviewer-handoff,ASTIS-SALD-001,reviewer,handoff,queued,not-run,runs/20260527-040152-881376-ASTIS-SALD-001-cycle66,,Reviewer accepted cycle 66: source-index and mandatory ASTIS check passed; discrete forward-KL route/source correspondence and status discipline validated; lower compiled only SALD.discreteForwardKlMainDisplayBoundScalar local scalar wrapper; slow analytic backends and thm:forward-KL-discrete remain below formalized.
703,2026-05-27 04:27:43,20260527-040152-881376-ASTIS-SALD-001-cycle66-40_reviewer,ASTIS-SALD-001,reviewer,attempt,accepted,not-run,runs/20260527-040152-881376-ASTIS-SALD-001-cycle66/40_reviewer.md,,External agent command exit code 0.
704,2026-05-27 04:27:52,20260527-040152-881376-ASTIS-SALD-001-cycle66-build-gate,ASTIS-SALD-001,reviewer,build,compiled,pass,runs/20260527-040152-881376-ASTIS-SALD-001-cycle66,,Cycle build gate.
705,2026-05-27 04:27:52,20260527-042752-381318-ASTIS-SALD-001-cycle67-prompt-deck,ASTIS-SALD-001,upper,plan,queued,not-run,runs/20260527-042752-381318-ASTIS-SALD-001-cycle67,runs/20260527-042752-381318-ASTIS-SALD-001-cycle67/10_upper_director.md;runs/20260527-042752-381318-ASTIS-SALD-001-cycle67/20_middle_formalizer.md;runs/20260527-042752-381318-ASTIS-SALD-001-cycle67/30_lower_1.md;runs/20260527-042752-381318-ASTIS-SALD-001-cycle67/40_reviewer.md;runs/20260527-042752-381318-ASTIS-SALD-001-cycle67/00_context.md;runs/20260527-042752-381318-ASTIS-SALD-001-cycle67/dialogue.md,Created prompt deck with 1 lower agent(s).
706,2026-05-27 04:35:13,20260527-043513-938971-ASTIS-SALD-001-upper-handoff,ASTIS-SALD-001,upper,handoff,queued,not-run,runs/20260527-042752-381318-ASTIS-SALD-001-cycle67,,Cycle 67 upper added guided/general route wiring for appendix.tex:619-951 and selected sald.general_moving_target.cycle67_residual_to_gronwall_bridge as lower packet; source-index and mandatory check passed.
707,2026-05-27 04:35:24,20260527-043524-095369-ASTIS-SALD-001-upper-attempt,ASTIS-SALD-001,upper,attempt,accepted,not-run,runs/20260527-042752-381318-ASTIS-SALD-001-cycle67,,External agent command exit code 0.
708,2026-05-27 04:35:53,20260527-042752-381318-ASTIS-SALD-001-cycle67-10_upper_director,ASTIS-SALD-001,upper,attempt,accepted,not-run,runs/20260527-042752-381318-ASTIS-SALD-001-cycle67/10_upper_director.md,,External agent command exit code 0.
709,2026-05-27 04:42:13,20260527-044213-339917-ASTIS-SALD-001-middle-handoff,ASTIS-SALD-001,middle,handoff,queued,not-run,runs/20260527-042752-381318-ASTIS-SALD-001-cycle67,,Cycle 67 middle added and wired SALD.cycle67GuidedGeneralSkeletonMiddleContract/Obligation plus ASTIS.SALD.guided_general.cycle67_middle_route_audit for prop:guided_path_residual and thm:general-moving-target-SALD; lower target remains sald.general_moving_target.cycle67_residual_to_gronwall_bridge; source-index and mandatory ASTIS check passed.
710,2026-05-27 04:42:35,20260527-042752-381318-ASTIS-SALD-001-cycle67-20_middle_formalizer,ASTIS-SALD-001,middle,attempt,accepted,not-run,runs/20260527-042752-381318-ASTIS-SALD-001-cycle67/20_middle_formalizer.md,,External agent command exit code 0.
711,2026-05-27 04:48:17,20260527-044817-740526-ASTIS-SALD-001-lower-handoff,ASTIS-SALD-001,lower,handoff,queued,not-run,runs/20260527-042752-381318-ASTIS-SALD-001-cycle67,,Cycle 67 lower compiled SALD.generalMovingTargetResidualToGronwallBridgeScalar and added SALD.cycle67GuidedGeneralResidualGronwallLowerObligation for sald.general_moving_target.cycle67_residual_to_gronwall_lower; ledgers synchronized; source-index and mandatory ASTIS check passed; theorem contracts and slow analytic interfaces remain below formalized.
712,2026-05-27 04:49:01,20260527-042752-381318-ASTIS-SALD-001-cycle67-30_lower_1,ASTIS-SALD-001,lower,attempt,accepted,not-run,runs/20260527-042752-381318-ASTIS-SALD-001-cycle67/30_lower_1.md,,External agent command exit code 0.
713,2026-05-27 04:50:56,20260527-045056-455476-ASTIS-SALD-001-reviewer-handoff,ASTIS-SALD-001,reviewer,handoff,queued,not-run,runs/20260527-042752-381318-ASTIS-SALD-001-cycle67,,"Reviewer accepted cycle 67: source-index ASTIS-SALD-001 and mandatory ASTIS check passed; source correspondence for appendix.tex:619-951, theorem-status discipline, fake-proof scan, proof-DAG wiring, proof-obligation ledger, and SLT reuse audit were checked; lower compiled only SALD.generalMovingTargetResidualToGronwallBridgeScalar and did not promote Gronwall/DV/LSI/KL/FI/Fokker-Planck/KL derivative/pure-contraction/EM backends or theorem statuses."
714,2026-05-27 04:51:20,20260527-042752-381318-ASTIS-SALD-001-cycle67-40_reviewer,ASTIS-SALD-001,reviewer,attempt,accepted,not-run,runs/20260527-042752-381318-ASTIS-SALD-001-cycle67/40_reviewer.md,,External agent command exit code 0.
715,2026-05-27 04:51:29,20260527-042752-381318-ASTIS-SALD-001-cycle67-build-gate,ASTIS-SALD-001,reviewer,build,compiled,pass,runs/20260527-042752-381318-ASTIS-SALD-001-cycle67,,Cycle build gate.
716,2026-05-27 04:51:30,20260527-045129-965421-ASTIS-SALD-001-cycle68-prompt-deck,ASTIS-SALD-001,upper,plan,queued,not-run,runs/20260527-045129-965421-ASTIS-SALD-001-cycle68,runs/20260527-045129-965421-ASTIS-SALD-001-cycle68/10_upper_director.md;runs/20260527-045129-965421-ASTIS-SALD-001-cycle68/20_middle_formalizer.md;runs/20260527-045129-965421-ASTIS-SALD-001-cycle68/30_lower_1.md;runs/20260527-045129-965421-ASTIS-SALD-001-cycle68/40_reviewer.md;runs/20260527-045129-965421-ASTIS-SALD-001-cycle68/00_context.md;runs/20260527-045129-965421-ASTIS-SALD-001-cycle68/dialogue.md,Created prompt deck with 1 lower agent(s).
717,2026-05-27 04:59:31,20260527-045931-839765-ASTIS-SALD-001-upper-handoff,ASTIS-SALD-001,upper,handoff,queued,not-run,runs/20260527-045129-965421-ASTIS-SALD-001-cycle68,,Cycle 68 upper wired thm:unified-forward-KL and thm:general-moving-target-SALD-discrete through cycle-67 continuous/general route and explicit five slow interfaces; selected sald.unified_discrete_general.cycle68_discrete_general_bridge as lower packet; ledgers synchronized; source-index and mandatory ASTIS check passed; no theorem/backend status promoted.
718,2026-05-27 04:59:58,20260527-045129-965421-ASTIS-SALD-001-cycle68-10_upper_director,ASTIS-SALD-001,upper,attempt,accepted,not-run,runs/20260527-045129-965421-ASTIS-SALD-001-cycle68/10_upper_director.md,,External agent command exit code 0.
719,2026-05-27 05:06:30,20260527-050630-244792-ASTIS-SALD-001-middle-handoff,ASTIS-SALD-001,middle,handoff,queued,not-run,runs/20260527-045129-965421-ASTIS-SALD-001-cycle68,,Cycle 68 middle synchronized unified/discrete-general route via SALD.cycle68UnifiedDiscreteGeneralSkeletonMiddleContract/Obligation and ASTIS.SALD.unified_discrete_general.cycle68_middle_route_audit; lower remains sald.unified_discrete_general.cycle68_discrete_general_bridge; source-index and mandatory ASTIS check passed.
720,2026-05-27 05:07:12,20260527-045129-965421-ASTIS-SALD-001-cycle68-20_middle_formalizer,ASTIS-SALD-001,middle,attempt,accepted,not-run,runs/20260527-045129-965421-ASTIS-SALD-001-cycle68/20_middle_formalizer.md,,External agent command exit code 0.
721,2026-05-27 05:13:50,20260527-051350-294619-ASTIS-SALD-001-lower-handoff,ASTIS-SALD-001,lower,handoff,queued,not-run,runs/20260527-045129-965421-ASTIS-SALD-001-cycle68,,Cycle 68 lower compiled SALD.generalMovingTargetDiscreteGronwallDisplayBridgeScalar and added SALD.cycle68UnifiedDiscreteGeneralDiscreteBridgeLowerObligation for the discrete general bridge lower packet; ledgers synchronized; source-index ASTIS-SALD-001 and python3 tools/astis.py check passed; theorem statuses and slow analytic interfaces remain below formalized.
722,2026-05-27 05:14:28,20260527-045129-965421-ASTIS-SALD-001-cycle68-30_lower_1,ASTIS-SALD-001,lower,attempt,accepted,not-run,runs/20260527-045129-965421-ASTIS-SALD-001-cycle68/30_lower_1.md,,External agent command exit code 0.
723,2026-05-27 05:16:03,20260527-051603-691709-ASTIS-SALD-001-reviewer-handoff,ASTIS-SALD-001,reviewer,handoff,queued,not-run,runs/20260527-045129-965421-ASTIS-SALD-001-cycle68,,"Reviewer accepted cycle 68: source-index and mandatory check passed; proof-DAG wiring, source correspondence, theorem-status discipline, fake-proof scan, proof-obligation ledger, and SLT reuse audit checked; only the local scalar/display bridge was compiled and no analytic backend or theorem status was promoted."
724,2026-05-27 05:16:26,20260527-045129-965421-ASTIS-SALD-001-cycle68-40_reviewer,ASTIS-SALD-001,reviewer,attempt,accepted,not-run,runs/20260527-045129-965421-ASTIS-SALD-001-cycle68/40_reviewer.md,,External agent command exit code 0.
725,2026-05-27 05:16:35,20260527-045129-965421-ASTIS-SALD-001-cycle68-build-gate,ASTIS-SALD-001,reviewer,build,compiled,pass,runs/20260527-045129-965421-ASTIS-SALD-001-cycle68,,Cycle build gate.
726,2026-05-27 05:16:35,20260527-051635-387389-ASTIS-SALD-001-cycle69-prompt-deck,ASTIS-SALD-001,upper,plan,queued,not-run,runs/20260527-051635-387389-ASTIS-SALD-001-cycle69,runs/20260527-051635-387389-ASTIS-SALD-001-cycle69/10_upper_director.md;runs/20260527-051635-387389-ASTIS-SALD-001-cycle69/20_middle_formalizer.md;runs/20260527-051635-387389-ASTIS-SALD-001-cycle69/30_lower_1.md;runs/20260527-051635-387389-ASTIS-SALD-001-cycle69/40_reviewer.md;runs/20260527-051635-387389-ASTIS-SALD-001-cycle69/00_context.md;runs/20260527-051635-387389-ASTIS-SALD-001-cycle69/dialogue.md,Created prompt deck with 1 lower agent(s).
727,2026-05-27 05:26:04,20260527-052604-150393-ASTIS-SALD-001-upper-handoff,ASTIS-SALD-001,upper,handoff,queued,not-run,runs/20260527-051635-387389-ASTIS-SALD-001-cycle69,,Cycle 69 upper post-route analytic interface ledger added and synchronized; selected lower packet sald.general_moving_target_discrete.em_interpolation_fp over appendix.tex:1358-1387; all theorem statuses and slow analytic interfaces remain below formalized; source-index and ASTIS check passed.
728,2026-05-27 05:27:07,20260527-051635-387389-ASTIS-SALD-001-cycle69-10_upper_director,ASTIS-SALD-001,upper,attempt,accepted,not-run,runs/20260527-051635-387389-ASTIS-SALD-001-cycle69/10_upper_director.md,,External agent command exit code 0.
729,2026-05-27 05:33:16,20260527-053316-550726-ASTIS-SALD-001-middle-handoff,ASTIS-SALD-001,middle,handoff,queued,not-run,runs/20260527-051635-387389-ASTIS-SALD-001-cycle69,,Cycle 69 middle synchronized post-route analytic interface ledger with SALD.cycle69MainSkeletonAnalyticMiddleContract/Obligation and ASTIS.SALD.cycle69.middle_interface_audit; lower remains sald.general_moving_target_discrete.em_interpolation_fp over appendix.tex:1358-1387; source-index and mandatory check passed.
730,2026-05-27 05:34:17,20260527-051635-387389-ASTIS-SALD-001-cycle69-20_middle_formalizer,ASTIS-SALD-001,middle,attempt,accepted,not-run,runs/20260527-051635-387389-ASTIS-SALD-001-cycle69/20_middle_formalizer.md,,External agent command exit code 0.
731,2026-05-27 05:41:03,20260527-054103-857122-ASTIS-SALD-001-lower-handoff,ASTIS-SALD-001,lower,handoff,queued,not-run,runs/20260527-051635-387389-ASTIS-SALD-001-cycle69,,Cycle 69 lower compiled SALD.generalMovingTargetDiscreteConditionalFpSourceSignsHandoff and recorded SALD.cycle69GeneralMovingTargetDiscreteEmFpSourceSignsLowerObligation for the selected sald.general_moving_target_discrete.em_interpolation_fp packet; ledgers synchronized; source-index and mandatory check passed; analytic EM conditional-law/FP backend and theorem statuses remain below formalized.
732,2026-05-27 05:41:30,20260527-051635-387389-ASTIS-SALD-001-cycle69-30_lower_1,ASTIS-SALD-001,lower,attempt,accepted,not-run,runs/20260527-051635-387389-ASTIS-SALD-001-cycle69/30_lower_1.md,,External agent command exit code 0.
733,2026-05-27 05:43:43,20260527-054343-586403-ASTIS-SALD-001-reviewer-handoff,ASTIS-SALD-001,reviewer,handoff,queued,not-run,runs/20260527-051635-387389-ASTIS-SALD-001-cycle69,,"Reviewer accepted cycle 69: source-index and mandatory ASTIS check passed; proof-DAG wiring, theorem contract statuses, source correspondence, fake-proof discipline, proof-obligation ledger, and SLT reuse audit checked. Only SALD.generalMovingTargetDiscreteConditionalFpSourceSignsHandoff was compiled as a local sign/coefficient wrapper; no slow analytic backend or theorem status was promoted."
734,2026-05-27 05:44:08,20260527-051635-387389-ASTIS-SALD-001-cycle69-40_reviewer,ASTIS-SALD-001,reviewer,attempt,accepted,not-run,runs/20260527-051635-387389-ASTIS-SALD-001-cycle69/40_reviewer.md,,External agent command exit code 0.
735,2026-05-27 05:44:17,20260527-051635-387389-ASTIS-SALD-001-cycle69-build-gate,ASTIS-SALD-001,reviewer,build,compiled,pass,runs/20260527-051635-387389-ASTIS-SALD-001-cycle69,,Cycle build gate.
736,2026-05-27 05:44:17,20260527-054417-148302-ASTIS-SALD-001-sleep-window,ASTIS-SALD-001,upper,compression,accepted,not-run,runs,,Graceful sleep window completed 14 cycle(s); final cycle was not interrupted.
737,2026-05-28 00:58:00,20260528-005800-122204-ASTIS-SALD-001-cycle70-prompt-deck,ASTIS-SALD-001,upper,plan,queued,not-run,runs/20260528-005800-122204-ASTIS-SALD-001-cycle70,runs/20260528-005800-122204-ASTIS-SALD-001-cycle70/10_upper_director.md;runs/20260528-005800-122204-ASTIS-SALD-001-cycle70/20_middle_formalizer.md;runs/20260528-005800-122204-ASTIS-SALD-001-cycle70/30_lower_1.md;runs/20260528-005800-122204-ASTIS-SALD-001-cycle70/40_reviewer.md;runs/20260528-005800-122204-ASTIS-SALD-001-cycle70/00_context.md;runs/20260528-005800-122204-ASTIS-SALD-001-cycle70/dialogue.md,Created prompt deck with 1 lower agent(s).
738,2026-05-28 00:58:00,20260528-005800-173073-ASTIS-SALD-001-sleep-window,ASTIS-SALD-001,upper,compression,accepted,not-run,runs,,Graceful sleep window completed 1 cycle(s); final cycle was not interrupted.
739,2026-05-28 00:58:29,20260528-005828-967999-ASTIS-SALD-001-cycle70-prompt-deck,ASTIS-SALD-001,upper,plan,queued,not-run,runs/20260528-005828-967999-ASTIS-SALD-001-cycle70,runs/20260528-005828-967999-ASTIS-SALD-001-cycle70/10_upper_director.md;runs/20260528-005828-967999-ASTIS-SALD-001-cycle70/20_middle_formalizer.md;runs/20260528-005828-967999-ASTIS-SALD-001-cycle70/30_lower_1.md;runs/20260528-005828-967999-ASTIS-SALD-001-cycle70/40_reviewer.md;runs/20260528-005828-967999-ASTIS-SALD-001-cycle70/00_context.md;runs/20260528-005828-967999-ASTIS-SALD-001-cycle70/dialogue.md,Created prompt deck with 1 lower agent(s).
740,2026-05-28 01:01:48,20260528-010148-646895-ASTIS-SALD-001-upper-handoff,ASTIS-SALD-001,upper,handoff,queued,not-run,runs/20260528-005828-967999-ASTIS-SALD-001-cycle70,,"Cycle 70 upper chose the EM conditional-law/measurability and named conditional drift packet for sald.general_moving_target_discrete.em_interpolation_fp over appendix.tex:1358-1387 after cycle 69 passed. Updated 90_handoff.md, ran source-index and mandatory check successfully; no theorem, backend, source, SLT, or status promotion."
741,2026-05-28 01:02:43,20260528-005828-967999-ASTIS-SALD-001-cycle70-10_upper_director,ASTIS-SALD-001,upper,attempt,accepted,not-run,runs/20260528-005828-967999-ASTIS-SALD-001-cycle70/10_upper_director.md,,External agent command exit code 0.
742,2026-05-28 01:17:18,20260528-011718-252815-ASTIS-SALD-001-middle-handoff,ASTIS-SALD-001,middle,handoff,queued,not-run,runs/20260528-005828-967999-ASTIS-SALD-001-cycle70,,Cycle 70 middle compiled conditional-law/measurability backfill for sald.general_moving_target_discrete.em_interpolation_fp: named conditional drift components and regularity handoff added; ledgers synchronized; source-index and check passed.
743,2026-05-28 01:18:11,20260528-005828-967999-ASTIS-SALD-001-cycle70-20_middle_formalizer,ASTIS-SALD-001,middle,attempt,accepted,not-run,runs/20260528-005828-967999-ASTIS-SALD-001-cycle70/20_middle_formalizer.md,,External agent command exit code 0.
744,2026-05-28 01:24:52,20260528-012452-323739-ASTIS-SALD-001-lower-handoff,ASTIS-SALD-001,lower,handoff,queued,not-run,runs/20260528-005828-967999-ASTIS-SALD-001-cycle70,,"Cycle 70 lower compiled SALD.generalMovingTargetDiscreteNamedConditionalDriftRegularityOfComponents and synchronized SALD.lean contracts, conversion window, proof obligations, and SLT reuse audit for the EM conditional-law/measurability packet; source-index and mandatory check passed; analytic conditional-law/weak-FP backend remains obligation-level."
745,2026-05-29 00:04:53,20260529-000453-025296-ASTIS-SALD-001-cycle71-prompt-deck,ASTIS-SALD-001,upper,plan,queued,not-run,runs/20260529-000453-025296-ASTIS-SALD-001-cycle71,runs/20260529-000453-025296-ASTIS-SALD-001-cycle71/10_upper_director.md;runs/20260529-000453-025296-ASTIS-SALD-001-cycle71/20_middle_formalizer.md;runs/20260529-000453-025296-ASTIS-SALD-001-cycle71/30_lower_1.md;runs/20260529-000453-025296-ASTIS-SALD-001-cycle71/40_reviewer.md;runs/20260529-000453-025296-ASTIS-SALD-001-cycle71/00_context.md;runs/20260529-000453-025296-ASTIS-SALD-001-cycle71/dialogue.md,Created prompt deck with 1 lower agent(s).
746,2026-05-29 00:07:54,20260529-000754-208652-ASTIS-SALD-001-upper-handoff,ASTIS-SALD-001,upper,handoff,queued,not-run,runs/20260529-000453-025296-ASTIS-SALD-001-cycle71,,Cycle 71 upper selected endpoint-law-to-conditional-law compatibility for sald.general_moving_target_discrete.em_interpolation_fp over appendix.tex:1358-1387; updated 90_handoff.md; source-index and check passed; no theorem/backend/status promotion.
747,2026-05-29 00:08:15,20260529-000453-025296-ASTIS-SALD-001-cycle71-10_upper_director,ASTIS-SALD-001,upper,attempt,accepted,not-run,runs/20260529-000453-025296-ASTIS-SALD-001-cycle71/10_upper_director.md,,External agent command exit code 0.
748,2026-05-29 00:17:47,20260529-001747-902216-ASTIS-SALD-001-middle-handoff,ASTIS-SALD-001,middle,handoff,queued,not-run,runs/20260529-000453-025296-ASTIS-SALD-001-cycle71,,Cycle 71 middle compiled endpoint-law-to-conditional-law compatibility for the EM backend: Measure.map second-marginal equality and supplied kernel-compatibility transport wrappers; ledgers synchronized; source-index and check passed; analytic conditional-law/weak-FP backend remains obligation-level.
749,2026-05-29 00:18:15,20260529-000453-025296-ASTIS-SALD-001-cycle71-20_middle_formalizer,ASTIS-SALD-001,middle,attempt,accepted,not-run,runs/20260529-000453-025296-ASTIS-SALD-001-cycle71/20_middle_formalizer.md,,External agent command exit code 0.
750,2026-05-29 00:25:13,20260529-002513-141949-ASTIS-SALD-001-lower-handoff,ASTIS-SALD-001,lower,handoff,queued,not-run,runs/20260529-000453-025296-ASTIS-SALD-001-cycle71,,"Cycle 71 lower compiled SALD.generalMovingTargetDiscreteEndpointConditionalCompatibilityOfJointMap for endpoint-law-to-conditional-law compatibility in sald.general_moving_target_discrete.em_interpolation_fp; synchronized Lean contracts, conversion window, proof obligations, SLT audit, and source index; source-index and check passed; analytic conditional-law/weak-FP backend remains obligation-level."
751,2026-05-29 00:25:40,20260529-000453-025296-ASTIS-SALD-001-cycle71-30_lower_1,ASTIS-SALD-001,lower,attempt,accepted,not-run,runs/20260529-000453-025296-ASTIS-SALD-001-cycle71/30_lower_1.md,,External agent command exit code 0.
752,2026-05-29 00:28:12,20260529-002812-362968-ASTIS-SALD-001-reviewer-handoff,ASTIS-SALD-001,reviewer,handoff,queued,not-run,runs/20260529-000453-025296-ASTIS-SALD-001-cycle71,,"Cycle 71 reviewer accepted endpoint-to-conditional compatibility after source-index and python3 tools/astis.py check passed; wrappers are local Measure.map/equality transport only, with analytic EM conditional-law/weak-FP backend still obligation-level."
753,2026-05-29 00:28:31,20260529-000453-025296-ASTIS-SALD-001-cycle71-40_reviewer,ASTIS-SALD-001,reviewer,attempt,accepted,not-run,runs/20260529-000453-025296-ASTIS-SALD-001-cycle71/40_reviewer.md,,External agent command exit code 0.
754,2026-05-29 00:28:40,20260529-000453-025296-ASTIS-SALD-001-cycle71-build-gate,ASTIS-SALD-001,reviewer,build,compiled,pass,runs/20260529-000453-025296-ASTIS-SALD-001-cycle71,,Cycle build gate.
755,2026-05-29 00:28:40,20260529-002840-844883-ASTIS-SALD-001-cycle72-prompt-deck,ASTIS-SALD-001,upper,plan,queued,not-run,runs/20260529-002840-844883-ASTIS-SALD-001-cycle72,runs/20260529-002840-844883-ASTIS-SALD-001-cycle72/10_upper_director.md;runs/20260529-002840-844883-ASTIS-SALD-001-cycle72/20_middle_formalizer.md;runs/20260529-002840-844883-ASTIS-SALD-001-cycle72/30_lower_1.md;runs/20260529-002840-844883-ASTIS-SALD-001-cycle72/40_reviewer.md;runs/20260529-002840-844883-ASTIS-SALD-001-cycle72/00_context.md;runs/20260529-002840-844883-ASTIS-SALD-001-cycle72/dialogue.md,Created prompt deck with 1 lower agent(s).
756,2026-05-29 00:31:54,20260529-003154-205418-ASTIS-SALD-001-upper-handoff,ASTIS-SALD-001,upper,handoff,queued,not-run,runs/20260529-002840-844883-ASTIS-SALD-001-cycle72,,"Cycle 72 upper handoff: previous cycle passed; Phase 1 stable for single-backend backfill; assigned weak conditional Fokker-Planck source-sign statement for sald.general_moving_target_discrete.em_interpolation_fp over appendix.tex:1379-1387, preserving -div drift and +(sigma_eta^2/2) Delta diffusion signs; source-index and check passed."
757,2026-05-29 00:32:27,20260529-002840-844883-ASTIS-SALD-001-cycle72-10_upper_director,ASTIS-SALD-001,upper,attempt,accepted,not-run,runs/20260529-002840-844883-ASTIS-SALD-001-cycle72/10_upper_director.md,,External agent command exit code 0.
758,2026-05-29 00:44:07,20260529-004407-335605-ASTIS-SALD-001-middle-handoff,ASTIS-SALD-001,middle,handoff,queued,not-run,runs/20260529-002840-844883-ASTIS-SALD-001-cycle72,,Cycle 72 middle completed weak conditional FP source-sign backfill: added source-cited contract and compiled test-indexed wrapper preserving -div drift and +(sigma_eta^2/2) Delta diffusion signs under supplied weak-FP hypotheses; synced ledgers; source-index and check passed.
759,2026-05-29 00:44:38,20260529-002840-844883-ASTIS-SALD-001-cycle72-20_middle_formalizer,ASTIS-SALD-001,middle,attempt,accepted,not-run,runs/20260529-002840-844883-ASTIS-SALD-001-cycle72/20_middle_formalizer.md,,External agent command exit code 0.
760,2026-05-29 00:51:49,20260529-005149-654831-ASTIS-SALD-001-lower-handoff,ASTIS-SALD-001,lower,handoff,queued,not-run,runs/20260529-002840-844883-ASTIS-SALD-001-cycle72,,"Cycle 72 lower added SALD.generalMovingTargetDiscreteWeakConditionalFpSourceSignsAdmissibleHandoff for admissible weak tests, preserving -div drift and +(sigma_eta^2/2) Delta diffusion under supplied weak-FP hypotheses; ledgers synchronized; source-index and check passed; analytic weak FP backend remains obligation-level."
761,2026-05-29 00:52:35,20260529-002840-844883-ASTIS-SALD-001-cycle72-30_lower_1,ASTIS-SALD-001,lower,attempt,accepted,not-run,runs/20260529-002840-844883-ASTIS-SALD-001-cycle72/30_lower_1.md,,External agent command exit code 0.
762,2026-05-29 00:54:58,20260529-005458-987332-ASTIS-SALD-001-reviewer-handoff,ASTIS-SALD-001,reviewer,handoff,queued,not-run,runs/20260529-002840-844883-ASTIS-SALD-001-cycle72,,Cycle 72 reviewer accepted weak conditional Fokker-Planck source-sign wrappers; source-index and python3 tools/astis.py check passed; no fake proof closures or source/status/SLT drift; analytic weak FP backend remains obligation-level.
763,2026-05-29 00:55:14,20260529-002840-844883-ASTIS-SALD-001-cycle72-40_reviewer,ASTIS-SALD-001,reviewer,attempt,accepted,not-run,runs/20260529-002840-844883-ASTIS-SALD-001-cycle72/40_reviewer.md,,External agent command exit code 0.
764,2026-05-29 00:55:24,20260529-002840-844883-ASTIS-SALD-001-cycle72-build-gate,ASTIS-SALD-001,reviewer,build,compiled,pass,runs/20260529-002840-844883-ASTIS-SALD-001-cycle72,,Cycle build gate.
765,2026-05-29 00:55:24,20260529-005524-095063-ASTIS-SALD-001-cycle73-prompt-deck,ASTIS-SALD-001,upper,plan,queued,not-run,runs/20260529-005524-095063-ASTIS-SALD-001-cycle73,runs/20260529-005524-095063-ASTIS-SALD-001-cycle73/10_upper_director.md;runs/20260529-005524-095063-ASTIS-SALD-001-cycle73/20_middle_formalizer.md;runs/20260529-005524-095063-ASTIS-SALD-001-cycle73/30_lower_1.md;runs/20260529-005524-095063-ASTIS-SALD-001-cycle73/40_reviewer.md;runs/20260529-005524-095063-ASTIS-SALD-001-cycle73/00_context.md;runs/20260529-005524-095063-ASTIS-SALD-001-cycle73/dialogue.md,Created prompt deck with 1 lower agent(s).
766,2026-05-29 01:08:41,20260529-010841-238522-ASTIS-SALD-001-upper-handoff,ASTIS-SALD-001,upper,handoff,queued,not-run,runs/20260529-005524-095063-ASTIS-SALD-001-cycle73,,"Cycle 73 upper completed KL-derivative handoff from weak FP inside sald.general_moving_target_discrete.em_interpolation_fp over appendix.tex:1358-1387: added source-cited contract, scalar substitution wrapper, cycle-73 upper/middle/lower obligations/DAG, synced conversion/proof/SLT ledgers; weak FP, log-ratio admissibility, density/AC, KL differentiation, integration by parts, LSI, DV, Gronwall, and theorem closures remain obligation-level; source-index and check passed."
767,2026-05-29 01:09:14,20260529-005524-095063-ASTIS-SALD-001-cycle73-10_upper_director,ASTIS-SALD-001,upper,attempt,accepted,not-run,runs/20260529-005524-095063-ASTIS-SALD-001-cycle73/10_upper_director.md,,External agent command exit code 0.
768,2026-05-29 01:11:10,20260529-011110-763316-ASTIS-SALD-001-middle-handoff,ASTIS-SALD-001,middle,handoff,queued,not-run,runs/20260529-005524-095063-ASTIS-SALD-001-cycle73,,Cycle 73 middle verified/synchronized KL-derivative handoff from weak FP for appendix.tex:1358-1387; source-index and python3 tools/astis.py check passed; analytic EM FP/KL backend remains obligation-level.
769,2026-05-29 01:11:39,20260529-005524-095063-ASTIS-SALD-001-cycle73-20_middle_formalizer,ASTIS-SALD-001,middle,attempt,accepted,not-run,runs/20260529-005524-095063-ASTIS-SALD-001-cycle73/20_middle_formalizer.md,,External agent command exit code 0.
770,2026-05-29 01:20:25,20260529-012025-618640-ASTIS-SALD-001-lower-handoff,ASTIS-SALD-001,lower,handoff,queued,not-run,runs/20260529-005524-095063-ASTIS-SALD-001-cycle73,,"Cycle 73 lower added SALD.generalMovingTargetDiscreteKlDerivativeWeakFpHandoffOfAdmissibleSourceSigns, composing cycle-72 admissible weak-FP source signs into the KL-derivative handoff; synced ledgers; source-index and check passed; analytic weak FP and KL derivative backends remain obligations."
771,2026-05-29 01:21:08,20260529-005524-095063-ASTIS-SALD-001-cycle73-30_lower_1,ASTIS-SALD-001,lower,attempt,accepted,not-run,runs/20260529-005524-095063-ASTIS-SALD-001-cycle73/30_lower_1.md,,External agent command exit code 0.
772,2026-05-29 01:23:00,20260529-012300-728938-ASTIS-SALD-001-reviewer-handoff,ASTIS-SALD-001,reviewer,handoff,queued,not-run,runs/20260529-005524-095063-ASTIS-SALD-001-cycle73,,Cycle 73 reviewer accepted weak-FP-to-KL derivative handoff; source-index and check passed; no fake proof closures/source drift/status promotion/SLT import claim; analytic EM weak FP and KL derivative prerequisites remain obligations.
773,2026-05-29 01:23:20,20260529-005524-095063-ASTIS-SALD-001-cycle73-40_reviewer,ASTIS-SALD-001,reviewer,attempt,accepted,not-run,runs/20260529-005524-095063-ASTIS-SALD-001-cycle73/40_reviewer.md,,External agent command exit code 0.
774,2026-05-29 01:23:29,20260529-005524-095063-ASTIS-SALD-001-cycle73-build-gate,ASTIS-SALD-001,reviewer,build,compiled,pass,runs/20260529-005524-095063-ASTIS-SALD-001-cycle73,,Cycle build gate.
775,2026-05-29 01:23:29,20260529-012329-919241-ASTIS-SALD-001-cycle74-prompt-deck,ASTIS-SALD-001,upper,plan,queued,not-run,runs/20260529-012329-919241-ASTIS-SALD-001-cycle74,runs/20260529-012329-919241-ASTIS-SALD-001-cycle74/10_upper_director.md;runs/20260529-012329-919241-ASTIS-SALD-001-cycle74/20_middle_formalizer.md;runs/20260529-012329-919241-ASTIS-SALD-001-cycle74/30_lower_1.md;runs/20260529-012329-919241-ASTIS-SALD-001-cycle74/40_reviewer.md;runs/20260529-012329-919241-ASTIS-SALD-001-cycle74/00_context.md;runs/20260529-012329-919241-ASTIS-SALD-001-cycle74/dialogue.md,Created prompt deck with 1 lower agent(s).
776,2026-05-29 01:34:31,20260529-013431-189321-ASTIS-SALD-001-upper-handoff,ASTIS-SALD-001,upper,handoff,queued,not-run,runs/20260529-012329-919241-ASTIS-SALD-001-cycle74,,Cycle 74 upper added a source-cited conditional-kernel Mathlib measure interface for the blocked appendix.tex:1368-1377 conditional-law layer inside sald.general_moving_target_discrete.em_interpolation_fp; synced Lean conversion/proof-obligation/SLT ledgers and dialogue; source-index and check passed.
777,2026-05-29 01:34:54,20260529-012329-919241-ASTIS-SALD-001-cycle74-10_upper_director,ASTIS-SALD-001,upper,attempt,accepted,not-run,runs/20260529-012329-919241-ASTIS-SALD-001-cycle74/10_upper_director.md,,External agent command exit code 0.
778,2026-05-29 01:42:25,20260529-014225-407400-ASTIS-SALD-001-middle-handoff,ASTIS-SALD-001,middle,handoff,queued,not-run,runs/20260529-012329-919241-ASTIS-SALD-001-cycle74,,"Cycle 74 middle added conditional-kernel source-to-Lean map for appendix.tex:1368-1377 via SALD.cycle74GeneralMovingTargetDiscreteMeasureInterfaceMiddleObligation/DAG; synced conversion window, proof obligations, and SLT audit; source-index and python3 tools/astis.py check passed; EM weak-FP/KL backend remains obligation/source-cited."
779,2026-05-29 01:42:52,20260529-012329-919241-ASTIS-SALD-001-cycle74-20_middle_formalizer,ASTIS-SALD-001,middle,attempt,accepted,not-run,runs/20260529-012329-919241-ASTIS-SALD-001-cycle74/20_middle_formalizer.md,,External agent command exit code 0.
780,2026-05-29 01:51:22,20260529-015122-214378-ASTIS-SALD-001-lower-handoff,ASTIS-SALD-001,lower,handoff,queued,not-run,runs/20260529-012329-919241-ASTIS-SALD-001-cycle74,,Cycle 74 lower compiled supplied-kernel regularity handoff for conditional-law backend; source-index and check passed; condExpKernel/condDistrib construction and weak-FP/KL analytic backends remain obligations.
781,2026-05-29 01:52:03,20260529-012329-919241-ASTIS-SALD-001-cycle74-30_lower_1,ASTIS-SALD-001,lower,attempt,accepted,not-run,runs/20260529-012329-919241-ASTIS-SALD-001-cycle74/30_lower_1.md,,External agent command exit code 0.
782,2026-05-29 01:54:24,20260529-015424-334738-ASTIS-SALD-001-reviewer-handoff,ASTIS-SALD-001,reviewer,handoff,queued,not-run,runs/20260529-012329-919241-ASTIS-SALD-001-cycle74,,"Cycle 74 reviewer accepted: source-index ASTIS-SALD-001 and python3 tools/astis.py check passed; conditional-kernel measure interface remains sourceCited, theorem contracts remain contractOnly, no fake closures/source drift/status promotion/SLT import claim; EM weak FP and KL derivative backends remain obligations."
783,2026-05-29 01:54:44,20260529-012329-919241-ASTIS-SALD-001-cycle74-40_reviewer,ASTIS-SALD-001,reviewer,attempt,accepted,not-run,runs/20260529-012329-919241-ASTIS-SALD-001-cycle74/40_reviewer.md,,External agent command exit code 0.
784,2026-05-29 01:54:53,20260529-012329-919241-ASTIS-SALD-001-cycle74-build-gate,ASTIS-SALD-001,reviewer,build,compiled,pass,runs/20260529-012329-919241-ASTIS-SALD-001-cycle74,,Cycle build gate.
785,2026-05-29 01:54:53,20260529-015453-735157-ASTIS-SALD-001-cycle75-prompt-deck,ASTIS-SALD-001,upper,plan,queued,not-run,runs/20260529-015453-735157-ASTIS-SALD-001-cycle75,runs/20260529-015453-735157-ASTIS-SALD-001-cycle75/10_upper_director.md;runs/20260529-015453-735157-ASTIS-SALD-001-cycle75/20_middle_formalizer.md;runs/20260529-015453-735157-ASTIS-SALD-001-cycle75/30_lower_1.md;runs/20260529-015453-735157-ASTIS-SALD-001-cycle75/40_reviewer.md;runs/20260529-015453-735157-ASTIS-SALD-001-cycle75/00_context.md;runs/20260529-015453-735157-ASTIS-SALD-001-cycle75/dialogue.md,Created prompt deck with 1 lower agent(s).
786,2026-05-29 02:01:42,20260529-020142-731390-ASTIS-SALD-001-upper-handoff,ASTIS-SALD-001,upper,handoff,queued,not-run,runs/20260529-015453-735157-ASTIS-SALD-001-cycle75,,"Cycle 75 upper selected the conditional-law/measurability and named conditional drift backfill for sald.general_moving_target_discrete.em_interpolation_fp over appendix.tex:1358-1387, specifically appendix.tex:1368-1377; added Lean and Markdown upper packet/DAG/dependency wiring; source-index and ASTIS check passed; weak FP/KL and theorem contracts remain below formalized."
787,2026-05-29 02:02:40,20260529-015453-735157-ASTIS-SALD-001-cycle75-10_upper_director,ASTIS-SALD-001,upper,attempt,accepted,not-run,runs/20260529-015453-735157-ASTIS-SALD-001-cycle75/10_upper_director.md,,External agent command exit code 0.
788,2026-05-29 02:11:31,20260529-021131-518874-ASTIS-SALD-001-middle-handoff,ASTIS-SALD-001,middle,handoff,queued,not-run,runs/20260529-015453-735157-ASTIS-SALD-001-cycle75,,Cycle 75 middle added conditional-law orientation source map and local lawMapProdSwap helper for appendix.tex:1368-1377; source-index and check passed; EM conditional law/weak FP/KL remain obligations.
789,2026-05-29 02:12:15,20260529-015453-735157-ASTIS-SALD-001-cycle75-20_middle_formalizer,ASTIS-SALD-001,middle,attempt,accepted,not-run,runs/20260529-015453-735157-ASTIS-SALD-001-cycle75/20_middle_formalizer.md,,External agent command exit code 0.
790,2026-05-29 02:21:11,20260529-022111-825677-ASTIS-SALD-001-lower-handoff,ASTIS-SALD-001,lower,handoff,queued,not-run,runs/20260529-015453-735157-ASTIS-SALD-001-cycle75,,Cycle 75 lower compiled swapped condDistrib-orientation supplied-kernel wrapper for appendix.tex:1368-1377; source-index ASTIS-SALD-001 and python3 tools/astis.py check passed; conditional-law construction and weak-FP/KL analytic backends remain obligations.
791,2026-05-29 02:21:52,20260529-015453-735157-ASTIS-SALD-001-cycle75-30_lower_1,ASTIS-SALD-001,lower,attempt,accepted,not-run,runs/20260529-015453-735157-ASTIS-SALD-001-cycle75/30_lower_1.md,,External agent command exit code 0.
792,2026-05-29 02:24:15,20260529-022415-456828-ASTIS-SALD-001-reviewer-handoff,ASTIS-SALD-001,reviewer,handoff,queued,not-run,runs/20260529-015453-735157-ASTIS-SALD-001-cycle75,,"Cycle 75 reviewer accepted: source-index ASTIS-SALD-001 and python3 tools/astis.py check passed; focused appendix.tex:1368-1377 conditional-law/measurability backfill preserved obligation status; no fake closures/source drift/status promotion/SLT import/Lake dependency change; condDistrib/condExpKernel construction, weak FP, KL derivative, density/AC, and theorem closure remain obligations."
793,2026-05-29 02:24:38,20260529-015453-735157-ASTIS-SALD-001-cycle75-40_reviewer,ASTIS-SALD-001,reviewer,attempt,accepted,not-run,runs/20260529-015453-735157-ASTIS-SALD-001-cycle75/40_reviewer.md,,External agent command exit code 0.
794,2026-05-29 02:24:48,20260529-015453-735157-ASTIS-SALD-001-cycle75-build-gate,ASTIS-SALD-001,reviewer,build,compiled,pass,runs/20260529-015453-735157-ASTIS-SALD-001-cycle75,,Cycle build gate.
795,2026-05-29 02:24:48,20260529-022448-165198-ASTIS-SALD-001-cycle76-prompt-deck,ASTIS-SALD-001,upper,plan,queued,not-run,runs/20260529-022448-165198-ASTIS-SALD-001-cycle76,runs/20260529-022448-165198-ASTIS-SALD-001-cycle76/10_upper_director.md;runs/20260529-022448-165198-ASTIS-SALD-001-cycle76/20_middle_formalizer.md;runs/20260529-022448-165198-ASTIS-SALD-001-cycle76/30_lower_1.md;runs/20260529-022448-165198-ASTIS-SALD-001-cycle76/40_reviewer.md;runs/20260529-022448-165198-ASTIS-SALD-001-cycle76/00_context.md;runs/20260529-022448-165198-ASTIS-SALD-001-cycle76/dialogue.md,Created prompt deck with 1 lower agent(s).
796,2026-05-29 02:36:41,20260529-023641-656847-ASTIS-SALD-001-upper-handoff,ASTIS-SALD-001,upper,handoff,queued,not-run,runs/20260529-022448-165198-ASTIS-SALD-001-cycle76,,"Cycle 76 upper added endpoint Measure.map-to-swapped conditional compatibility wrapper and cycle76 DAG/obligation wiring for sald.general_moving_target_discrete.em_interpolation_fp over appendix.tex:1358-1387; source-index ASTIS-SALD-001 and python3 tools/astis.py check passed; conditional law construction, weak FP, KL derivative, density/AC, theorem status, SLT import, and Lake dependencies remain open/unchanged."
797,2026-05-29 02:37:09,20260529-022448-165198-ASTIS-SALD-001-cycle76-10_upper_director,ASTIS-SALD-001,upper,attempt,accepted,not-run,runs/20260529-022448-165198-ASTIS-SALD-001-cycle76/10_upper_director.md,,External agent command exit code 0.
798,2026-05-29 02:38:59,20260529-023859-224115-ASTIS-SALD-001-middle-handoff,ASTIS-SALD-001,middle,handoff,queued,not-run,runs/20260529-022448-165198-ASTIS-SALD-001-cycle76,,Cycle 76 middle verified endpoint-to-conditional compatibility backfill; source-index ASTIS-SALD-001 and python3 tools/astis.py check passed; remaining EM conditional law/weak FP/KL/density and theorem closures stay obligations.
799,2026-05-29 02:39:33,20260529-022448-165198-ASTIS-SALD-001-cycle76-20_middle_formalizer,ASTIS-SALD-001,middle,attempt,accepted,not-run,runs/20260529-022448-165198-ASTIS-SALD-001-cycle76/20_middle_formalizer.md,,External agent command exit code 0.
800,2026-05-29 02:47:16,20260529-024716-687687-ASTIS-SALD-001-lower-handoff,ASTIS-SALD-001,lower,handoff,queued,not-run,runs/20260529-022448-165198-ASTIS-SALD-001-cycle76,,Cycle 76 lower compiled original-orientation second-marginal endpoint-to-conditional wrapper SALD.generalMovingTargetDiscreteEndpointMeasureMapToConditionalCompatibility; source-index ASTIS-SALD-001 and python3 tools/astis.py check passed; analytic conditional-law/weak-FP/KL backends remain obligations.
801,2026-05-29 02:47:41,20260529-022448-165198-ASTIS-SALD-001-cycle76-30_lower_1,ASTIS-SALD-001,lower,attempt,accepted,not-run,runs/20260529-022448-165198-ASTIS-SALD-001-cycle76/30_lower_1.md,,External agent command exit code 0.
802,2026-05-29 02:49:42,20260529-024942-741496-ASTIS-SALD-001-reviewer-handoff,ASTIS-SALD-001,reviewer,handoff,queued,not-run,runs/20260529-022448-165198-ASTIS-SALD-001-cycle76,,"Cycle 76 reviewer accepted: source-index ASTIS-SALD-001 and python3 tools/astis.py check passed; endpoint-law-to-conditional Measure.map/orientation wrappers compile under supplied kernel hypotheses; no fake closures/source drift/status promotion/SLT import/Lake dependency change; EM conditional law construction, weak FP, KL derivative, density/AC, LSI/DV/Gronwall, and theorem closure remain obligations."
803,2026-05-29 02:49:51,20260529-024951-498513-ASTIS-SALD-001-reviewer-build,ASTIS-SALD-001,reviewer,build,accepted,not-run,runs/20260529-022448-165198-ASTIS-SALD-001-cycle76,,"Cycle 76 reviewer build gate passed: python3 tools/astis.py source-index ASTIS-SALD-001 indexed 103 declarations, then python3 tools/astis.py check completed Lake build, Tests build, and fake-proof scan with ASTIS check passed."
804,2026-05-29 02:50:01,20260529-022448-165198-ASTIS-SALD-001-cycle76-40_reviewer,ASTIS-SALD-001,reviewer,attempt,accepted,not-run,runs/20260529-022448-165198-ASTIS-SALD-001-cycle76/40_reviewer.md,,External agent command exit code 0.
805,2026-05-29 02:50:10,20260529-022448-165198-ASTIS-SALD-001-cycle76-build-gate,ASTIS-SALD-001,reviewer,build,compiled,pass,runs/20260529-022448-165198-ASTIS-SALD-001-cycle76,,Cycle build gate.
806,2026-05-29 02:50:10,20260529-025010-596109-ASTIS-SALD-001-cycle77-prompt-deck,ASTIS-SALD-001,upper,plan,queued,not-run,runs/20260529-025010-596109-ASTIS-SALD-001-cycle77,runs/20260529-025010-596109-ASTIS-SALD-001-cycle77/10_upper_director.md;runs/20260529-025010-596109-ASTIS-SALD-001-cycle77/20_middle_formalizer.md;runs/20260529-025010-596109-ASTIS-SALD-001-cycle77/30_lower_1.md;runs/20260529-025010-596109-ASTIS-SALD-001-cycle77/40_reviewer.md;runs/20260529-025010-596109-ASTIS-SALD-001-cycle77/00_context.md;runs/20260529-025010-596109-ASTIS-SALD-001-cycle77/dialogue.md,Created prompt deck with 1 lower agent(s).
807,2026-05-29 02:53:23,20260529-025323-094518-ASTIS-SALD-001-upper-handoff,ASTIS-SALD-001,upper,handoff,queued,pass,runs/20260529-025010-596109-ASTIS-SALD-001-cycle77,conversion-windows/ASTIS-SALD-001.md;proof-obligations/ASTIS-SALD-001.md;runs/20260529-025010-596109-ASTIS-SALD-001-cycle77/90_handoff.md;runs/20260529-025010-596109-ASTIS-SALD-001-cycle77/dialogue.md,"Cycle 77 upper selected weak conditional FP source-sign backend for sald.general_moving_target_discrete.em_interpolation_fp over appendix.tex:1358-1387, specifically appendix.tex:1379-1387. Existing cycle 72 sign/coefficient wrappers are reused; next lower work should prove or source-cite the missing analytic weak FP interface under explicit hypotheses. source-index indexed 103 declarations; python3 tools/astis.py check passed."
808,2026-05-29 02:54:32,20260529-025010-596109-ASTIS-SALD-001-cycle77-10_upper_director,ASTIS-SALD-001,upper,attempt,accepted,not-run,runs/20260529-025010-596109-ASTIS-SALD-001-cycle77/10_upper_director.md,,External agent command exit code 0.
809,2026-05-29 03:05:32,20260529-030532-328507-ASTIS-SALD-001-middle-handoff,ASTIS-SALD-001,middle,handoff,queued,not-run,runs/20260529-025010-596109-ASTIS-SALD-001-cycle77,,Cycle 77 middle compiled generator-level weak FP source-sign handoff SALD.generalMovingTargetDiscreteWeakConditionalFpSourceSignsOfGeneratorHandoff; source-index and ASTIS check passed; weak FP/generator theorem remains obligation.
810,2026-05-29 03:06:06,20260529-025010-596109-ASTIS-SALD-001-cycle77-20_middle_formalizer,ASTIS-SALD-001,middle,attempt,accepted,not-run,runs/20260529-025010-596109-ASTIS-SALD-001-cycle77/20_middle_formalizer.md,,External agent command exit code 0.
811,2026-05-29 03:14:11,20260529-031411-710388-ASTIS-SALD-001-lower-handoff,ASTIS-SALD-001,lower,handoff,queued,not-run,runs/20260529-025010-596109-ASTIS-SALD-001-cycle77,,"Cycle 77 lower compiled SALD.generalMovingTargetDiscreteWeakConditionalFpSourceSignsOfGeneratorPiecesHandoff for appendix.tex:1379-1387, splitting the supplied generator source expansion into drift and diffusion actions while preserving -div drift and +(sigma_eta^2/2) Delta diffusion; source-index ASTIS-SALD-001 and python3 tools/astis.py check passed; actual EM generator/conditional-law/density/KL/LSI/DV/Gronwall backends remain obligations."
812,2026-05-29 03:15:00,20260529-025010-596109-ASTIS-SALD-001-cycle77-30_lower_1,ASTIS-SALD-001,lower,attempt,accepted,not-run,runs/20260529-025010-596109-ASTIS-SALD-001-cycle77/30_lower_1.md,,External agent command exit code 0.
813,2026-05-29 03:16:51,20260529-031651-447078-ASTIS-SALD-001-reviewer-handoff,ASTIS-SALD-001,reviewer,handoff,queued,not-run,runs/20260529-025010-596109-ASTIS-SALD-001-cycle77,,Cycle 77 reviewer accepted: source-index and check passed; compiled local generator/source-sign wrappers preserve weak FP signs under supplied hypotheses; no fake closures/source drift/status promotion/SLT import/Lake dependency change; EM analytic backend and theorem closures remain obligations.
814,2026-05-29 03:17:04,20260529-025010-596109-ASTIS-SALD-001-cycle77-40_reviewer,ASTIS-SALD-001,reviewer,attempt,accepted,not-run,runs/20260529-025010-596109-ASTIS-SALD-001-cycle77/40_reviewer.md,,External agent command exit code 0.
815,2026-05-29 03:17:13,20260529-025010-596109-ASTIS-SALD-001-cycle77-build-gate,ASTIS-SALD-001,reviewer,build,compiled,pass,runs/20260529-025010-596109-ASTIS-SALD-001-cycle77,,Cycle build gate.
816,2026-05-29 03:17:13,20260529-031713-481583-ASTIS-SALD-001-cycle78-prompt-deck,ASTIS-SALD-001,upper,plan,queued,not-run,runs/20260529-031713-481583-ASTIS-SALD-001-cycle78,runs/20260529-031713-481583-ASTIS-SALD-001-cycle78/10_upper_director.md;runs/20260529-031713-481583-ASTIS-SALD-001-cycle78/20_middle_formalizer.md;runs/20260529-031713-481583-ASTIS-SALD-001-cycle78/30_lower_1.md;runs/20260529-031713-481583-ASTIS-SALD-001-cycle78/40_reviewer.md;runs/20260529-031713-481583-ASTIS-SALD-001-cycle78/00_context.md;runs/20260529-031713-481583-ASTIS-SALD-001-cycle78/dialogue.md,Created prompt deck with 1 lower agent(s).
817,2026-05-29 03:29:10,20260529-032910-794795-ASTIS-SALD-001-upper-handoff,ASTIS-SALD-001,upper,handoff,queued,not-run,runs/20260529-031713-481583-ASTIS-SALD-001-cycle78,,Cycle 78 upper selected the KL-derivative handoff from cycle-77 generator-level weak FP source signs for sald.general_moving_target_discrete.em_interpolation_fp over appendix.tex:1358-1387; compiled local equality wrapper SALD.generalMovingTargetDiscreteKlDerivativeWeakFpHandoffOfGeneratorPieces and registered cycle78 DAG/dependencies without promoting analytic/theorem statuses; source-index and ASTIS check passed.
818,2026-05-29 03:29:36,20260529-031713-481583-ASTIS-SALD-001-cycle78-10_upper_director,ASTIS-SALD-001,upper,attempt,accepted,not-run,runs/20260529-031713-481583-ASTIS-SALD-001-cycle78/10_upper_director.md,,External agent command exit code 0.
819,2026-05-29 03:35:02,20260529-033502-508558-ASTIS-SALD-001-middle-handoff,ASTIS-SALD-001,middle,handoff,queued,not-run,runs/20260529-031713-481583-ASTIS-SALD-001-cycle78,,Cycle 78 middle added compiled/source-indexed middle source-map obligation SALD.cycle78GeneralMovingTargetDiscreteKlDerivativeGeneratorMiddleObligation and DAG id ASTIS.SALD.cycle78.middle_kl_derivative_generator_source_map for appendix.tex:1358-1387; conversion window and proof obligations updated; source-index and ASTIS check passed; no analytic/theorem status promotion.
820,2026-05-29 03:35:35,20260529-031713-481583-ASTIS-SALD-001-cycle78-20_middle_formalizer,ASTIS-SALD-001,middle,attempt,accepted,not-run,runs/20260529-031713-481583-ASTIS-SALD-001-cycle78/20_middle_formalizer.md,,External agent command exit code 0.
821,2026-05-29 03:41:22,20260529-034122-831978-ASTIS-SALD-001-lower-handoff,ASTIS-SALD-001,lower,handoff,queued,not-run,runs/20260529-031713-481583-ASTIS-SALD-001-cycle78,,"Cycle 78 lower compiled SALD.generalMovingTargetDiscreteKlDerivativeWeakFpHandoffOfSourceSigns and routed the generator-piece KL handoff through it; source-index ASTIS-SALD-001 and python3 tools/astis.py check passed; EM generator/weak-FP, density/AC, log-ratio admissibility, KL differentiation, integration-by-parts, LSI, DV, Gronwall, and theorem closures remain obligations."
822,2026-05-29 03:41:48,20260529-031713-481583-ASTIS-SALD-001-cycle78-30_lower_1,ASTIS-SALD-001,lower,attempt,accepted,not-run,runs/20260529-031713-481583-ASTIS-SALD-001-cycle78/30_lower_1.md,,External agent command exit code 0.
823,2026-05-29 03:43:31,20260529-034331-463195-ASTIS-SALD-001-reviewer-handoff,ASTIS-SALD-001,reviewer,handoff,queued,not-run,runs/20260529-031713-481583-ASTIS-SALD-001-cycle78,,Cycle 78 reviewer accepted: source-index ASTIS-SALD-001 and check passed; compiled equality wrappers preserve source signs for weak-FP-to-KL handoff with all analytic backends still obligations.
824,2026-05-29 03:43:40,20260529-031713-481583-ASTIS-SALD-001-cycle78-40_reviewer,ASTIS-SALD-001,reviewer,attempt,accepted,not-run,runs/20260529-031713-481583-ASTIS-SALD-001-cycle78/40_reviewer.md,,External agent command exit code 0.
825,2026-05-29 03:43:50,20260529-031713-481583-ASTIS-SALD-001-cycle78-build-gate,ASTIS-SALD-001,reviewer,build,compiled,pass,runs/20260529-031713-481583-ASTIS-SALD-001-cycle78,,Cycle build gate.
826,2026-05-29 03:43:50,20260529-034350-055074-ASTIS-SALD-001-cycle79-prompt-deck,ASTIS-SALD-001,upper,plan,queued,not-run,runs/20260529-034350-055074-ASTIS-SALD-001-cycle79,runs/20260529-034350-055074-ASTIS-SALD-001-cycle79/10_upper_director.md;runs/20260529-034350-055074-ASTIS-SALD-001-cycle79/20_middle_formalizer.md;runs/20260529-034350-055074-ASTIS-SALD-001-cycle79/30_lower_1.md;runs/20260529-034350-055074-ASTIS-SALD-001-cycle79/40_reviewer.md;runs/20260529-034350-055074-ASTIS-SALD-001-cycle79/00_context.md;runs/20260529-034350-055074-ASTIS-SALD-001-cycle79/dialogue.md,Created prompt deck with 1 lower agent(s).
827,2026-05-29 03:52:25,20260529-035225-182616-ASTIS-SALD-001-upper-handoff,ASTIS-SALD-001,upper,handoff,queued,not-run,runs/20260529-034350-055074-ASTIS-SALD-001-cycle79,,Cycle 79 upper added source-cited weak generator-to-law measure/calculus interface SALD.cycle79GeneralMovingTargetDiscreteWeakFpGeneratorMeasureInterface plus upper packet/DAG for sald.general_moving_target_discrete.em_interpolation_fp over appendix.tex:1358-1387; source-index ASTIS-SALD-001 and python3 tools/astis.py check passed; no theorem or analytic backend status promoted.
828,2026-05-29 03:53:41,20260529-034350-055074-ASTIS-SALD-001-cycle79-10_upper_director,ASTIS-SALD-001,upper,attempt,accepted,not-run,runs/20260529-034350-055074-ASTIS-SALD-001-cycle79/10_upper_director.md,,External agent command exit code 0.
829,2026-05-29 03:58:06,20260529-035806-326294-ASTIS-SALD-001-middle-handoff,ASTIS-SALD-001,middle,handoff,queued,not-run,runs/20260529-034350-055074-ASTIS-SALD-001-cycle79,,"Cycle 79 middle added compiled/source-indexed source-map obligation SALD.cycle79GeneralMovingTargetDiscreteWeakFpGeneratorMeasureMiddleObligation and DAG id ASTIS.SALD.cycle79.middle_weak_fp_generator_measure_source_map for appendix.tex:1379-1387; conversion window, proof obligations, SLT reuse audit, theorem dependency lists, and dialogue updated; source-index and ASTIS check passed; no analytic/theorem status promotion."
830,2026-05-29 03:58:25,20260529-034350-055074-ASTIS-SALD-001-cycle79-20_middle_formalizer,ASTIS-SALD-001,middle,attempt,accepted,not-run,runs/20260529-034350-055074-ASTIS-SALD-001-cycle79/20_middle_formalizer.md,,External agent command exit code 0.
831,2026-05-29 04:04:22,20260529-040422-470237-ASTIS-SALD-001-lower-handoff,ASTIS-SALD-001,lower,handoff,queued,not-run,runs/20260529-034350-055074-ASTIS-SALD-001-cycle79,,Cycle 79 lower compiled local Measure.map weak-test integral and supplied-derivative transport wrappers for the EM generator-to-law interface; docs synchronized; source-index and ASTIS check passed; full EM generator/weak-FP/KL analytic backend remains open.
832,2026-05-29 04:04:36,20260529-034350-055074-ASTIS-SALD-001-cycle79-30_lower_1,ASTIS-SALD-001,lower,attempt,accepted,not-run,runs/20260529-034350-055074-ASTIS-SALD-001-cycle79/30_lower_1.md,,External agent command exit code 0.
833,2026-05-29 04:06:18,20260529-040618-140541-ASTIS-SALD-001-reviewer-handoff,ASTIS-SALD-001,reviewer,handoff,queued,not-run,runs/20260529-034350-055074-ASTIS-SALD-001-cycle79,,"Cycle 79 reviewer accepted: source-index ASTIS-SALD-001 and python3 tools/astis.py check passed; no fake proof closures found in gate. Backend focus preserved on the EM weak generator-to-law Measure.map interface for appendix.tex:1379-1387; cycle79 interface is sourceCited, local lawMapIntegral wrappers compile under supplied hypotheses, theorem contracts stay contractOnly, and SLT remains reference-only/no import."
834,2026-05-29 04:06:55,20260529-034350-055074-ASTIS-SALD-001-cycle79-40_reviewer,ASTIS-SALD-001,reviewer,attempt,accepted,not-run,runs/20260529-034350-055074-ASTIS-SALD-001-cycle79/40_reviewer.md,,External agent command exit code 0.
835,2026-05-29 04:07:04,20260529-034350-055074-ASTIS-SALD-001-cycle79-build-gate,ASTIS-SALD-001,reviewer,build,compiled,pass,runs/20260529-034350-055074-ASTIS-SALD-001-cycle79,,Cycle build gate.
836,2026-05-29 04:07:04,20260529-040704-851674-ASTIS-SALD-001-cycle80-prompt-deck,ASTIS-SALD-001,upper,plan,queued,not-run,runs/20260529-040704-851674-ASTIS-SALD-001-cycle80,runs/20260529-040704-851674-ASTIS-SALD-001-cycle80/10_upper_director.md;runs/20260529-040704-851674-ASTIS-SALD-001-cycle80/20_middle_formalizer.md;runs/20260529-040704-851674-ASTIS-SALD-001-cycle80/30_lower_1.md;runs/20260529-040704-851674-ASTIS-SALD-001-cycle80/40_reviewer.md;runs/20260529-040704-851674-ASTIS-SALD-001-cycle80/00_context.md;runs/20260529-040704-851674-ASTIS-SALD-001-cycle80/dialogue.md,Created prompt deck with 1 lower agent(s).
837,2026-05-29 04:14:26,20260529-041426-799532-ASTIS-SALD-001-upper-handoff,ASTIS-SALD-001,upper,handoff,queued,not-run,runs/20260529-040704-851674-ASTIS-SALD-001-cycle80,,Cycle 80 upper selected conditional-law/measurability and named conditional drift backfill for em_interpolation_fp appendix.tex:1358-1387/1368-1377; Lean/docs/run handoff synchronized; source-index and ASTIS check passed.
838,2026-05-29 04:14:58,20260529-040704-851674-ASTIS-SALD-001-cycle80-10_upper_director,ASTIS-SALD-001,upper,attempt,accepted,not-run,runs/20260529-040704-851674-ASTIS-SALD-001-cycle80/10_upper_director.md,,External agent command exit code 0.
839,2026-05-29 04:19:57,20260529-041957-028192-ASTIS-SALD-001-middle-handoff,ASTIS-SALD-001,middle,handoff,queued,not-run,runs/20260529-040704-851674-ASTIS-SALD-001-cycle80,,"Cycle 80 middle added compiled/source-indexed conditional-law/measurability source map SALD.cycle80GeneralMovingTargetDiscreteConditionalLawMeasurabilityMiddleObligation and DAG node ASTIS.SALD.cycle80.middle_conditional_law_source_map for appendix.tex:1368-1377; conversion window, proof obligations, SLT reuse audit, run handoff, and dialogue synchronized; source-index and ASTIS check passed; no theorem or analytic backend status promoted."
840,2026-05-29 04:20:36,20260529-040704-851674-ASTIS-SALD-001-cycle80-20_middle_formalizer,ASTIS-SALD-001,middle,attempt,accepted,not-run,runs/20260529-040704-851674-ASTIS-SALD-001-cycle80/20_middle_formalizer.md,,External agent command exit code 0.
841,2026-05-29 04:31:05,20260529-043105-732772-ASTIS-SALD-001-lower-handoff,ASTIS-SALD-001,lower,handoff,queued,not-run,runs/20260529-040704-851674-ASTIS-SALD-001-cycle80,,"Cycle 80 lower compiled SALD.generalMovingTargetDiscreteEndpointConditionalDriftRegularityHandoff for appendix.tex:1368-1377 and synchronized ledgers; source-index ASTIS-SALD-001 and ASTIS check passed; analytic conditional law, weak FP, KL derivative, theorem status, SLT import, and Lake dependency remain unpromoted."
842,2026-05-29 04:31:36,20260529-040704-851674-ASTIS-SALD-001-cycle80-30_lower_1,ASTIS-SALD-001,lower,attempt,accepted,not-run,runs/20260529-040704-851674-ASTIS-SALD-001-cycle80/30_lower_1.md,,External agent command exit code 0.
843,2026-05-29 04:33:38,20260529-043338-800210-ASTIS-SALD-001-reviewer-handoff,ASTIS-SALD-001,reviewer,handoff,queued,not-run,runs/20260529-040704-851674-ASTIS-SALD-001-cycle80,,"Cycle 80 reviewer accepted: source-index and ASTIS check passed; fake-proof scan clean. Backend focus preserved on appendix.tex:1368-1377 conditional-law/measurability and named conditional drift interface for sald.general_moving_target_discrete.em_interpolation_fp. New formalized item is only the supplied-hypothesis endpoint/conditional drift-regularity wrapper; analytic conditional-law, weak FP, KL derivative, theorem statuses, and SLT import/formalization remain open."
844,2026-05-29 04:34:00,20260529-040704-851674-ASTIS-SALD-001-cycle80-40_reviewer,ASTIS-SALD-001,reviewer,attempt,accepted,not-run,runs/20260529-040704-851674-ASTIS-SALD-001-cycle80/40_reviewer.md,,External agent command exit code 0.
845,2026-05-29 04:34:09,20260529-040704-851674-ASTIS-SALD-001-cycle80-build-gate,ASTIS-SALD-001,reviewer,build,compiled,pass,runs/20260529-040704-851674-ASTIS-SALD-001-cycle80,,Cycle build gate.
846,2026-05-29 04:34:09,20260529-043409-488712-ASTIS-SALD-001-cycle81-prompt-deck,ASTIS-SALD-001,upper,plan,queued,not-run,runs/20260529-043409-488712-ASTIS-SALD-001-cycle81,runs/20260529-043409-488712-ASTIS-SALD-001-cycle81/10_upper_director.md;runs/20260529-043409-488712-ASTIS-SALD-001-cycle81/20_middle_formalizer.md;runs/20260529-043409-488712-ASTIS-SALD-001-cycle81/30_lower_1.md;runs/20260529-043409-488712-ASTIS-SALD-001-cycle81/40_reviewer.md;runs/20260529-043409-488712-ASTIS-SALD-001-cycle81/00_context.md;runs/20260529-043409-488712-ASTIS-SALD-001-cycle81/dialogue.md,Created prompt deck with 1 lower agent(s).
847,2026-05-29 04:40:48,20260529-044048-144296-ASTIS-SALD-001-upper-handoff,ASTIS-SALD-001,upper,handoff,queued,not-run,runs/20260529-043409-488712-ASTIS-SALD-001-cycle81,,"Cycle 81 upper added workflow-only endpoint-law-to-conditional-law compatibility packet SALD.cycle81GeneralMovingTargetDiscreteEndpointConditionalUpperPacket / UpperObligation and DAG nodes for sald.general_moving_target_discrete.em_interpolation_fp over appendix.tex:1358-1387, selected appendix.tex:1368-1377 lower packet; proof obligations, SLT audit, dialogue synchronized; source-index and ASTIS check passed; no analytic backend or theorem status promoted."
848,2026-05-29 04:41:15,20260529-043409-488712-ASTIS-SALD-001-cycle81-10_upper_director,ASTIS-SALD-001,upper,attempt,accepted,not-run,runs/20260529-043409-488712-ASTIS-SALD-001-cycle81/10_upper_director.md,,External agent command exit code 0.
849,2026-05-29 04:48:44,20260529-044844-548394-ASTIS-SALD-001-middle-handoff,ASTIS-SALD-001,middle,handoff,queued,not-run,runs/20260529-043409-488712-ASTIS-SALD-001-cycle81,,"Cycle 81 middle compiled supplied-hypothesis endpoint/conditional weak-FP readiness wrapper SALD.generalMovingTargetDiscreteEndpointConditionalWeakFpReadinessHandoff, synchronized ledgers, and passed source-index plus ASTIS check; analytic conditional law, weak FP, density/AC, KL derivative, theorem statuses, SLT import, and Lake dependency remain unpromoted."
850,2026-05-29 04:49:45,20260529-043409-488712-ASTIS-SALD-001-cycle81-20_middle_formalizer,ASTIS-SALD-001,middle,attempt,accepted,not-run,runs/20260529-043409-488712-ASTIS-SALD-001-cycle81/20_middle_formalizer.md,,External agent command exit code 0.
851,2026-05-29 04:56:20,20260529-045620-475816-ASTIS-SALD-001-lower-handoff,ASTIS-SALD-001,lower,handoff,queued,not-run,runs/20260529-043409-488712-ASTIS-SALD-001-cycle81,,"Cycle 81 lower compiled SALD.generalMovingTargetDiscreteEndpointMeasureMapWeakFpPrereqHandoff endpoint-only Measure.map-to-WeakFpPrereq wrapper for appendix.tex:1368-1377 and synchronized ledgers; source-index and ASTIS check passed; analytic conditional-law, weak FP, density/AC, KL derivative, theorem status, SLT import, and Lake dependency remain unpromoted."
852,2026-05-29 04:57:06,20260529-043409-488712-ASTIS-SALD-001-cycle81-30_lower_1,ASTIS-SALD-001,lower,attempt,accepted,not-run,runs/20260529-043409-488712-ASTIS-SALD-001-cycle81/30_lower_1.md,,External agent command exit code 0.
853,2026-05-29 05:00:31,20260529-050031-721897-ASTIS-SALD-001-reviewer-handoff,ASTIS-SALD-001,reviewer,handoff,queued,pass,runs/20260529-043409-488712-ASTIS-SALD-001-cycle81,,"Cycle 81 reviewer accepted. source-index ASTIS-SALD-001 and python3 tools/astis.py check passed; proof-diagnostics zero forbidden hits; endpoint-to-conditional EM backend focus preserved; no theorem, analytic backend, SLT, or Lake status promotion."
854,2026-05-29 05:00:57,20260529-043409-488712-ASTIS-SALD-001-cycle81-40_reviewer,ASTIS-SALD-001,reviewer,attempt,accepted,not-run,runs/20260529-043409-488712-ASTIS-SALD-001-cycle81/40_reviewer.md,,External agent command exit code 0.
855,2026-05-29 05:01:06,20260529-043409-488712-ASTIS-SALD-001-cycle81-build-gate,ASTIS-SALD-001,reviewer,build,compiled,pass,runs/20260529-043409-488712-ASTIS-SALD-001-cycle81,,Cycle build gate.
856,2026-05-29 05:01:06,20260529-050106-592781-ASTIS-SALD-001-cycle82-prompt-deck,ASTIS-SALD-001,upper,plan,queued,not-run,runs/20260529-050106-592781-ASTIS-SALD-001-cycle82,runs/20260529-050106-592781-ASTIS-SALD-001-cycle82/10_upper_director.md;runs/20260529-050106-592781-ASTIS-SALD-001-cycle82/20_middle_formalizer.md;runs/20260529-050106-592781-ASTIS-SALD-001-cycle82/30_lower_1.md;runs/20260529-050106-592781-ASTIS-SALD-001-cycle82/40_reviewer.md;runs/20260529-050106-592781-ASTIS-SALD-001-cycle82/00_context.md;runs/20260529-050106-592781-ASTIS-SALD-001-cycle82/dialogue.md,Created prompt deck with 1 lower agent(s).
857,2026-05-29 05:08:37,20260529-050837-058101-ASTIS-SALD-001-upper-handoff,ASTIS-SALD-001,upper,handoff,queued,not-run,runs/20260529-050106-592781-ASTIS-SALD-001-cycle82,,"Cycle 82 upper selected weak conditional Fokker-Planck source signs for sald.general_moving_target_discrete.em_interpolation_fp over appendix.tex:1358-1387, narrowed to appendix.tex:1379-1387 after cycle-81 WeakFpPrereq readiness; registered cycle82 upper packet/DAG/ledgers; source-index and ASTIS check passed."
858,2026-05-29 05:09:50,20260529-050106-592781-ASTIS-SALD-001-cycle82-10_upper_director,ASTIS-SALD-001,upper,attempt,accepted,not-run,runs/20260529-050106-592781-ASTIS-SALD-001-cycle82/10_upper_director.md,,External agent command exit code 0.
859,2026-05-29 05:20:16,20260529-052016-432070-ASTIS-SALD-001-middle-handoff,ASTIS-SALD-001,middle,handoff,queued,not-run,runs/20260529-050106-592781-ASTIS-SALD-001-cycle82,,Cycle 82 middle compiled readiness-to-generator-piece weak-FP source-sign bridge; synchronized ledgers; source-index and ASTIS check passed; analytic weak FP/conditional law/density/KL/theorem/SLT/Lake statuses remain unpromoted.
860,2026-05-29 05:20:47,20260529-050106-592781-ASTIS-SALD-001-cycle82-20_middle_formalizer,ASTIS-SALD-001,middle,attempt,accepted,not-run,runs/20260529-050106-592781-ASTIS-SALD-001-cycle82/20_middle_formalizer.md,,External agent command exit code 0.
861,2026-05-29 05:27:53,20260529-052753-441158-ASTIS-SALD-001-lower-handoff,ASTIS-SALD-001,lower,handoff,queued,not-run,runs/20260529-050106-592781-ASTIS-SALD-001-cycle82,,"Cycle 82 lower compiled SALD.generalMovingTargetDiscreteEndpointConditionalWeakFpSourceSignsHandoff, synchronized ledgers, and passed source-index plus ASTIS check; analytic conditional law, weak FP, density/AC, KL derivative, theorem statuses, SLT import, and Lake dependency remain unpromoted."
862,2026-05-29 05:28:27,20260529-050106-592781-ASTIS-SALD-001-cycle82-30_lower_1,ASTIS-SALD-001,lower,attempt,accepted,not-run,runs/20260529-050106-592781-ASTIS-SALD-001-cycle82/30_lower_1.md,,External agent command exit code 0.
863,2026-05-29 05:30:29,20260529-053029-868780-ASTIS-SALD-001-reviewer-handoff,ASTIS-SALD-001,reviewer,handoff,queued,not-run,runs/20260529-050106-592781-ASTIS-SALD-001-cycle82,,"Cycle 82 reviewer accepted. source-index ASTIS-SALD-001 and ASTIS check passed; proof-diagnostics zero forbidden hits. Weak FP source-sign wrappers match appendix.tex:1379-1387 with negative drift-divergence and positive sigma_eta^2/2 Laplacian under supplied hypotheses; no theorem, analytic backend, SLT, or Lake promotion."
864,2026-05-29 05:30:49,20260529-050106-592781-ASTIS-SALD-001-cycle82-40_reviewer,ASTIS-SALD-001,reviewer,attempt,accepted,not-run,runs/20260529-050106-592781-ASTIS-SALD-001-cycle82/40_reviewer.md,,External agent command exit code 0.
865,2026-05-29 05:30:58,20260529-050106-592781-ASTIS-SALD-001-cycle82-build-gate,ASTIS-SALD-001,reviewer,build,compiled,pass,runs/20260529-050106-592781-ASTIS-SALD-001-cycle82,,Cycle build gate.
866,2026-05-29 05:30:58,20260529-053058-205434-ASTIS-SALD-001-cycle83-prompt-deck,ASTIS-SALD-001,upper,plan,queued,not-run,runs/20260529-053058-205434-ASTIS-SALD-001-cycle83,runs/20260529-053058-205434-ASTIS-SALD-001-cycle83/10_upper_director.md;runs/20260529-053058-205434-ASTIS-SALD-001-cycle83/20_middle_formalizer.md;runs/20260529-053058-205434-ASTIS-SALD-001-cycle83/30_lower_1.md;runs/20260529-053058-205434-ASTIS-SALD-001-cycle83/40_reviewer.md;runs/20260529-053058-205434-ASTIS-SALD-001-cycle83/00_context.md;runs/20260529-053058-205434-ASTIS-SALD-001-cycle83/dialogue.md,Created prompt deck with 1 lower agent(s).
867,2026-05-29 05:40:02,20260529-054002-840623-ASTIS-SALD-001-upper-handoff,ASTIS-SALD-001,upper,handoff,queued,not-run,runs/20260529-053058-205434-ASTIS-SALD-001-cycle83,,"Cycle 83 upper compiled endpoint/conditional weak-FP source-sign to KL-derivative handoff; synchronized Lean, conversion window, proof obligations, and SLT audit; source-index and ASTIS check passed; analytic weak FP/KL/density/LSI/DV/Gronwall/theorem/SLT/Lake statuses remain unpromoted."
868,2026-05-29 05:40:31,20260529-053058-205434-ASTIS-SALD-001-cycle83-10_upper_director,ASTIS-SALD-001,upper,attempt,accepted,not-run,runs/20260529-053058-205434-ASTIS-SALD-001-cycle83/10_upper_director.md,,External agent command exit code 0.
869,2026-05-29 05:42:10,20260529-054210-582084-ASTIS-SALD-001-middle-handoff,ASTIS-SALD-001,middle,handoff,queued,not-run,runs/20260529-053058-205434-ASTIS-SALD-001-cycle83,,"Cycle 83 middle verified compiled endpoint weak-FP source-signs to KL-derivative handoff and synchronized handoff. source-index ASTIS-SALD-001 and ASTIS check passed; analytic EM weak FP, density/AC, KL differentiability, LSI, DV, Gronwall, theorem statuses, SLT import, and Lake dependency remain unpromoted."
870,2026-05-29 05:42:21,20260529-053058-205434-ASTIS-SALD-001-cycle83-20_middle_formalizer,ASTIS-SALD-001,middle,attempt,accepted,not-run,runs/20260529-053058-205434-ASTIS-SALD-001-cycle83/20_middle_formalizer.md,,External agent command exit code 0.
871,2026-05-29 05:47:55,20260529-054755-432885-ASTIS-SALD-001-lower-handoff,ASTIS-SALD-001,lower,handoff,queued,not-run,runs/20260529-053058-205434-ASTIS-SALD-001-cycle83,,"Cycle 83 lower compiled SALD.generalMovingTargetDiscreteKlDerivativeWeakFpHandoffOfSourceSignsWithLogAction for the EM weak-FP-to-KL derivative handoff, synchronized ledgers, and passed source-index plus ASTIS check; analytic weak FP/KL/LSI/DV/Gronwall/theorem/SLT/Lake statuses remain unpromoted."
872,2026-05-29 05:48:27,20260529-053058-205434-ASTIS-SALD-001-cycle83-30_lower_1,ASTIS-SALD-001,lower,attempt,accepted,not-run,runs/20260529-053058-205434-ASTIS-SALD-001-cycle83/30_lower_1.md,,External agent command exit code 0.
873,2026-05-29 05:50:39,20260529-055039-897996-ASTIS-SALD-001-reviewer-handoff,ASTIS-SALD-001,reviewer,handoff,queued,not-run,runs/20260529-053058-205434-ASTIS-SALD-001-cycle83,,"Cycle 83 reviewer accepted: source-index, proof-diagnostics, and ASTIS check passed; KL derivative handoff from endpoint weak-FP source signs matches appendix.tex:1358-1387 signs and keeps analytic/theorem/SLT/Lake statuses unpromoted."
874,2026-05-29 05:51:05,20260529-053058-205434-ASTIS-SALD-001-cycle83-40_reviewer,ASTIS-SALD-001,reviewer,attempt,accepted,not-run,runs/20260529-053058-205434-ASTIS-SALD-001-cycle83/40_reviewer.md,,External agent command exit code 0.
875,2026-05-29 05:51:13,20260529-053058-205434-ASTIS-SALD-001-cycle83-build-gate,ASTIS-SALD-001,reviewer,build,compiled,pass,runs/20260529-053058-205434-ASTIS-SALD-001-cycle83,,Cycle build gate.
876,2026-05-29 05:51:14,20260529-055114-000012-ASTIS-SALD-001-cycle84-prompt-deck,ASTIS-SALD-001,upper,plan,queued,not-run,runs/20260529-055114-000012-ASTIS-SALD-001-cycle84,runs/20260529-055114-000012-ASTIS-SALD-001-cycle84/10_upper_director.md;runs/20260529-055114-000012-ASTIS-SALD-001-cycle84/20_middle_formalizer.md;runs/20260529-055114-000012-ASTIS-SALD-001-cycle84/30_lower_1.md;runs/20260529-055114-000012-ASTIS-SALD-001-cycle84/40_reviewer.md;runs/20260529-055114-000012-ASTIS-SALD-001-cycle84/00_context.md;runs/20260529-055114-000012-ASTIS-SALD-001-cycle84/dialogue.md,Created prompt deck with 1 lower agent(s).
877,2026-05-29 05:58:30,20260529-055830-603015-ASTIS-SALD-001-upper-handoff,ASTIS-SALD-001,upper,handoff,queued,not-run,runs/20260529-055114-000012-ASTIS-SALD-001-cycle84,,Cycle 84 upper added active EM backend packet/DAG for sald.general_moving_target_discrete.em_interpolation_fp over appendix.tex:1358-1387; selected continued proof-producing consolidation before any minimal cited Mathlib/measure fallback. source-index ASTIS-SALD-001 and ASTIS check passed; no analytic/theorem/SLT/Lake status promoted.
878,2026-05-29 05:59:01,20260529-055114-000012-ASTIS-SALD-001-cycle84-10_upper_director,ASTIS-SALD-001,upper,attempt,accepted,not-run,runs/20260529-055114-000012-ASTIS-SALD-001-cycle84/10_upper_director.md,,External agent command exit code 0.
879,2026-05-29 06:04:57,20260529-060457-722290-ASTIS-SALD-001-middle-handoff,ASTIS-SALD-001,middle,handoff,queued,not-run,runs/20260529-055114-000012-ASTIS-SALD-001-cycle84,,"Cycle 84 middle added compiled active EM-backend source-map obligation/DAG node, synchronized ledgers, passed source-index and ASTIS check; analytic EM weak FP/density/KL/LSI/DV/Gronwall/theorem/SLT/Lake statuses remain unpromoted."
880,2026-05-29 06:05:19,20260529-055114-000012-ASTIS-SALD-001-cycle84-20_middle_formalizer,ASTIS-SALD-001,middle,attempt,accepted,not-run,runs/20260529-055114-000012-ASTIS-SALD-001-cycle84/20_middle_formalizer.md,,External agent command exit code 0.
881,2026-05-29 06:11:15,20260529-061115-825793-ASTIS-SALD-001-lower-handoff,ASTIS-SALD-001,lower,handoff,queued,not-run,runs/20260529-055114-000012-ASTIS-SALD-001-cycle84,,"Cycle 84 lower compiled endpoint/conditional log-action KL handoff SALD.generalMovingTargetDiscreteEndpointConditionalKlDerivativeWeakFpHandoffWithLogAction, synchronized ledgers, source-index ASTIS-SALD-001 passed, ASTIS check passed; no measure fallback or status promotion."
882,2026-05-29 06:11:41,20260529-055114-000012-ASTIS-SALD-001-cycle84-30_lower_1,ASTIS-SALD-001,lower,attempt,accepted,not-run,runs/20260529-055114-000012-ASTIS-SALD-001-cycle84/30_lower_1.md,,External agent command exit code 0.
883,2026-05-29 06:13:59,20260529-061359-923252-ASTIS-SALD-001-reviewer-handoff,ASTIS-SALD-001,reviewer,handoff,queued,not-run,runs/20260529-055114-000012-ASTIS-SALD-001-cycle84,,"Cycle 84 reviewer accepted: source-index, proof-diagnostics, and ASTIS check passed; active EM backend wrapper source correspondence verified for appendix.tex:1358-1387; no fake closures, no fallback measure interface, no theorem/SLT/Lake promotion."
884,2026-05-29 06:14:21,20260529-055114-000012-ASTIS-SALD-001-cycle84-40_reviewer,ASTIS-SALD-001,reviewer,attempt,accepted,not-run,runs/20260529-055114-000012-ASTIS-SALD-001-cycle84/40_reviewer.md,,External agent command exit code 0.
885,2026-05-29 06:14:30,20260529-055114-000012-ASTIS-SALD-001-cycle84-build-gate,ASTIS-SALD-001,reviewer,build,compiled,pass,runs/20260529-055114-000012-ASTIS-SALD-001-cycle84,,Cycle build gate.
886,2026-05-29 06:14:30,20260529-061430-394037-ASTIS-SALD-001-sleep-window,ASTIS-SALD-001,upper,compression,accepted,not-run,runs,,Graceful sleep window completed 14 cycle(s); final cycle was not interrupted.
887,2026-06-02 23:02:07,20260602-230207-442976-ASTIS-SALD-001-cycle85-prompt-deck,ASTIS-SALD-001,upper,plan,queued,not-run,runs/20260602-230207-442976-ASTIS-SALD-001-cycle85,runs/20260602-230207-442976-ASTIS-SALD-001-cycle85/10_upper_director.md;runs/20260602-230207-442976-ASTIS-SALD-001-cycle85/20_middle_formalizer.md;runs/20260602-230207-442976-ASTIS-SALD-001-cycle85/30_lower_1.md;runs/20260602-230207-442976-ASTIS-SALD-001-cycle85/40_reviewer.md;runs/20260602-230207-442976-ASTIS-SALD-001-cycle85/00_context.md;runs/20260602-230207-442976-ASTIS-SALD-001-cycle85/dialogue.md,Created prompt deck with 1 lower agent(s).
888,2026-06-02 23:09:07,20260602-230907-125067-ASTIS-SALD-001-upper-handoff,ASTIS-SALD-001,upper,handoff,queued,not-run,runs/20260602-230207-442976-ASTIS-SALD-001-cycle85,,"Cycle 85 upper recorded global phase judgment and selected conditional-kernel theorem boundary over appendix.tex:1368-1377 for sald.general_moving_target_discrete.em_interpolation_fp; synchronized Lean packet/DAG, proof obligations, SLT audit, dialogue; source-index ASTIS-SALD-001 and ASTIS check passed."
889,2026-06-02 23:09:59,20260602-230207-442976-ASTIS-SALD-001-cycle85-10_upper_director,ASTIS-SALD-001,upper,attempt,accepted,not-run,runs/20260602-230207-442976-ASTIS-SALD-001-cycle85/10_upper_director.md,,External agent command exit code 0.
890,2026-06-02 23:18:43,20260602-231843-276134-ASTIS-SALD-001-middle-handoff,ASTIS-SALD-001,middle,handoff,queued,not-run,runs/20260602-230207-442976-ASTIS-SALD-001-cycle85,,Cycle 85 middle narrowed conditional-kernel theorem boundary with compiled local Mathlib helpers for condDistrib/condExpKernel orientation and vector-valued conditional-integral measurability/integrability; remaining lower theorem is hatRhoS state-field versioning. source-index and ASTIS check passed.
891,2026-06-02 23:19:14,20260602-230207-442976-ASTIS-SALD-001-cycle85-20_middle_formalizer,ASTIS-SALD-001,middle,attempt,accepted,not-run,runs/20260602-230207-442976-ASTIS-SALD-001-cycle85/20_middle_formalizer.md,,External agent command exit code 0.
892,2026-06-02 23:26:30,20260602-232630-185092-ASTIS-SALD-001-lower-handoff,ASTIS-SALD-001,lower,handoff,queued,not-run,runs/20260602-230207-442976-ASTIS-SALD-001-cycle85,,"Cycle 85 lower compiled condDistrib law-space/named-field regularity helpers, synchronized SALD DAG/dependencies, proof obligations, SLT audit, and source index. Classification: discharges-supplied-hypothesis for component-field measurability/integrability under hatRhoS; remaining theorem boundary is SALD-specific a.e. version choice and kernel compatibility/disintegration. source-index and ASTIS check passed."
893,2026-06-02 23:26:55,20260602-230207-442976-ASTIS-SALD-001-cycle85-30_lower_1,ASTIS-SALD-001,lower,attempt,accepted,not-run,runs/20260602-230207-442976-ASTIS-SALD-001-cycle85/30_lower_1.md,,External agent command exit code 0.
894,2026-06-02 23:28:47,20260602-232847-608862-ASTIS-SALD-001-reviewer-handoff,ASTIS-SALD-001,reviewer,handoff,queued,not-run,runs/20260602-230207-442976-ASTIS-SALD-001-cycle85,,"Cycle 85 reviewer accepted: source-index, proof-diagnostics, and ASTIS check passed; accepted conditional-kernel boundary progress classified discharges-supplied-hypothesis; remaining blocker is SALD-specific hatRhoS versioning/disintegration."
895,2026-06-02 23:29:11,20260602-230207-442976-ASTIS-SALD-001-cycle85-40_reviewer,ASTIS-SALD-001,reviewer,attempt,accepted,not-run,runs/20260602-230207-442976-ASTIS-SALD-001-cycle85/40_reviewer.md,,External agent command exit code 0.
896,2026-06-02 23:29:21,20260602-230207-442976-ASTIS-SALD-001-cycle85-build-gate,ASTIS-SALD-001,reviewer,build,compiled,pass,runs/20260602-230207-442976-ASTIS-SALD-001-cycle85,,Cycle build gate.
897,2026-06-02 23:29:21,20260602-232921-337363-ASTIS-SALD-001-cycle86-prompt-deck,ASTIS-SALD-001,upper,plan,queued,not-run,runs/20260602-232921-337363-ASTIS-SALD-001-cycle86,runs/20260602-232921-337363-ASTIS-SALD-001-cycle86/10_upper_director.md;runs/20260602-232921-337363-ASTIS-SALD-001-cycle86/20_middle_formalizer.md;runs/20260602-232921-337363-ASTIS-SALD-001-cycle86/30_lower_1.md;runs/20260602-232921-337363-ASTIS-SALD-001-cycle86/40_reviewer.md;runs/20260602-232921-337363-ASTIS-SALD-001-cycle86/00_context.md;runs/20260602-232921-337363-ASTIS-SALD-001-cycle86/dialogue.md,Created prompt deck with 1 lower agent(s).
898,2026-06-02 23:38:09,20260602-233809-237651-ASTIS-SALD-001-upper-handoff,ASTIS-SALD-001,upper,handoff,queued,not-run,runs/20260602-232921-337363-ASTIS-SALD-001-cycle86,,"Cycle 86 upper selected generator-to-law weak-FP boundary for appendix.tex:1379-1387; recorded Lean-facing upper packet/DAG, proof-obligation table, SLT no-import audit, and run handoff; source-index and ASTIS check passed."
899,2026-06-02 23:38:39,20260602-232921-337363-ASTIS-SALD-001-cycle86-10_upper_director,ASTIS-SALD-001,upper,attempt,accepted,not-run,runs/20260602-232921-337363-ASTIS-SALD-001-cycle86/10_upper_director.md,,External agent command exit code 0.
900,2026-06-02 23:43:45,20260602-234345-754680-ASTIS-SALD-001-middle-handoff,ASTIS-SALD-001,middle,handoff,queued,not-run,runs/20260602-232921-337363-ASTIS-SALD-001-cycle86,,Cycle 86 middle narrowed appendix.tex:1379-1387 generator-to-law weak-FP boundary; no wrapper churn or status promotion; source-index and ASTIS check passed.
901,2026-06-02 23:44:48,20260602-232921-337363-ASTIS-SALD-001-cycle86-20_middle_formalizer,ASTIS-SALD-001,middle,attempt,accepted,not-run,runs/20260602-232921-337363-ASTIS-SALD-001-cycle86/20_middle_formalizer.md,,External agent command exit code 0.
902,2026-06-02 23:59:29,20260602-235929-333978-ASTIS-SALD-001-lower-handoff,ASTIS-SALD-001,lower,handoff,queued,not-run,runs/20260602-232921-337363-ASTIS-SALD-001-cycle86,,"Cycle 86 lower compiled SALD.generalMovingTargetDiscreteWeakConditionalFpSourceSignsOfSampleGeneratorPiecesHandoff for appendix.tex:1379-1387. Classification: narrows-source-cited-boundary; removed abstract hgenerator equality via sample-space HasDerivAt, lawMapIntegralHasDerivAtOfSample transport, and HasDerivAt uniqueness. Remaining blockers are sample-path/parametric-integral generator differentiation, weak-law derivative existence, source-action identification, density/time/test/boundary hypotheses. source-index and ASTIS check passed."
903,2026-06-03 00:00:37,20260602-232921-337363-ASTIS-SALD-001-cycle86-30_lower_1,ASTIS-SALD-001,lower,attempt,accepted,not-run,runs/20260602-232921-337363-ASTIS-SALD-001-cycle86/30_lower_1.md,,External agent command exit code 0.
904,2026-06-03 00:03:21,20260603-000321-677871-ASTIS-SALD-001-reviewer-handoff,ASTIS-SALD-001,reviewer,handoff,queued,not-run,runs/20260602-232921-337363-ASTIS-SALD-001-cycle86,,"Cycle 86 reviewer accepted. source-index ASTIS-SALD-001, proof-diagnostics, and python3 tools/astis.py check passed. Accepted classification: narrows-source-cited-boundary for generator-to-law weak-FP boundary at appendix.tex:1379-1387; compiled handoff removes abstract hgenerator equality via lawMapIntegralHasDerivAtOfSample plus HasDerivAt.unique but leaves full EM weak-FP analytic theorem and theorem closures unpromoted."
905,2026-06-03 00:03:44,20260603-000344-183088-ASTIS-SALD-001-reviewer-source-index,ASTIS-SALD-001,reviewer,source-index,indexed,not-run,runs/20260602-232921-337363-ASTIS-SALD-001-cycle86,,Cycle 86 reviewer source-index gate passed: python3 tools/astis.py source-index ASTIS-SALD-001 regenerated research-wiki/source-index/SALD_original.jsonl with 103 declarations.
906,2026-06-03 00:03:44,20260603-000344-191663-ASTIS-SALD-001-reviewer-build,ASTIS-SALD-001,reviewer,build,compiled,pass,runs/20260602-232921-337363-ASTIS-SALD-001-cycle86,,"Cycle 86 reviewer mandatory gate passed: python3 tools/astis.py check completed Lake build, Tests build, fake-proof scan, and reported ASTIS check passed."
907,2026-06-03 00:04:17,20260602-232921-337363-ASTIS-SALD-001-cycle86-40_reviewer,ASTIS-SALD-001,reviewer,attempt,accepted,not-run,runs/20260602-232921-337363-ASTIS-SALD-001-cycle86/40_reviewer.md,,External agent command exit code 0.
908,2026-06-03 00:04:28,20260602-232921-337363-ASTIS-SALD-001-cycle86-build-gate,ASTIS-SALD-001,reviewer,build,compiled,pass,runs/20260602-232921-337363-ASTIS-SALD-001-cycle86,,Cycle build gate.
909,2026-06-03 00:04:28,20260603-000428-044416-ASTIS-SALD-001-cycle87-prompt-deck,ASTIS-SALD-001,upper,plan,queued,not-run,runs/20260603-000428-044416-ASTIS-SALD-001-cycle87,runs/20260603-000428-044416-ASTIS-SALD-001-cycle87/10_upper_director.md;runs/20260603-000428-044416-ASTIS-SALD-001-cycle87/20_middle_formalizer.md;runs/20260603-000428-044416-ASTIS-SALD-001-cycle87/30_lower_1.md;runs/20260603-000428-044416-ASTIS-SALD-001-cycle87/40_reviewer.md;runs/20260603-000428-044416-ASTIS-SALD-001-cycle87/00_context.md;runs/20260603-000428-044416-ASTIS-SALD-001-cycle87/dialogue.md,Created prompt deck with 1 lower agent(s).
910,2026-06-03 00:11:45,20260603-001145-511806-ASTIS-SALD-001-upper-handoff,ASTIS-SALD-001,upper,handoff,queued,not-run,runs/20260603-000428-044416-ASTIS-SALD-001-cycle87,AutoSamplingTheory/SALD.lean;proof-obligations/ASTIS-SALD-001.md;research-wiki/cited-results/SLT_reuse_audit.md;research-wiki/source-index/SALD_original.jsonl;runs/20260603-000428-044416-ASTIS-SALD-001-cycle87/dialogue.md,Cycle 87 upper selected the KL/log-ratio boundary at appendix.tex:1358-1366 for the active EM backend. Classification requirement: discharges-supplied-hypothesis if hkl/hlog/log-action/measurability/integrability is removed; otherwise narrows-source-cited-boundary only with a smaller named theorem. source-index and ASTIS check passed.
911,2026-06-03 00:12:11,20260603-000428-044416-ASTIS-SALD-001-cycle87-10_upper_director,ASTIS-SALD-001,upper,attempt,accepted,not-run,runs/20260603-000428-044416-ASTIS-SALD-001-cycle87/10_upper_director.md,,External agent command exit code 0.
912,2026-06-03 00:18:55,20260603-001855-446125-ASTIS-SALD-001-middle-handoff,ASTIS-SALD-001,middle,handoff,queued,not-run,runs/20260603-000428-044416-ASTIS-SALD-001-cycle87,,"Cycle 87 KL/log-ratio boundary classified narrows-source-cited-boundary. Formalized local scalar mass-conservation drop and raw-KL-to-weak-FP handoff for appendix.tex:1358-1366; updated Lean DAG/dependencies, conversion window, proof obligations, and SLT audit. Remaining analytic blockers are raw KL differentiability, mass conservation theorem, log-ratio regularity/admissibility, target-time integrability, density/AC/zero-set conventions, and downstream IBP/FI. source-index and ASTIS check passed."
913,2026-06-03 00:19:28,20260603-000428-044416-ASTIS-SALD-001-cycle87-20_middle_formalizer,ASTIS-SALD-001,middle,attempt,accepted,not-run,runs/20260603-000428-044416-ASTIS-SALD-001-cycle87/20_middle_formalizer.md,,External agent command exit code 0.
914,2026-06-03 00:29:49,20260603-002949-925359-ASTIS-SALD-001-lower-handoff,ASTIS-SALD-001,lower,handoff,queued,not-run,runs/20260603-000428-044416-ASTIS-SALD-001-cycle87,,"Cycle 87 lower: added SALD.generalMovingTargetDiscreteKlLogRatioLlrDef and SALD.generalMovingTargetDiscreteKlLogRatioRegularityOfFiniteKl for appendix.tex:1358-1366. Classification discharges-supplied-hypothesis for log-ratio AC/measurability/integrability under finite KL; raw KL/mass split remains narrowed by existing compiled handoffs. Remaining blockers are raw KL differentiability, mass conservation proof, weak-test admissibility/smoothing, target-time integrability, weak FP, integration by parts, FI, and theorem closure. source-index ASTIS-SALD-001 and python3 tools/astis.py check passed."
915,2026-06-03 00:30:46,20260603-000428-044416-ASTIS-SALD-001-cycle87-30_lower_1,ASTIS-SALD-001,lower,attempt,accepted,not-run,runs/20260603-000428-044416-ASTIS-SALD-001-cycle87/30_lower_1.md,,External agent command exit code 0.
916,2026-06-03 00:33:17,20260603-003317-464919-ASTIS-SALD-001-reviewer-handoff,ASTIS-SALD-001,reviewer,handoff,queued,not-run,runs/20260603-000428-044416-ASTIS-SALD-001-cycle87,,"Cycle 87 reviewer accepted. Gates passed: source-index ASTIS-SALD-001 regenerated 103 declarations; proof-diagnostics reported zero forbidden hits; mandatory python3 tools/astis.py check passed Lake build, Tests build, and fake-proof scan. Accepted classification: discharges-supplied-hypothesis for finite-KL log-ratio llr regularity, plus narrows-source-cited-boundary for raw KL derivative and massTerm=0 split. No theorem-status, EM/KL backend, SLT, or Lake promotion. Remaining blockers are raw KL differentiability, mass conservation, log-ratio weak-test admissibility/smoothing/boundary, target-time derivative integrability, weak FP, integration by parts/FI, theorem closure."
917,2026-06-03 00:34:03,20260603-000428-044416-ASTIS-SALD-001-cycle87-40_reviewer,ASTIS-SALD-001,reviewer,attempt,accepted,not-run,runs/20260603-000428-044416-ASTIS-SALD-001-cycle87/40_reviewer.md,,External agent command exit code 0.
918,2026-06-03 00:34:13,20260603-000428-044416-ASTIS-SALD-001-cycle87-build-gate,ASTIS-SALD-001,reviewer,build,compiled,pass,runs/20260603-000428-044416-ASTIS-SALD-001-cycle87,,Cycle build gate.
919,2026-06-03 00:34:13,20260603-003413-704847-ASTIS-SALD-001-cycle88-prompt-deck,ASTIS-SALD-001,upper,plan,queued,not-run,runs/20260603-003413-704847-ASTIS-SALD-001-cycle88,runs/20260603-003413-704847-ASTIS-SALD-001-cycle88/10_upper_director.md;runs/20260603-003413-704847-ASTIS-SALD-001-cycle88/20_middle_formalizer.md;runs/20260603-003413-704847-ASTIS-SALD-001-cycle88/30_lower_1.md;runs/20260603-003413-704847-ASTIS-SALD-001-cycle88/40_reviewer.md;runs/20260603-003413-704847-ASTIS-SALD-001-cycle88/00_context.md;runs/20260603-003413-704847-ASTIS-SALD-001-cycle88/dialogue.md,Created prompt deck with 1 lower agent(s).
920,2026-06-03 00:35:44,20260603-003544-743455-ASTIS-SALD-001-upper-handoff,ASTIS-SALD-001,upper,handoff,queued,not-run,runs/20260603-003413-704847-ASTIS-SALD-001-cycle88,,"Cycle 88 upper queued: no cycle-87 recovery needed; Phase 1 skeleton stable for cited-theory backfill; active target remains sald.general_moving_target_discrete.em_interpolation_fp over appendix.tex:1358-1387. Selected lower packet is log-ratio weak-test admissibility/smoothing at appendix.tex:1358-1366, using cycle-87 finite-KL llr regularity to discharge or strictly narrow one supplied log-test/log-action hypothesis. Reviewer should reject wrapper churn, hidden analytic closure, theorem-status promotion, source drift, SLT/Lake changes, and sign/constant drift."
921,2026-06-03 00:36:27,20260603-003413-704847-ASTIS-SALD-001-cycle88-10_upper_director,ASTIS-SALD-001,upper,attempt,accepted,not-run,runs/20260603-003413-704847-ASTIS-SALD-001-cycle88/10_upper_director.md,,External agent command exit code 0.
922,2026-06-03 00:44:53,20260603-004453-417477-ASTIS-SALD-001-middle-handoff,ASTIS-SALD-001,middle,handoff,queued,not-run,runs/20260603-003413-704847-ASTIS-SALD-001-cycle88,,"Cycle 88 middle narrows-source-cited-boundary: selected the supplied hlog : Admissible logRatioTest hypothesis at appendix.tex:1358-1366 and replaced it with a lower-ready log-ratio admissibility theorem boundary using cycle-87 finite-KL llr regularity; remaining theorem is Admissible (llr hatRhoS tildePiS) from finite KL plus density/time regularity, smoothing/Sobolev approximation, boundary/no-flux, and weak-FP action closure. Updated Lean DAG/dependencies, conversion window, proof obligations, and SLT audit. source-index and ASTIS check passed."
923,2026-06-03 00:45:12,20260603-003413-704847-ASTIS-SALD-001-cycle88-20_middle_formalizer,ASTIS-SALD-001,middle,attempt,accepted,not-run,runs/20260603-003413-704847-ASTIS-SALD-001-cycle88/20_middle_formalizer.md,,External agent command exit code 0.
924,2026-06-03 00:53:23,20260603-005323-745899-ASTIS-SALD-001-lower-handoff,ASTIS-SALD-001,lower,handoff,queued,not-run,runs/20260603-003413-704847-ASTIS-SALD-001-cycle88,,Cycle 88 lower narrows-source-cited-boundary: compiled finite-KL-to-admissible-llr handoff via SALD.GeneralMovingTargetDiscreteKlLogRatioAdmissibilityClosure and SALD.generalMovingTargetDiscreteKlLogRatioAdmissibleOfFiniteKlClosure; source-index and astis check passed.
925,2026-06-03 00:53:53,20260603-003413-704847-ASTIS-SALD-001-cycle88-30_lower_1,ASTIS-SALD-001,lower,attempt,accepted,not-run,runs/20260603-003413-704847-ASTIS-SALD-001-cycle88/30_lower_1.md,,External agent command exit code 0.
926,2026-06-03 00:55:36,20260603-005536-704987-ASTIS-SALD-001-reviewer-handoff,ASTIS-SALD-001,reviewer,handoff,queued,not-run,runs/20260603-003413-704847-ASTIS-SALD-001-cycle88,,"Cycle 88 reviewer accepted: source-index, proof-diagnostics, and ASTIS check passed; hlog admissibility hypothesis narrowed to finite-KL llr regularity plus named closure boundary; no hidden analytic closure, theorem promotion, SLT import, or Lake dependency change."
927,2026-06-03 00:55:52,20260603-003413-704847-ASTIS-SALD-001-cycle88-40_reviewer,ASTIS-SALD-001,reviewer,attempt,accepted,not-run,runs/20260603-003413-704847-ASTIS-SALD-001-cycle88/40_reviewer.md,,External agent command exit code 0.
928,2026-06-03 00:56:02,20260603-003413-704847-ASTIS-SALD-001-cycle88-build-gate,ASTIS-SALD-001,reviewer,build,compiled,pass,runs/20260603-003413-704847-ASTIS-SALD-001-cycle88,,Cycle build gate.
929,2026-06-03 00:56:02,20260603-005602-116198-ASTIS-SALD-001-cycle89-prompt-deck,ASTIS-SALD-001,upper,plan,queued,not-run,runs/20260603-005602-116198-ASTIS-SALD-001-cycle89,runs/20260603-005602-116198-ASTIS-SALD-001-cycle89/10_upper_director.md;runs/20260603-005602-116198-ASTIS-SALD-001-cycle89/20_middle_formalizer.md;runs/20260603-005602-116198-ASTIS-SALD-001-cycle89/30_lower_1.md;runs/20260603-005602-116198-ASTIS-SALD-001-cycle89/40_reviewer.md;runs/20260603-005602-116198-ASTIS-SALD-001-cycle89/00_context.md;runs/20260603-005602-116198-ASTIS-SALD-001-cycle89/dialogue.md,Created prompt deck with 1 lower agent(s).
930,2026-06-03 01:04:38,20260603-010438-494248-ASTIS-SALD-001-upper-handoff,ASTIS-SALD-001,upper,handoff,queued,not-run,runs/20260603-005602-116198-ASTIS-SALD-001-cycle89,,"Cycle 89 upper narrows-source-cited-boundary: pressure-tested thm:forward-KL-discrete through current EM/KL handoffs and LSI/DV/Gronwall interfaces; next blocker is SALD.discreteForwardKlDerivativeObligation / sald.discrete_forward_kl.kl_derivative at appendix.tex:388-413, target transport appendix.tex:414-436, upstream raw KL/weak-FP appendix.tex:1358-1387. Updated Lean DAG/dependencies, conversion window, proof obligations, and SLT audit; source-index and ASTIS check passed."
931,2026-06-03 01:05:26,20260603-005602-116198-ASTIS-SALD-001-cycle89-10_upper_director,ASTIS-SALD-001,upper,attempt,accepted,not-run,runs/20260603-005602-116198-ASTIS-SALD-001-cycle89/10_upper_director.md,,External agent command exit code 0.
932,2026-06-03 01:10:16,20260603-011016-063335-ASTIS-SALD-001-middle-handoff,ASTIS-SALD-001,middle,handoff,queued,not-run,runs/20260603-005602-116198-ASTIS-SALD-001-cycle89,,"Cycle 89 middle narrows-source-cited-boundary: added SALD.cycle89DiscreteForwardKlClosurePressureMiddleObligation and ASTIS.SALD.forward_KL_discrete.cycle89_middle_route_audit for the thm:forward-KL-discrete pressure route. Next non-wrapper blocker is SALD.discreteForwardKlDerivativeObligation / sald.discrete_forward_kl.kl_derivative at appendix.tex:388-413, companion appendix.tex:414-436, upstream appendix.tex:1358-1387. source-index ASTIS-SALD-001 and ASTIS check passed."
933,2026-06-03 01:11:04,20260603-005602-116198-ASTIS-SALD-001-cycle89-20_middle_formalizer,ASTIS-SALD-001,middle,attempt,accepted,not-run,runs/20260603-005602-116198-ASTIS-SALD-001-cycle89/20_middle_formalizer.md,,External agent command exit code 0.
934,2026-06-03 01:18:25,20260603-011825-192574-ASTIS-SALD-001-lower-handoff,ASTIS-SALD-001,lower,handoff,queued,not-run,runs/20260603-005602-116198-ASTIS-SALD-001-cycle89,,"Cycle 89 lower narrows-source-cited-boundary: compiled SALD.discreteForwardKlDerivativeSplitOfRawIbpsScalar and SALD.discreteForwardKlPostLsiDerivativeBoundOfRawIbpsScalar; remaining analytic blockers are mass conservation, first-term IBP/FI, and target-transport IBP for appendix.tex:388-436. source-index and astis check passed."
935,2026-06-03 01:19:16,20260603-005602-116198-ASTIS-SALD-001-cycle89-30_lower_1,ASTIS-SALD-001,lower,attempt,accepted,not-run,runs/20260603-005602-116198-ASTIS-SALD-001-cycle89/30_lower_1.md,,External agent command exit code 0.
936,2026-06-03 01:21:18,20260603-012118-689271-ASTIS-SALD-001-reviewer-handoff,ASTIS-SALD-001,reviewer,handoff,queued,not-run,runs/20260603-005602-116198-ASTIS-SALD-001-cycle89,,"Cycle 89 reviewer accepted: source-index, proof-diagnostics, and ASTIS check passed; lower narrowing is accepted as narrows-source-cited-boundary. Remaining exact blockers are hmass mass conservation, hfirst first-term divergence IBP/FI identity for eq:KL-derivative-1-discrete, and htarget target-transport IBP for eq:KL-derivative-2-discrete under density/boundary/admissibility hypotheses. No formalized status promotion or SLT/Lake drift."
937,2026-06-03 01:21:51,20260603-005602-116198-ASTIS-SALD-001-cycle89-40_reviewer,ASTIS-SALD-001,reviewer,attempt,accepted,not-run,runs/20260603-005602-116198-ASTIS-SALD-001-cycle89/40_reviewer.md,,External agent command exit code 0.
938,2026-06-03 01:22:01,20260603-005602-116198-ASTIS-SALD-001-cycle89-build-gate,ASTIS-SALD-001,reviewer,build,compiled,pass,runs/20260603-005602-116198-ASTIS-SALD-001-cycle89,,Cycle build gate.
939,2026-06-03 01:22:01,20260603-012201-383841-ASTIS-SALD-001-cycle90-prompt-deck,ASTIS-SALD-001,upper,plan,queued,not-run,runs/20260603-012201-383841-ASTIS-SALD-001-cycle90,runs/20260603-012201-383841-ASTIS-SALD-001-cycle90/10_upper_director.md;runs/20260603-012201-383841-ASTIS-SALD-001-cycle90/20_middle_formalizer.md;runs/20260603-012201-383841-ASTIS-SALD-001-cycle90/30_lower_1.md;runs/20260603-012201-383841-ASTIS-SALD-001-cycle90/40_reviewer.md;runs/20260603-012201-383841-ASTIS-SALD-001-cycle90/00_context.md;runs/20260603-012201-383841-ASTIS-SALD-001-cycle90/dialogue.md,Created prompt deck with 1 lower agent(s).
940,2026-06-03 01:28:21,20260603-012821-240125-ASTIS-SALD-001-upper-handoff,ASTIS-SALD-001,upper,handoff,queued,not-run,runs/20260603-012201-383841-ASTIS-SALD-001-cycle90,,"Cycle 90 upper selected mass-conservation hmass boundary for thm:forward-KL-discrete after cycle-89 reviewer pressure: active EM remains appendix.tex:1358-1387, but lower packet targets eq:KL-derivative-0-discrete / appendix.tex:338-388 to discharge or sharply narrow massTerm=0 before hfirst/htarget. Added Lean packet/DAG/dependency names plus proof-obligation and SLT audit entries. source-index and astis check passed."
941,2026-06-03 01:28:45,20260603-012201-383841-ASTIS-SALD-001-cycle90-10_upper_director,ASTIS-SALD-001,upper,attempt,accepted,not-run,runs/20260603-012201-383841-ASTIS-SALD-001-cycle90/10_upper_director.md,,External agent command exit code 0.
942,2026-06-03 01:37:14,20260603-013714-622728-ASTIS-SALD-001-middle-handoff,ASTIS-SALD-001,middle,handoff,queued,not-run,runs/20260603-012201-383841-ASTIS-SALD-001-cycle90,,Cycle 90 middle discharges-supplied-hypothesis at scalar hmass route via compiled total-mass derivative handoff; remaining blocker is derivative-under-integral/constant weak-test theorem for the probability-law total mass. source-index and astis check passed.
943,2026-06-03 01:37:39,20260603-012201-383841-ASTIS-SALD-001-cycle90-20_middle_formalizer,ASTIS-SALD-001,middle,attempt,accepted,not-run,runs/20260603-012201-383841-ASTIS-SALD-001-cycle90/20_middle_formalizer.md,,External agent command exit code 0.
944,2026-06-03 01:46:44,20260603-014644-875896-ASTIS-SALD-001-lower-handoff,ASTIS-SALD-001,lower,handoff,queued,not-run,runs/20260603-012201-383841-ASTIS-SALD-001-cycle90,,Cycle 90 lower discharges-supplied-hypothesis locally for the discrete KL mass route: compiled mapped-law constant-test mass theorems and routed raw KL scalar handoff through SALD.discreteForwardKlPostLsiDerivativeBoundOfLawConstantTestMassScalar. Remaining blocker is massTerm-to-constant-test-derivative identification for hat rho_s=Law(hat X_s). source-index and astis check passed.
945,2026-06-03 01:47:34,20260603-012201-383841-ASTIS-SALD-001-cycle90-30_lower_1,ASTIS-SALD-001,lower,attempt,accepted,not-run,runs/20260603-012201-383841-ASTIS-SALD-001-cycle90/30_lower_1.md,,External agent command exit code 0.
946,2026-06-03 01:49:54,20260603-014954-375920-ASTIS-SALD-001-reviewer-handoff,ASTIS-SALD-001,reviewer,handoff,queued,not-run,runs/20260603-012201-383841-ASTIS-SALD-001-cycle90,,"Cycle 90 reviewer accepted: proof-diagnostics, source-index ASTIS-SALD-001, and astis check passed. Classification discharges-supplied-hypothesis for mapped-law constant-test mass route; remaining blocker is raw KL massTerm-to-constant-test-derivative identification for hat rho_s=Law(hat X_s), then hfirst IBP/FI and htarget transport IBP. No fake closures, SLT import, Lake drift, theorem-status promotion, or source-label drift."
947,2026-06-03 01:50:19,20260603-012201-383841-ASTIS-SALD-001-cycle90-40_reviewer,ASTIS-SALD-001,reviewer,attempt,accepted,not-run,runs/20260603-012201-383841-ASTIS-SALD-001-cycle90/40_reviewer.md,,External agent command exit code 0.
948,2026-06-03 01:50:29,20260603-012201-383841-ASTIS-SALD-001-cycle90-build-gate,ASTIS-SALD-001,reviewer,build,compiled,pass,runs/20260603-012201-383841-ASTIS-SALD-001-cycle90,,Cycle build gate.
949,2026-06-03 01:50:29,20260603-015029-378442-ASTIS-SALD-001-cycle91-prompt-deck,ASTIS-SALD-001,upper,plan,queued,not-run,runs/20260603-015029-378442-ASTIS-SALD-001-cycle91,runs/20260603-015029-378442-ASTIS-SALD-001-cycle91/10_upper_director.md;runs/20260603-015029-378442-ASTIS-SALD-001-cycle91/20_middle_formalizer.md;runs/20260603-015029-378442-ASTIS-SALD-001-cycle91/30_lower_1.md;runs/20260603-015029-378442-ASTIS-SALD-001-cycle91/40_reviewer.md;runs/20260603-015029-378442-ASTIS-SALD-001-cycle91/00_context.md;runs/20260603-015029-378442-ASTIS-SALD-001-cycle91/dialogue.md,Created prompt deck with 1 lower agent(s).
950,2026-06-03 01:53:37,20260603-015337-248859-ASTIS-SALD-001-upper-handoff,ASTIS-SALD-001,upper,handoff,queued,not-run,runs/20260603-015029-378442-ASTIS-SALD-001-cycle91,,Cycle 91 upper handoff: no cycle-90 recovery needed; Phase 1 stable for cited-theory backfill; active backend remains sald.general_moving_target_discrete.em_interpolation_fp over appendix.tex:1358-1387. Selected lower packet is conditional-kernel/named-law boundary at appendix.tex:1368-1377; reject wrapper churn unless a supplied component-field regularity hypothesis is discharged or one exact missing Mathlib theorem is recorded. source-index ASTIS-SALD-001 and astis check passed.
951,2026-06-03 01:53:53,20260603-015029-378442-ASTIS-SALD-001-cycle91-10_upper_director,ASTIS-SALD-001,upper,attempt,accepted,not-run,runs/20260603-015029-378442-ASTIS-SALD-001-cycle91/10_upper_director.md,,External agent command exit code 0.
952,2026-06-03 02:07:07,20260603-020707-330657-ASTIS-SALD-001-middle-handoff,ASTIS-SALD-001,middle,handoff,queued,not-run,runs/20260603-015029-378442-ASTIS-SALD-001-cycle91,,Cycle 91 middle discharges-supplied-hypothesis for the conditional-kernel component-field route: compiled SALD.generalMovingTargetDiscreteCondDistribNamedDriftRegularity derives barB AEStronglyMeasurable/Integrable under hatRhoS from canonical condDistrib component integrals plus a.e. component version equalities. Remaining blocker is the SALD-specific hatRhoS-a.e. version equalities for condC/condScore and conditional-kernel compatibility/disintegration before endpoint weak-FP readiness. source-index and astis check passed.
953,2026-06-03 02:08:10,20260603-015029-378442-ASTIS-SALD-001-cycle91-20_middle_formalizer,ASTIS-SALD-001,middle,attempt,accepted,not-run,runs/20260603-015029-378442-ASTIS-SALD-001-cycle91/20_middle_formalizer.md,,External agent command exit code 0.
954,2026-06-03 02:15:51,20260603-021551-561008-ASTIS-SALD-001-lower-handoff,ASTIS-SALD-001,lower,handoff,queued,not-run,runs/20260603-015029-378442-ASTIS-SALD-001-cycle91,,"Cycle 91 lower discharges-supplied-hypothesis: compiled SALD.generalMovingTargetDiscreteCondDistribNamedFieldAeEqOfSample and SALD.generalMovingTargetDiscreteCondDistribNamedDriftRegularityOfSampleVersions for appendix.tex:1368-1377, reducing law-space component-version hypotheses to sample-space conditional component equalities plus measurable equality sets under hatRhoS=Law(hatXAtS). Remaining blocker: prove SALD-specific sample-space conditional-expectation/disintegration equalities and conditional-kernel compatibility. source-index and astis check passed."
955,2026-06-03 02:16:16,20260603-015029-378442-ASTIS-SALD-001-cycle91-30_lower_1,ASTIS-SALD-001,lower,attempt,accepted,not-run,runs/20260603-015029-378442-ASTIS-SALD-001-cycle91/30_lower_1.md,,External agent command exit code 0.
956,2026-06-03 02:18:49,20260603-021849-556206-ASTIS-SALD-001-reviewer-handoff,ASTIS-SALD-001,reviewer,handoff,queued,pass,runs/20260603-015029-378442-ASTIS-SALD-001-cycle91,AutoSamplingTheory/SALD.lean;conversion-windows/ASTIS-SALD-001.md;proof-obligations/ASTIS-SALD-001.md;research-wiki/source-index/SALD_original.jsonl,"Cycle 91 reviewer accepted after diagnostics/source-index/check. discharges-supplied-hypothesis for condDistrib named-field ae_map_iff sample-version route at appendix.tex:1368-1377; remaining blocker is SALD-specific conditional-expectation/disintegration equalities, equality-set measurability, and conditional-kernel compatibility. No fake closures, SLT import, Lake drift, theorem-status/source-label drift, or wrapper churn found."
957,2026-06-03 02:19:09,20260603-015029-378442-ASTIS-SALD-001-cycle91-40_reviewer,ASTIS-SALD-001,reviewer,attempt,accepted,not-run,runs/20260603-015029-378442-ASTIS-SALD-001-cycle91/40_reviewer.md,,External agent command exit code 0.
958,2026-06-03 02:19:19,20260603-015029-378442-ASTIS-SALD-001-cycle91-build-gate,ASTIS-SALD-001,reviewer,build,compiled,pass,runs/20260603-015029-378442-ASTIS-SALD-001-cycle91,,Cycle build gate.
959,2026-06-03 02:19:19,20260603-021919-480410-ASTIS-SALD-001-cycle92-prompt-deck,ASTIS-SALD-001,upper,plan,queued,not-run,runs/20260603-021919-480410-ASTIS-SALD-001-cycle92,runs/20260603-021919-480410-ASTIS-SALD-001-cycle92/10_upper_director.md;runs/20260603-021919-480410-ASTIS-SALD-001-cycle92/20_middle_formalizer.md;runs/20260603-021919-480410-ASTIS-SALD-001-cycle92/30_lower_1.md;runs/20260603-021919-480410-ASTIS-SALD-001-cycle92/40_reviewer.md;runs/20260603-021919-480410-ASTIS-SALD-001-cycle92/00_context.md;runs/20260603-021919-480410-ASTIS-SALD-001-cycle92/dialogue.md,Created prompt deck with 1 lower agent(s).
960,2026-06-03 02:22:18,20260603-022218-412022-ASTIS-SALD-001-upper-handoff,ASTIS-SALD-001,upper,handoff,queued,not-run,runs/20260603-021919-480410-ASTIS-SALD-001-cycle92,,Cycle 92 upper handoff: selected appendix.tex:1379-1387 generator-to-law weak-FP boundary inside sald.general_moving_target_discrete.em_interpolation_fp; lower packet must discharge or strictly narrow a remaining supplied input to SALD.generalMovingTargetDiscreteWeakConditionalFpSourceSignsOfSampleGeneratorPiecesHandoff. Updated proof-obligations DAG table and dialogue. source-index/check passed.
961,2026-06-03 02:22:41,20260603-021919-480410-ASTIS-SALD-001-cycle92-10_upper_director,ASTIS-SALD-001,upper,attempt,accepted,not-run,runs/20260603-021919-480410-ASTIS-SALD-001-cycle92/10_upper_director.md,,External agent command exit code 0.
962,2026-06-03 02:30:21,20260603-023021-990044-ASTIS-SALD-001-middle-handoff,ASTIS-SALD-001,middle,handoff,queued,not-run,runs/20260603-021919-480410-ASTIS-SALD-001-cycle92,,"Cycle 92 middle/lower discharges-supplied-hypothesis: compiled split-generator weak-FP handoff for appendix.tex:1379-1387, removing hgeneratorSplit from the sample-generator source-sign route; remaining exact boundaries are split sample derivative, law weak derivative, drift/diffusion source actions, and admissible-test/density/boundary hypotheses. source-index and astis check passed."
963,2026-06-03 02:30:44,20260603-021919-480410-ASTIS-SALD-001-cycle92-20_middle_formalizer,ASTIS-SALD-001,middle,attempt,accepted,not-run,runs/20260603-021919-480410-ASTIS-SALD-001-cycle92/20_middle_formalizer.md,,External agent command exit code 0.
964,2026-06-03 02:38:14,20260603-023814-914433-ASTIS-SALD-001-lower-handoff,ASTIS-SALD-001,lower,handoff,queued,not-run,runs/20260603-021919-480410-ASTIS-SALD-001-cycle92,,"Cycle 92 lower narrows-source-cited-boundary for appendix.tex:1379-1387: compiled SALD.generalMovingTargetDiscreteWeakConditionalFpLawDerivativeOfSampleSplitGeneratorHandoff, transporting the sample-space split-generator HasDerivAt through lawMapIntegralHasDerivAtOfSample to the mapped-law weak-test derivative and rewriting the derivative value to the paper source signs. Direct HasDerivAt route no longer needs separate hlawDerivative; hgeneratorSplit discharge remains. source-index and astis check passed."
965,2026-06-03 02:38:36,20260603-021919-480410-ASTIS-SALD-001-cycle92-30_lower_1,ASTIS-SALD-001,lower,attempt,accepted,not-run,runs/20260603-021919-480410-ASTIS-SALD-001-cycle92/30_lower_1.md,,External agent command exit code 0.
966,2026-06-03 02:40:42,20260603-024042-796560-ASTIS-SALD-001-reviewer-handoff,ASTIS-SALD-001,reviewer,handoff,queued,not-run,runs/20260603-021919-480410-ASTIS-SALD-001-cycle92,,"Cycle 92 reviewer accepted gate=pass: source-index, astis check, and proof-diagnostics passed. Accepted hgeneratorSplit discharge and direct law-derivative boundary narrowing for appendix.tex:1379-1387; no fake closures, SLT/Lake drift, theorem-status drift, source-label drift, or wrapper churn found."
967,2026-06-03 02:41:13,20260603-021919-480410-ASTIS-SALD-001-cycle92-40_reviewer,ASTIS-SALD-001,reviewer,attempt,accepted,not-run,runs/20260603-021919-480410-ASTIS-SALD-001-cycle92/40_reviewer.md,,External agent command exit code 0.
968,2026-06-03 02:41:23,20260603-021919-480410-ASTIS-SALD-001-cycle92-build-gate,ASTIS-SALD-001,reviewer,build,compiled,pass,runs/20260603-021919-480410-ASTIS-SALD-001-cycle92,,Cycle build gate.
969,2026-06-03 02:41:23,20260603-024123-527928-ASTIS-SALD-001-cycle93-prompt-deck,ASTIS-SALD-001,upper,plan,queued,not-run,runs/20260603-024123-527928-ASTIS-SALD-001-cycle93,runs/20260603-024123-527928-ASTIS-SALD-001-cycle93/10_upper_director.md;runs/20260603-024123-527928-ASTIS-SALD-001-cycle93/20_middle_formalizer.md;runs/20260603-024123-527928-ASTIS-SALD-001-cycle93/30_lower_1.md;runs/20260603-024123-527928-ASTIS-SALD-001-cycle93/40_reviewer.md;runs/20260603-024123-527928-ASTIS-SALD-001-cycle93/00_context.md;runs/20260603-024123-527928-ASTIS-SALD-001-cycle93/dialogue.md,Created prompt deck with 1 lower agent(s).
970,2026-06-03 02:43:16,20260603-024316-020703-ASTIS-SALD-001-upper-handoff,ASTIS-SALD-001,upper,handoff,queued,not-run,runs/20260603-024123-527928-ASTIS-SALD-001-cycle93,,"Cycle 93 upper queued KL/log-ratio analytic-boundary packet for appendix.tex:1358-1366 inside active EM backend sald.general_moving_target_discrete.em_interpolation_fp. Previous cycle needs no recovery; Phase 1 stable for cited-theory backfill. Lower should reduce hklRaw/raw KL differentiability, massTerm, targetTimeTerm, finite-KL llr admissible action, or weak-FP-to-dK handoff, and reject wrapper churn."
971,2026-06-03 02:43:47,20260603-024123-527928-ASTIS-SALD-001-cycle93-10_upper_director,ASTIS-SALD-001,upper,attempt,accepted,not-run,runs/20260603-024123-527928-ASTIS-SALD-001-cycle93/10_upper_director.md,,External agent command exit code 0.
972,2026-06-03 02:52:49,20260603-025249-850755-ASTIS-SALD-001-middle-handoff,ASTIS-SALD-001,middle,handoff,queued,not-run,runs/20260603-024123-527928-ASTIS-SALD-001-cycle93,,"Cycle 93 middle discharges hmass supplied hypothesis for the KL/log-ratio boundary at appendix.tex:1358-1366 via mapped-law constant-test derivative theorem; source-index ASTIS-SALD-001 and astis check passed; raw KL differentiability, target-time term, admissible llr closure, IBP/FI remain obligations."
973,2026-06-03 02:53:32,20260603-024123-527928-ASTIS-SALD-001-cycle93-20_middle_formalizer,ASTIS-SALD-001,middle,attempt,accepted,not-run,runs/20260603-024123-527928-ASTIS-SALD-001-cycle93/20_middle_formalizer.md,,External agent command exit code 0.
974,2026-06-03 03:00:02,20260603-030002-570247-ASTIS-SALD-001-lower-handoff,ASTIS-SALD-001,lower,handoff,queued,not-run,runs/20260603-024123-527928-ASTIS-SALD-001-cycle93,,"Cycle 93 lower discharges-supplied-hypothesis: compiled finite-KL llr plus law-constant mass handoff for appendix.tex:1358-1366, removing primitive hlog and hmass in the exact llr route; source-index and astis check passed."
975,2026-06-03 03:00:20,20260603-024123-527928-ASTIS-SALD-001-cycle93-30_lower_1,ASTIS-SALD-001,lower,attempt,accepted,not-run,runs/20260603-024123-527928-ASTIS-SALD-001-cycle93/30_lower_1.md,,External agent command exit code 0.
976,2026-06-03 03:02:48,20260603-030248-353820-ASTIS-SALD-001-reviewer-handoff,ASTIS-SALD-001,reviewer,handoff,queued,not-run,runs/20260603-024123-527928-ASTIS-SALD-001-cycle93,,"Cycle 93 reviewer accepted gate=pass: source-index, astis check, and proof-diagnostics passed. Accepted KL/log-ratio appendix.tex:1358-1366 backfill as discharges-supplied-hypothesis; no fake closures, theorem-status drift, source-label drift, SLT/Lake drift, or wrapper churn found."
977,2026-06-03 03:03:03,20260603-024123-527928-ASTIS-SALD-001-cycle93-40_reviewer,ASTIS-SALD-001,reviewer,attempt,accepted,not-run,runs/20260603-024123-527928-ASTIS-SALD-001-cycle93/40_reviewer.md,,External agent command exit code 0.
978,2026-06-03 03:03:13,20260603-024123-527928-ASTIS-SALD-001-cycle93-build-gate,ASTIS-SALD-001,reviewer,build,compiled,pass,runs/20260603-024123-527928-ASTIS-SALD-001-cycle93,,Cycle build gate.
979,2026-06-03 03:03:13,20260603-030313-201785-ASTIS-SALD-001-cycle94-prompt-deck,ASTIS-SALD-001,upper,plan,queued,not-run,runs/20260603-030313-201785-ASTIS-SALD-001-cycle94,runs/20260603-030313-201785-ASTIS-SALD-001-cycle94/10_upper_director.md;runs/20260603-030313-201785-ASTIS-SALD-001-cycle94/20_middle_formalizer.md;runs/20260603-030313-201785-ASTIS-SALD-001-cycle94/30_lower_1.md;runs/20260603-030313-201785-ASTIS-SALD-001-cycle94/40_reviewer.md;runs/20260603-030313-201785-ASTIS-SALD-001-cycle94/00_context.md;runs/20260603-030313-201785-ASTIS-SALD-001-cycle94/dialogue.md,Created prompt deck with 1 lower agent(s).
980,2026-06-03 03:05:23,20260603-030523-212186-ASTIS-SALD-001-upper-handoff,ASTIS-SALD-001,upper,handoff,queued,not-run,runs/20260603-030313-201785-ASTIS-SALD-001-cycle94,,"Cycle 94 upper queues faithfulPaper EM weak-FP drift source-action packet: no recovery after cycle 93; Phase 1 stable; lower should narrow or discharge the supplied hdriftSource boundary for appendix.tex:1379-1387 using the conditional drift from appendix.tex:1368-1377, with no wrapper churn or non-EM fallback."
981,2026-06-03 03:05:59,20260603-030313-201785-ASTIS-SALD-001-cycle94-10_upper_director,ASTIS-SALD-001,upper,attempt,accepted,not-run,runs/20260603-030313-201785-ASTIS-SALD-001-cycle94/10_upper_director.md,,External agent command exit code 0.
982,2026-06-03 03:13:56,20260603-031356-198636-ASTIS-SALD-001-middle-handoff,ASTIS-SALD-001,middle,handoff,queued,not-run,runs/20260603-030313-201785-ASTIS-SALD-001-cycle94,,Cycle 94 middle narrows hdriftSource in the EM weak-FP backend via barB weak-action handoff; source-index and astis check passed.
983,2026-06-03 03:14:26,20260603-030313-201785-ASTIS-SALD-001-cycle94-20_middle_formalizer,ASTIS-SALD-001,middle,attempt,accepted,not-run,runs/20260603-030313-201785-ASTIS-SALD-001-cycle94/20_middle_formalizer.md,,External agent command exit code 0.
984,2026-06-03 03:20:16,20260603-032016-962094-ASTIS-SALD-001-lower-handoff,ASTIS-SALD-001,lower,handoff,queued,not-run,runs/20260603-030313-201785-ASTIS-SALD-001-cycle94,,Cycle 94 lower narrows-source-cited-boundary by compiling SALD.generalMovingTargetDiscreteWeakConditionalFpSourceSignsOfSampleSplitGeneratorBarBActionHandoff; primitive hdriftSource is factored through barB weak action for both source-sign and direct law-derivative routes; source-index and astis check passed.
985,2026-06-03 03:20:42,20260603-030313-201785-ASTIS-SALD-001-cycle94-30_lower_1,ASTIS-SALD-001,lower,attempt,accepted,not-run,runs/20260603-030313-201785-ASTIS-SALD-001-cycle94/30_lower_1.md,,External agent command exit code 0.
986,2026-06-03 03:22:19,20260603-032219-905905-ASTIS-SALD-001-reviewer-handoff,ASTIS-SALD-001,reviewer,handoff,queued,not-run,runs/20260603-030313-201785-ASTIS-SALD-001-cycle94,,"Cycle 94 reviewer accepted gate=pass: source-index, astis check, and proof-diagnostics passed. Classified as narrows-source-cited-boundary for appendix.tex:1379-1387 using appendix.tex:1368-1377; primitive hdriftSource replaced by barB weak-action and divergence/no-boundary facts. Remaining blocker is conditional-expectation generator pairing plus divergence/no-boundary theorem; no fake closures, source/status/SLT/Lake drift, or wrapper churn found."
987,2026-06-03 03:22:37,20260603-030313-201785-ASTIS-SALD-001-cycle94-40_reviewer,ASTIS-SALD-001,reviewer,attempt,accepted,not-run,runs/20260603-030313-201785-ASTIS-SALD-001-cycle94/40_reviewer.md,,External agent command exit code 0.
988,2026-06-03 03:22:47,20260603-030313-201785-ASTIS-SALD-001-cycle94-build-gate,ASTIS-SALD-001,reviewer,build,compiled,pass,runs/20260603-030313-201785-ASTIS-SALD-001-cycle94,,Cycle build gate.
989,2026-06-03 03:22:47,20260603-032247-466172-ASTIS-SALD-001-cycle95-prompt-deck,ASTIS-SALD-001,upper,plan,queued,not-run,runs/20260603-032247-466172-ASTIS-SALD-001-cycle95,runs/20260603-032247-466172-ASTIS-SALD-001-cycle95/10_upper_director.md;runs/20260603-032247-466172-ASTIS-SALD-001-cycle95/20_middle_formalizer.md;runs/20260603-032247-466172-ASTIS-SALD-001-cycle95/30_lower_1.md;runs/20260603-032247-466172-ASTIS-SALD-001-cycle95/40_reviewer.md;runs/20260603-032247-466172-ASTIS-SALD-001-cycle95/00_context.md;runs/20260603-032247-466172-ASTIS-SALD-001-cycle95/dialogue.md,Created prompt deck with 1 lower agent(s).
990,2026-06-03 03:29:55,20260603-032955-988324-ASTIS-SALD-001-upper-handoff,ASTIS-SALD-001,upper,handoff,queued,not-run,runs/20260603-032247-466172-ASTIS-SALD-001-cycle95,,"Cycle 95 upper pressure-tested thm:forward-KL-discrete through current EM/KL, LSI, DV, Gronwall, and accumulated-error wrappers. Next non-wrapper blocker: ASTIS.SALD.cycle94.remaining_barB_divergence_boundary / SALD.generalMovingTargetDiscreteWeakConditionalFpDriftSourceOfBarBWeakAction over appendix.tex:1368-1387. Added cycle95 upper packet/obligation/DAG and synchronized proof-obligations/conversion window; source-index and astis check passed."
991,2026-06-03 03:30:11,20260603-032247-466172-ASTIS-SALD-001-cycle95-10_upper_director,ASTIS-SALD-001,upper,attempt,accepted,not-run,runs/20260603-032247-466172-ASTIS-SALD-001-cycle95/10_upper_director.md,,External agent command exit code 0.
992,2026-06-03 03:35:58,20260603-033558-844969-ASTIS-SALD-001-middle-handoff,ASTIS-SALD-001,middle,handoff,queued,not-run,runs/20260603-032247-466172-ASTIS-SALD-001-cycle95,,Cycle 95 middle route audit added for thm:forward-KL-discrete; blocker narrowed to ASTIS.SALD.cycle94.remaining_barB_divergence_boundary at appendix.tex:1368-1387; source-index and astis check passed.
993,2026-06-03 03:36:22,20260603-032247-466172-ASTIS-SALD-001-cycle95-20_middle_formalizer,ASTIS-SALD-001,middle,attempt,accepted,not-run,runs/20260603-032247-466172-ASTIS-SALD-001-cycle95/20_middle_formalizer.md,,External agent command exit code 0.
994,2026-06-03 03:45:17,20260603-034517-231361-ASTIS-SALD-001-lower-handoff,ASTIS-SALD-001,lower,handoff,queued,not-run,runs/20260603-032247-466172-ASTIS-SALD-001-cycle95,,Cycle 95 lower narrows-source-cited-boundary by compiling barB component weak-action reductions for forward-KL-discrete pressure test; remaining blockers are condDistrib/condexp component generator pairings and divergence/no-boundary for hatRhoS*barB; source-index and astis check passed.
995,2026-06-03 03:46:08,20260603-032247-466172-ASTIS-SALD-001-cycle95-30_lower_1,ASTIS-SALD-001,lower,attempt,accepted,not-run,runs/20260603-032247-466172-ASTIS-SALD-001-cycle95/30_lower_1.md,,External agent command exit code 0.
996,2026-06-03 03:48:53,20260603-034853-752175-ASTIS-SALD-001-reviewer-handoff,ASTIS-SALD-001,reviewer,handoff,queued,not-run,runs/20260603-032247-466172-ASTIS-SALD-001-cycle95,,"Cycle 95 reviewer accepted gate=pass: source-index, astis check, and proof-diagnostics passed; classified narrows-source-cited-boundary. Component-pairing reductions compile as local algebra under explicit hypotheses; remaining blockers are condDistrib/condexp component generator pairings at appendix.tex:1368-1377 and divergence/no-boundary for hatRhoS*barB at appendix.tex:1379-1387. No contract drift, fake closure, theorem status promotion, SLT import, or Lake dependency change found."
997,2026-06-03 03:49:14,20260603-032247-466172-ASTIS-SALD-001-cycle95-40_reviewer,ASTIS-SALD-001,reviewer,attempt,accepted,not-run,runs/20260603-032247-466172-ASTIS-SALD-001-cycle95/40_reviewer.md,,External agent command exit code 0.
998,2026-06-03 03:49:25,20260603-032247-466172-ASTIS-SALD-001-cycle95-build-gate,ASTIS-SALD-001,reviewer,build,compiled,pass,runs/20260603-032247-466172-ASTIS-SALD-001-cycle95,,Cycle build gate.
999,2026-06-03 03:49:25,20260603-034925-144009-ASTIS-SALD-001-cycle96-prompt-deck,ASTIS-SALD-001,upper,plan,queued,not-run,runs/20260603-034925-144009-ASTIS-SALD-001-cycle96,runs/20260603-034925-144009-ASTIS-SALD-001-cycle96/10_upper_director.md;runs/20260603-034925-144009-ASTIS-SALD-001-cycle96/20_middle_formalizer.md;runs/20260603-034925-144009-ASTIS-SALD-001-cycle96/30_lower_1.md;runs/20260603-034925-144009-ASTIS-SALD-001-cycle96/40_reviewer.md;runs/20260603-034925-144009-ASTIS-SALD-001-cycle96/00_context.md;runs/20260603-034925-144009-ASTIS-SALD-001-cycle96/dialogue.md,Created prompt deck with 1 lower agent(s).
1000,2026-06-03 03:51:49,20260603-035149-510574-ASTIS-SALD-001-upper-handoff,ASTIS-SALD-001,upper,handoff,queued,not-run,runs/20260603-034925-144009-ASTIS-SALD-001-cycle96,,"Cycle 96 upper handoff queued: previous cycle passed, Phase 1 stable, active EM backend remains sald.general_moving_target_discrete.em_interpolation_fp over appendix.tex:1358-1387. Non-EM fallback rejected because named EM blockers remain. Selected lower packet is condDistrib/condexp component generator pairings for barB at appendix.tex:1368-1377 feeding ASTIS.SALD.cycle94.remaining_barB_divergence_boundary; source-index and astis check passed."
1001,2026-06-03 03:52:12,20260603-034925-144009-ASTIS-SALD-001-cycle96-10_upper_director,ASTIS-SALD-001,upper,attempt,accepted,not-run,runs/20260603-034925-144009-ASTIS-SALD-001-cycle96/10_upper_director.md,,External agent command exit code 0.
1002,2026-06-03 04:00:24,20260603-040024-229211-ASTIS-SALD-001-middle-handoff,ASTIS-SALD-001,middle,handoff,queued,not-run,runs/20260603-034925-144009-ASTIS-SALD-001-cycle96,,Cycle 96 middle narrows-source-cited-boundary: condDistrib/condexp component generator-pairing boundary recorded for appendix.tex:1368-1377; non-EM fallback rejected while active EM blockers remain; source-index and astis check passed.
1003,2026-06-03 04:01:07,20260603-034925-144009-ASTIS-SALD-001-cycle96-20_middle_formalizer,ASTIS-SALD-001,middle,attempt,accepted,not-run,runs/20260603-034925-144009-ASTIS-SALD-001-cycle96/20_middle_formalizer.md,,External agent command exit code 0.
1004,2026-06-03 04:09:29,20260603-040929-274220-ASTIS-SALD-001-lower-handoff,ASTIS-SALD-001,lower,handoff,queued,not-run,runs/20260603-034925-144009-ASTIS-SALD-001-cycle96,,Cycle 96 lower narrows-source-cited-boundary via SALD.generalMovingTargetDiscreteCondDistribComponentWeakPairingOfAeVersion; remaining canonical condDistrib/condexp component generator identity and barB divergence/no-boundary; source-index and astis check passed.
1005,2026-06-03 04:10:01,20260603-034925-144009-ASTIS-SALD-001-cycle96-30_lower_1,ASTIS-SALD-001,lower,attempt,accepted,not-run,runs/20260603-034925-144009-ASTIS-SALD-001-cycle96/30_lower_1.md,,External agent command exit code 0.
1006,2026-06-03 04:13:13,20260603-041313-400421-ASTIS-SALD-001-reviewer-handoff,ASTIS-SALD-001,reviewer,handoff,queued,not-run,runs/20260603-034925-144009-ASTIS-SALD-001-cycle96,,"Cycle 96 reviewer accepted gate=pass: source-index, proof-diagnostics, and astis check passed. Classified narrows-source-cited-boundary. Local theorem SALD.generalMovingTargetDiscreteCondDistribComponentWeakPairingOfAeVersion is a compiled a.e.-version-to-canonical-condDistrib handoff under explicit hcanonical/hweakAeCongr hypotheses; canonical condDistrib/condexp generator identity and divergence/no-boundary remain obligations. No fake closure, contract drift, status promotion, source/sign/constant change, SLT import, or Lake dependency change found."
1007,2026-06-03 04:13:36,20260603-034925-144009-ASTIS-SALD-001-cycle96-40_reviewer,ASTIS-SALD-001,reviewer,attempt,accepted,not-run,runs/20260603-034925-144009-ASTIS-SALD-001-cycle96/40_reviewer.md,,External agent command exit code 0.
1008,2026-06-03 04:13:46,20260603-034925-144009-ASTIS-SALD-001-cycle96-build-gate,ASTIS-SALD-001,reviewer,build,compiled,pass,runs/20260603-034925-144009-ASTIS-SALD-001-cycle96,,Cycle build gate.
1009,2026-06-03 04:13:46,20260603-041346-241121-ASTIS-SALD-001-cycle97-prompt-deck,ASTIS-SALD-001,upper,plan,queued,not-run,runs/20260603-041346-241121-ASTIS-SALD-001-cycle97,runs/20260603-041346-241121-ASTIS-SALD-001-cycle97/10_upper_director.md;runs/20260603-041346-241121-ASTIS-SALD-001-cycle97/20_middle_formalizer.md;runs/20260603-041346-241121-ASTIS-SALD-001-cycle97/30_lower_1.md;runs/20260603-041346-241121-ASTIS-SALD-001-cycle97/40_reviewer.md;runs/20260603-041346-241121-ASTIS-SALD-001-cycle97/00_context.md;runs/20260603-041346-241121-ASTIS-SALD-001-cycle97/dialogue.md,Created prompt deck with 1 lower agent(s).
1010,2026-06-03 04:16:23,20260603-041623-971388-ASTIS-SALD-001-upper-handoff,ASTIS-SALD-001,upper,handoff,queued,not-run,runs/20260603-041346-241121-ASTIS-SALD-001-cycle97,,Cycle 97 upper queued canonical condDistrib/condexp component generator identity for the active EM backend at appendix.tex:1368-1377; no recovery needed after cycle 96; Phase 1 stable for cited-theory backfill; source-index and astis check passed.
1011,2026-06-03 04:17:13,20260603-041346-241121-ASTIS-SALD-001-cycle97-10_upper_director,ASTIS-SALD-001,upper,attempt,accepted,not-run,runs/20260603-041346-241121-ASTIS-SALD-001-cycle97/10_upper_director.md,,External agent command exit code 0.
1012,2026-06-03 04:29:12,20260603-042912-285735-ASTIS-SALD-001-middle-handoff,ASTIS-SALD-001,middle,handoff,queued,not-run,runs/20260603-041346-241121-ASTIS-SALD-001-cycle97,,Cycle 97 middle discharges-supplied-hypothesis: compiled condDistrib map-law disintegration/named-law integral theorem for appendix.tex:1368-1377; wired canonical condDistrib component pairing obligations and lower packet; source-index and astis check passed.
1013,2026-06-03 04:29:41,20260603-041346-241121-ASTIS-SALD-001-cycle97-20_middle_formalizer,ASTIS-SALD-001,middle,attempt,accepted,not-run,runs/20260603-041346-241121-ASTIS-SALD-001-cycle97/20_middle_formalizer.md,,External agent command exit code 0.
1014,2026-06-03 04:37:51,20260603-043751-135102-ASTIS-SALD-001-lower-handoff,ASTIS-SALD-001,lower,handoff,queued,not-run,runs/20260603-041346-241121-ASTIS-SALD-001-cycle97,,"Cycle 97 lower narrows-source-cited-boundary via SALD.generalMovingTargetDiscreteCondDistribComponentWeakPairingOfIntegralAction; raw hcanonical is reduced to paired-integrand integrability plus componentAction and weakGradPairing canonical definition alignment, with hfieldAe and hweakAeCongr explicit. Remaining blockers: condC/condScore definition/integrability facts and hatRhoS*barB divergence/no-boundary. source-index and astis check passed."
1015,2026-06-03 04:38:20,20260603-041346-241121-ASTIS-SALD-001-cycle97-30_lower_1,ASTIS-SALD-001,lower,attempt,accepted,not-run,runs/20260603-041346-241121-ASTIS-SALD-001-cycle97/30_lower_1.md,,External agent command exit code 0.
1016,2026-06-03 04:40:42,20260603-044042-658343-ASTIS-SALD-001-reviewer-handoff,ASTIS-SALD-001,reviewer,handoff,queued,not-run,runs/20260603-041346-241121-ASTIS-SALD-001-cycle97,,"Cycle 97 reviewer accepted gate=pass: source-index, proof-diagnostics, and astis check passed. Classified middle discharges-supplied-hypothesis for condDistrib map-law disintegration; lower narrows-source-cited-boundary via SALD.generalMovingTargetDiscreteCondDistribComponentWeakPairingOfIntegralAction. No fake closure, contract drift, status promotion, source/sign/constant change, SLT import, Lake dependency change, or sald_version_2 source drift found. Remaining blockers are paired-integrand integrability, componentAction/weakGradPairing definition alignment, hfieldAe/hweakAeCongr, and divergence/no-boundary for hatRhoS*barB."
1017,2026-06-03 04:41:03,20260603-041346-241121-ASTIS-SALD-001-cycle97-40_reviewer,ASTIS-SALD-001,reviewer,attempt,accepted,not-run,runs/20260603-041346-241121-ASTIS-SALD-001-cycle97/40_reviewer.md,,External agent command exit code 0.
1018,2026-06-03 04:41:14,20260603-041346-241121-ASTIS-SALD-001-cycle97-build-gate,ASTIS-SALD-001,reviewer,build,compiled,pass,runs/20260603-041346-241121-ASTIS-SALD-001-cycle97,,Cycle build gate.
1019,2026-06-03 04:41:14,20260603-044114-176672-ASTIS-SALD-001-cycle98-prompt-deck,ASTIS-SALD-001,upper,plan,queued,not-run,runs/20260603-044114-176672-ASTIS-SALD-001-cycle98,runs/20260603-044114-176672-ASTIS-SALD-001-cycle98/10_upper_director.md;runs/20260603-044114-176672-ASTIS-SALD-001-cycle98/20_middle_formalizer.md;runs/20260603-044114-176672-ASTIS-SALD-001-cycle98/30_lower_1.md;runs/20260603-044114-176672-ASTIS-SALD-001-cycle98/40_reviewer.md;runs/20260603-044114-176672-ASTIS-SALD-001-cycle98/00_context.md;runs/20260603-044114-176672-ASTIS-SALD-001-cycle98/dialogue.md,Created prompt deck with 1 lower agent(s).
1020,2026-06-03 04:42:56,20260603-044256-639788-ASTIS-SALD-001-upper-handoff,ASTIS-SALD-001,upper,handoff,queued,not-run,runs/20260603-044114-176672-ASTIS-SALD-001-cycle98,,"Cycle 98 upper queued Post-84 closure 2 on appendix.tex:1379-1387 generator-to-law weak-FP boundary; selected lower packet targets barB component pairing definition/integrability or exact divergence/no-boundary blocker, rejecting wrapper churn."
1021,2026-06-03 04:43:33,20260603-044333-684597-ASTIS-SALD-001-upper-build,ASTIS-SALD-001,upper,build,compiled,pass,runs/20260603-044114-176672-ASTIS-SALD-001-cycle98,,Cycle 98 upper gate: source-index ASTIS-SALD-001 and astis check passed.
1022,2026-06-03 04:43:45,20260603-044114-176672-ASTIS-SALD-001-cycle98-10_upper_director,ASTIS-SALD-001,upper,attempt,accepted,not-run,runs/20260603-044114-176672-ASTIS-SALD-001-cycle98/10_upper_director.md,,External agent command exit code 0.
1023,2026-06-03 04:51:42,20260603-045142-304142-ASTIS-SALD-001-middle-handoff,ASTIS-SALD-001,middle,handoff,queued,not-run,runs/20260603-044114-176672-ASTIS-SALD-001-cycle98,,Cycle 98 middle narrows-source-cited-boundary: removed raw hbarBWeakDivergence from the barB drift-source route under explicit law-integral/no-boundary hypotheses; updated Lean DAG/dependencies and ledgers; source-index and astis check passed.
1024,2026-06-03 04:52:09,20260603-044114-176672-ASTIS-SALD-001-cycle98-20_middle_formalizer,ASTIS-SALD-001,middle,attempt,accepted,not-run,runs/20260603-044114-176672-ASTIS-SALD-001-cycle98/20_middle_formalizer.md,,External agent command exit code 0.
1025,2026-06-03 04:59:54,20260603-045954-367145-ASTIS-SALD-001-lower-handoff,ASTIS-SALD-001,lower,handoff,queued,not-run,runs/20260603-044114-176672-ASTIS-SALD-001-cycle98,,"Cycle 98 lower discharges-supplied-hypothesis: compiled barB bounded-pairing integrability handoff removing hpairIntegrable from the no-boundary drift-source route under Integrable barB hatRhoS plus measurable a.e. norm-bound hypotheses; remaining blockers are contraction bound, weakGradPairing/driftDiv definition alignment, and no-boundary IBP for hatRhoS*barB. source-index and astis check passed."
1026,2026-06-03 05:00:13,20260603-044114-176672-ASTIS-SALD-001-cycle98-30_lower_1,ASTIS-SALD-001,lower,attempt,accepted,not-run,runs/20260603-044114-176672-ASTIS-SALD-001-cycle98/30_lower_1.md,,External agent command exit code 0.
1027,2026-06-03 05:02:35,20260603-050235-649036-ASTIS-SALD-001-reviewer-handoff,ASTIS-SALD-001,reviewer,handoff,queued,not-run,runs/20260603-044114-176672-ASTIS-SALD-001-cycle98,,"Cycle 98 reviewer accepted gate=pass: source-index, proof-diagnostics, and astis check passed. Accepted middle as narrows-source-cited-boundary for the barB law-integral/no-boundary split and lower as discharges-supplied-hypothesis for hpairIntegrable via the bounded-pairing integrability theorem. No fake closure, contract drift, theorem-status promotion, sign/coefficient/source drift, SLT import, Lake dependency change, or sald_version_2 use found. Remaining exact boundary is the concrete contraction bound plus weakGradPairing/driftDiv definition alignment and no-boundary IBP for hatRhoS * barB."
1028,2026-06-03 05:03:13,20260603-044114-176672-ASTIS-SALD-001-cycle98-40_reviewer,ASTIS-SALD-001,reviewer,attempt,accepted,not-run,runs/20260603-044114-176672-ASTIS-SALD-001-cycle98/40_reviewer.md,,External agent command exit code 0.
1029,2026-06-03 05:03:23,20260603-044114-176672-ASTIS-SALD-001-cycle98-build-gate,ASTIS-SALD-001,reviewer,build,compiled,pass,runs/20260603-044114-176672-ASTIS-SALD-001-cycle98,,Cycle build gate.
1030,2026-06-03 05:03:23,20260603-050323-489143-ASTIS-SALD-001-sleep-window,ASTIS-SALD-001,upper,compression,accepted,not-run,runs,,Graceful sleep window completed 14 cycle(s); final cycle was not interrupted.
1031,2026-06-04 23:21:54,20260604-232154-315438-ASTIS-SALD-001-cycle99-prompt-deck,ASTIS-SALD-001,upper,plan,queued,not-run,runs/20260604-232154-315438-ASTIS-SALD-001-cycle99,runs/20260604-232154-315438-ASTIS-SALD-001-cycle99/10_upper_director.md;runs/20260604-232154-315438-ASTIS-SALD-001-cycle99/20_middle_formalizer.md;runs/20260604-232154-315438-ASTIS-SALD-001-cycle99/30_lower_1.md;runs/20260604-232154-315438-ASTIS-SALD-001-cycle99/40_reviewer.md;runs/20260604-232154-315438-ASTIS-SALD-001-cycle99/00_context.md;runs/20260604-232154-315438-ASTIS-SALD-001-cycle99/05_context_pack.md;runs/20260604-232154-315438-ASTIS-SALD-001-cycle99/dialogue.md,Created prompt deck with 1 lower agent(s).
1032,2026-06-04 23:24:47,20260604-232447-935236-ASTIS-SALD-001-upper-handoff,ASTIS-SALD-001,upper,handoff,queued,not-run,runs/20260604-232154-315438-ASTIS-SALD-001-cycle99,,"Cycle 99 upper queued narrows-source-cited-boundary for appendix.tex:1358-1366: target the remaining hklRaw raw KL differentiability and target-time boundary for the finite-KL llr route feeding SALD.generalMovingTargetDiscreteKlDerivativeWeakFpHandoffOfFiniteKlLlrLawConstantTestMassWithLogAction; no wrapper churn, no theorem statement changes, no SLT/Lake changes. Gate python3 tools/astis.py check passed."
1033,2026-06-04 23:25:09,20260604-232154-315438-ASTIS-SALD-001-cycle99-10_upper_director,ASTIS-SALD-001,upper,attempt,accepted,not-run,runs/20260604-232154-315438-ASTIS-SALD-001-cycle99/10_upper_director.md,,External agent command exit code 0.
1034,2026-06-04 23:35:28,20260604-233528-734658-ASTIS-SALD-001-middle-handoff,ASTIS-SALD-001,middle,handoff,queued,not-run,runs/20260604-232154-315438-ASTIS-SALD-001-cycle99,,narrows-source-cited-boundary: appendix.tex:1358-1366 hklRaw narrowed to SALD.GeneralMovingTargetDiscreteRawKlDerivativeAtFiniteKlLlr plus compiled finite-KL llr weak-FP handoff; no SLT import; source-index and astis check passed.
1035,2026-06-04 23:36:05,20260604-232154-315438-ASTIS-SALD-001-cycle99-20_middle_formalizer,ASTIS-SALD-001,middle,attempt,accepted,not-run,runs/20260604-232154-315438-ASTIS-SALD-001-cycle99/20_middle_formalizer.md,,External agent command exit code 0.
1036,2026-06-04 23:44:54,20260604-234454-737478-ASTIS-SALD-001-lower-handoff,ASTIS-SALD-001,lower,handoff,queued,not-run,runs/20260604-232154-315438-ASTIS-SALD-001-cycle99,,narrows-source-cited-boundary: no-mass finite-KL llr raw-KL package and compiled handoff remove package-level mass-derivative field; astis check passed.
1037,2026-06-04 23:45:34,20260604-232154-315438-ASTIS-SALD-001-cycle99-30_lower_1,ASTIS-SALD-001,lower,attempt,accepted,not-run,runs/20260604-232154-315438-ASTIS-SALD-001-cycle99/30_lower_1.md,,External agent command exit code 0.
1038,2026-06-04 23:49:11,20260604-234911-034508-ASTIS-SALD-001-reviewer-handoff,ASTIS-SALD-001,reviewer,handoff,queued,not-run,runs/20260604-232154-315438-ASTIS-SALD-001-cycle99,,"Cycle 99 reviewer accepted as narrows-source-cited-boundary: hklRaw at appendix.tex:1358-1366 is narrowed to source-cited SALD.GeneralMovingTargetDiscreteRawKlDerivativeNoMassAtFiniteKlLlr; compiled no-mass handoff removes the mass-derivative field via local mapped-law constant-test derivative. Gate/source-index/proof-diagnostics passed; no fake closures, source drift, status promotion, SLT import, Lake dependency change, or sald_version_2 use. Efficiency warning recorded for the broader 6h log; keep compact-context controls next run."
1039,2026-06-04 23:49:36,20260604-232154-315438-ASTIS-SALD-001-cycle99-40_reviewer,ASTIS-SALD-001,reviewer,attempt,accepted,not-run,runs/20260604-232154-315438-ASTIS-SALD-001-cycle99/40_reviewer.md,,External agent command exit code 0.
1040,2026-06-04 23:49:46,20260604-232154-315438-ASTIS-SALD-001-cycle99-build-gate,ASTIS-SALD-001,reviewer,build,compiled,pass,runs/20260604-232154-315438-ASTIS-SALD-001-cycle99,,Cycle build gate.
1041,2026-06-04 23:49:46,20260604-234946-598823-ASTIS-SALD-001-cycle100-prompt-deck,ASTIS-SALD-001,upper,plan,queued,not-run,runs/20260604-234946-598823-ASTIS-SALD-001-cycle100,runs/20260604-234946-598823-ASTIS-SALD-001-cycle100/10_upper_director.md;runs/20260604-234946-598823-ASTIS-SALD-001-cycle100/20_middle_formalizer.md;runs/20260604-234946-598823-ASTIS-SALD-001-cycle100/30_lower_1.md;runs/20260604-234946-598823-ASTIS-SALD-001-cycle100/40_reviewer.md;runs/20260604-234946-598823-ASTIS-SALD-001-cycle100/00_context.md;runs/20260604-234946-598823-ASTIS-SALD-001-cycle100/05_context_pack.md;runs/20260604-234946-598823-ASTIS-SALD-001-cycle100/dialogue.md,Created prompt deck with 1 lower agent(s).
1042,2026-06-04 23:52:45,20260604-235245-540496-ASTIS-SALD-001-upper-handoff,ASTIS-SALD-001,upper,handoff,queued,not-run,runs/20260604-234946-598823-ASTIS-SALD-001-cycle100,,"narrows-source-cited-boundary: cycle100 upper selects cycle82 hdriftSource chain, narrowed to weakGradPairing/driftDiv no-boundary IBP for hatRhoS*barB over appendix.tex:1379-1387; lower must prove or narrow hweakGradIntegral, hdivNoBoundary, or hpairNormBound; wrapper churn rejected."
1043,2026-06-04 23:53:13,20260604-234946-598823-ASTIS-SALD-001-cycle100-10_upper_director,ASTIS-SALD-001,upper,attempt,accepted,not-run,runs/20260604-234946-598823-ASTIS-SALD-001-cycle100/10_upper_director.md,,External agent command exit code 0.
1044,2026-06-05 00:04:27,20260605-000427-681576-ASTIS-SALD-001-middle-handoff,ASTIS-SALD-001,middle,handoff,queued,not-run,runs/20260604-234946-598823-ASTIS-SALD-001-cycle100,,narrows-source-cited-boundary: hweakGradIntegral removed by compiled weakGradPairing law-integral definition alignment; remaining hpairNormBound and hdivNoBoundary; astis check passed.
1045,2026-06-05 00:05:15,20260604-234946-598823-ASTIS-SALD-001-cycle100-20_middle_formalizer,ASTIS-SALD-001,middle,attempt,accepted,not-run,runs/20260604-234946-598823-ASTIS-SALD-001-cycle100/20_middle_formalizer.md,,External agent command exit code 0.
1046,2026-06-05 00:13:24,20260605-001324-583837-ASTIS-SALD-001-lower-handoff,ASTIS-SALD-001,lower,handoff,queued,not-run,runs/20260604-234946-598823-ASTIS-SALD-001-cycle100,,narrows-source-cited-boundary: hpairNormBound replaced by compiled inner-gradient Cauchy-Schwarz handoff; remaining hgradNormBound + hdivNoBoundary; astis check passed.
1047,2026-06-05 00:13:51,20260604-234946-598823-ASTIS-SALD-001-cycle100-30_lower_1,ASTIS-SALD-001,lower,attempt,accepted,not-run,runs/20260604-234946-598823-ASTIS-SALD-001-cycle100/30_lower_1.md,,External agent command exit code 0.
1048,2026-06-05 00:17:31,20260605-001731-434890-ASTIS-SALD-001-reviewer-handoff,ASTIS-SALD-001,reviewer,handoff,queued,not-run,runs/20260604-234946-598823-ASTIS-SALD-001-cycle100,,"Cycle 100 reviewer accepted as narrows-source-cited-boundary: hweakGradIntegral removed by compiled weakGrad law-integral specialization and hpairNormBound narrowed to hgradNormBound by compiled inner-product Cauchy-Schwarz handoff. Remaining boundary is ASTIS.SALD.cycle100.remaining_no_boundary_after_inner_gradient: weak-test gradient norm bound plus no-boundary driftDiv identity for hatRhoS*barB. Gate/source-index/proof-diagnostics passed; no fake closures, source drift, theorem-status promotion, SLT import, Lake dependency change, or sald_version_2 use. Efficiency warning remains for broad 6h log but cycle 100 artifacts stayed compact and active-backend focused."
1049,2026-06-05 00:17:51,20260604-234946-598823-ASTIS-SALD-001-cycle100-40_reviewer,ASTIS-SALD-001,reviewer,attempt,accepted,not-run,runs/20260604-234946-598823-ASTIS-SALD-001-cycle100/40_reviewer.md,,External agent command exit code 0.
1050,2026-06-05 00:18:00,20260604-234946-598823-ASTIS-SALD-001-cycle100-build-gate,ASTIS-SALD-001,reviewer,build,compiled,pass,runs/20260604-234946-598823-ASTIS-SALD-001-cycle100,,Cycle build gate.
1051,2026-06-05 00:18:01,20260605-001800-892112-ASTIS-SALD-001-cycle101-prompt-deck,ASTIS-SALD-001,upper,plan,queued,not-run,runs/20260605-001800-892112-ASTIS-SALD-001-cycle101,runs/20260605-001800-892112-ASTIS-SALD-001-cycle101/10_upper_director.md;runs/20260605-001800-892112-ASTIS-SALD-001-cycle101/20_middle_formalizer.md;runs/20260605-001800-892112-ASTIS-SALD-001-cycle101/30_lower_1.md;runs/20260605-001800-892112-ASTIS-SALD-001-cycle101/40_reviewer.md;runs/20260605-001800-892112-ASTIS-SALD-001-cycle101/00_context.md;runs/20260605-001800-892112-ASTIS-SALD-001-cycle101/05_context_pack.md;runs/20260605-001800-892112-ASTIS-SALD-001-cycle101/dialogue.md,Created prompt deck with 1 lower agent(s).
1052,2026-06-05 00:21:07,20260605-002107-950682-ASTIS-SALD-001-upper-handoff,ASTIS-SALD-001,upper,handoff,queued,not-run,runs/20260605-001800-892112-ASTIS-SALD-001-cycle101,,"narrows-source-cited-boundary: pressure test rejects new thm:forward-KL-discrete wrapper churn; next lower packet is hdivNoBoundary inside SALD.generalMovingTargetDiscreteWeakConditionalFpDriftSourceOfBarBInnerGradientBound at appendix.tex:1379-1387 / AutoSamplingTheory/SALD.lean:4213-4246, with hgradNormBound as companion boundary. astis check passed."
1053,2026-06-05 00:21:55,20260605-001800-892112-ASTIS-SALD-001-cycle101-10_upper_director,ASTIS-SALD-001,upper,attempt,accepted,not-run,runs/20260605-001800-892112-ASTIS-SALD-001-cycle101/10_upper_director.md,,External agent command exit code 0.
1054,2026-06-05 00:29:22,20260605-002922-953790-ASTIS-SALD-001-middle-handoff,ASTIS-SALD-001,middle,handoff,queued,not-run,runs/20260605-001800-892112-ASTIS-SALD-001-cycle101,,narrows-source-cited-boundary: pressure-tested thm:forward-KL-discrete through compiled EM/LSI/DV/Gronwall interfaces; next non-wrapper blocker is ASTIS.SALD.cycle100.remaining_no_boundary_after_inner_gradient / hdivNoBoundary plus hgradNormBound in SALD.generalMovingTargetDiscreteWeakConditionalFpDriftSourceOfBarBInnerGradientBound at appendix.tex:1379-1387. Gate passed.
1055,2026-06-05 00:29:53,20260605-001800-892112-ASTIS-SALD-001-cycle101-20_middle_formalizer,ASTIS-SALD-001,middle,attempt,accepted,not-run,runs/20260605-001800-892112-ASTIS-SALD-001-cycle101/20_middle_formalizer.md,,External agent command exit code 0.
1056,2026-06-05 00:37:12,20260605-003712-245962-ASTIS-SALD-001-lower-handoff,ASTIS-SALD-001,lower,handoff,queued,not-run,runs/20260605-001800-892112-ASTIS-SALD-001-cycle101,,"narrows-source-cited-boundary: compiled product-rule/no-boundary handoff replacing hdivNoBoundary with product-rule total divergence, Mathlib divergence-theorem boundary flux, and zero boundary flux; hgradNormBound remains explicit; astis check passed."
1057,2026-06-05 00:37:41,20260605-001800-892112-ASTIS-SALD-001-cycle101-30_lower_1,ASTIS-SALD-001,lower,attempt,accepted,not-run,runs/20260605-001800-892112-ASTIS-SALD-001-cycle101/30_lower_1.md,,External agent command exit code 0.
1058,2026-06-05 00:39:57,20260605-003957-796645-ASTIS-SALD-001-reviewer-handoff,ASTIS-SALD-001,reviewer,handoff,queued,not-run,runs/20260605-001800-892112-ASTIS-SALD-001-cycle101,,"Cycle 101 reviewer accepted as narrows-source-cited-boundary: hdivNoBoundary in SALD.generalMovingTargetDiscreteWeakConditionalFpDriftSourceOfBarBInnerGradientBound was narrowed by compiled product-rule and boundary-flux handoffs to hproductRule, hdivergenceTheorem, and hzeroBoundary for hatRhoS*barB, with hgradNormBound still explicit. Gate python3 tools/astis.py check passed. No fake closure, source drift, theorem-status promotion, SLT import, Lake dependency change, sald_version_2 use, wrapper churn, or non-active target found."
1059,2026-06-05 00:40:13,20260605-001800-892112-ASTIS-SALD-001-cycle101-40_reviewer,ASTIS-SALD-001,reviewer,attempt,accepted,not-run,runs/20260605-001800-892112-ASTIS-SALD-001-cycle101/40_reviewer.md,,External agent command exit code 0.
1060,2026-06-05 00:40:22,20260605-001800-892112-ASTIS-SALD-001-cycle101-build-gate,ASTIS-SALD-001,reviewer,build,compiled,pass,runs/20260605-001800-892112-ASTIS-SALD-001-cycle101,,Cycle build gate.
1061,2026-06-05 00:40:22,20260605-004022-692256-ASTIS-SALD-001-cycle102-prompt-deck,ASTIS-SALD-001,upper,plan,queued,not-run,runs/20260605-004022-692256-ASTIS-SALD-001-cycle102,runs/20260605-004022-692256-ASTIS-SALD-001-cycle102/10_upper_director.md;runs/20260605-004022-692256-ASTIS-SALD-001-cycle102/20_middle_formalizer.md;runs/20260605-004022-692256-ASTIS-SALD-001-cycle102/30_lower_1.md;runs/20260605-004022-692256-ASTIS-SALD-001-cycle102/40_reviewer.md;runs/20260605-004022-692256-ASTIS-SALD-001-cycle102/00_context.md;runs/20260605-004022-692256-ASTIS-SALD-001-cycle102/05_context_pack.md;runs/20260605-004022-692256-ASTIS-SALD-001-cycle102/dialogue.md,Created prompt deck with 1 lower agent(s).
1062,2026-06-05 00:43:08,20260605-004308-842604-ASTIS-SALD-001-upper-handoff,ASTIS-SALD-001,upper,handoff,queued,not-run,runs/20260605-004022-692256-ASTIS-SALD-001-cycle102,,"narrows-source-cited-boundary: upper keeps cycle 102 on the active EM backend, not the non-EM LSI/DV/Gronwall branch. Exact lower packet is `hzeroBoundary` in `SALD.generalMovingTargetDiscreteWeakConditionalFpDriftSourceOfBarBInnerGradientProductRuleBoundary` for zero boundary flux of `hatRhoS * barB` at `appendix.tex:1379-1387`, with `hgradNormBound` carried explicitly and `hproductRule`/`hdivergenceTheorem` left as existing companion premises. Gate python3 tools/astis.py check passed."
1063,2026-06-05 00:43:50,20260605-004022-692256-ASTIS-SALD-001-cycle102-10_upper_director,ASTIS-SALD-001,upper,attempt,accepted,not-run,runs/20260605-004022-692256-ASTIS-SALD-001-cycle102/10_upper_director.md,,External agent command exit code 0.
1064,2026-06-05 00:54:10,20260605-005410-102514-ASTIS-SALD-001-middle-handoff,ASTIS-SALD-001,middle,handoff,queued,not-run,runs/20260605-004022-692256-ASTIS-SALD-001-cycle102,,narrows-source-cited-boundary: hzeroBoundary narrowed to boundary-flux integral representation plus a.e. trace-product zero for hatRhoS*barB; compiled SALD trace-boundary handoff; astis check passed.
1065,2026-06-05 00:54:32,20260605-004022-692256-ASTIS-SALD-001-cycle102-20_middle_formalizer,ASTIS-SALD-001,middle,attempt,accepted,not-run,runs/20260605-004022-692256-ASTIS-SALD-001-cycle102/20_middle_formalizer.md,,External agent command exit code 0.
1066,2026-06-05 01:00:39,20260605-010039-657698-ASTIS-SALD-001-lower-handoff,ASTIS-SALD-001,lower,handoff,queued,not-run,runs/20260605-004022-692256-ASTIS-SALD-001-cycle102,,narrows-source-cited-boundary: compiled zero-test-trace lower handoff for cycle-102 trace boundary; gate passed.
1067,2026-06-05 01:00:59,20260605-004022-692256-ASTIS-SALD-001-cycle102-30_lower_1,ASTIS-SALD-001,lower,attempt,accepted,not-run,runs/20260605-004022-692256-ASTIS-SALD-001-cycle102/30_lower_1.md,,External agent command exit code 0.
1068,2026-06-05 01:02:48,20260605-010248-169021-ASTIS-SALD-001-reviewer-handoff,ASTIS-SALD-001,reviewer,handoff,queued,not-run,runs/20260605-004022-692256-ASTIS-SALD-001-cycle102,,"Cycle 102 reviewer accepted as narrows-source-cited-boundary: hzeroBoundary in SALD.generalMovingTargetDiscreteWeakConditionalFpDriftSourceOfBarBInnerGradientProductRuleBoundary was narrowed through compiled trace-boundary handoffs to hboundaryFluxIntegral plus htestTraceZero, with hproductRule, hdivergenceTheorem, and hgradNormBound still explicit. Gate python3 tools/astis.py check passed. No fake closure, source drift, theorem-status promotion, SLT import, Lake dependency change, sald_version_2 use, wrapper churn, or non-active backend work found."
1069,2026-06-05 01:03:04,20260605-004022-692256-ASTIS-SALD-001-cycle102-40_reviewer,ASTIS-SALD-001,reviewer,attempt,accepted,not-run,runs/20260605-004022-692256-ASTIS-SALD-001-cycle102/40_reviewer.md,,External agent command exit code 0.
1070,2026-06-05 01:03:14,20260605-004022-692256-ASTIS-SALD-001-cycle102-build-gate,ASTIS-SALD-001,reviewer,build,compiled,pass,runs/20260605-004022-692256-ASTIS-SALD-001-cycle102,,Cycle build gate.
1071,2026-06-05 01:03:14,20260605-010314-053500-ASTIS-SALD-001-cycle103-prompt-deck,ASTIS-SALD-001,upper,plan,queued,not-run,runs/20260605-010314-053500-ASTIS-SALD-001-cycle103,runs/20260605-010314-053500-ASTIS-SALD-001-cycle103/10_upper_director.md;runs/20260605-010314-053500-ASTIS-SALD-001-cycle103/20_middle_formalizer.md;runs/20260605-010314-053500-ASTIS-SALD-001-cycle103/30_lower_1.md;runs/20260605-010314-053500-ASTIS-SALD-001-cycle103/40_reviewer.md;runs/20260605-010314-053500-ASTIS-SALD-001-cycle103/00_context.md;runs/20260605-010314-053500-ASTIS-SALD-001-cycle103/05_context_pack.md;runs/20260605-010314-053500-ASTIS-SALD-001-cycle103/dialogue.md,Created prompt deck with 1 lower agent(s).
1072,2026-06-05 01:06:09,20260605-010609-751074-ASTIS-SALD-001-upper-handoff,ASTIS-SALD-001,upper,handoff,queued,pass,runs/20260605-010314-053500-ASTIS-SALD-001-cycle103,,"narrows-source-cited-boundary: upper selects the SALD-specific condDistrib/condExpKernel sample-space version/disintegration equality for one component field at appendix.tex:1368-1377, targeting ASTIS.SALD.cycle91.remaining_conditional_kernel_boundary and rejecting wrapper churn; astis check passed."
1073,2026-06-05 01:06:57,20260605-010314-053500-ASTIS-SALD-001-cycle103-10_upper_director,ASTIS-SALD-001,upper,attempt,accepted,not-run,runs/20260605-010314-053500-ASTIS-SALD-001-cycle103/10_upper_director.md,,External agent command exit code 0.
1074,2026-06-05 01:14:22,20260605-011422-263096-ASTIS-SALD-001-middle-handoff,ASTIS-SALD-001,middle,handoff,queued,not-run,runs/20260605-010314-053500-ASTIS-SALD-001-cycle103,,"narrows-source-cited-boundary: cycle 103 records ASTIS.SALD.cycle103.condC_condDistrib_condExpKernel_sample_version, the exact missing condC condDistrib/condExpKernel sample-version theorem for appendix.tex:1368-1377; astis check passed."
1075,2026-06-05 01:15:02,20260605-011502-036509-ASTIS-SALD-001-middle-build,ASTIS-SALD-001,middle,build,compiled,pass,runs/20260605-010314-053500-ASTIS-SALD-001-cycle103,,Cycle 103 middle final-state gate: python3 tools/astis.py check passed after Lean/Markdown ledger updates and handoff.
1076,2026-06-05 01:15:18,20260605-010314-053500-ASTIS-SALD-001-cycle103-20_middle_formalizer,ASTIS-SALD-001,middle,attempt,accepted,not-run,runs/20260605-010314-053500-ASTIS-SALD-001-cycle103/20_middle_formalizer.md,,External agent command exit code 0.
1077,2026-06-05 01:26:13,20260605-012613-889369-ASTIS-SALD-001-lower-handoff,ASTIS-SALD-001,lower,handoff,queued,not-run,runs/20260605-010314-053500-ASTIS-SALD-001-cycle103,,narrows-source-cited-boundary: compiled condExpKernel.map-to-condDistrib component-version bridge for condC; remaining boundary is measure-valued kernel equality plus selected condC version and equality-set measurability; gate passed.
1078,2026-06-05 01:27:04,20260605-010314-053500-ASTIS-SALD-001-cycle103-30_lower_1,ASTIS-SALD-001,lower,attempt,accepted,not-run,runs/20260605-010314-053500-ASTIS-SALD-001-cycle103/30_lower_1.md,,External agent command exit code 0.
1079,2026-06-05 01:29:27,20260605-012927-082688-ASTIS-SALD-001-reviewer-handoff,ASTIS-SALD-001,reviewer,handoff,queued,not-run,runs/20260605-010314-053500-ASTIS-SALD-001-cycle103,,"Cycle 103 reviewer accepted as narrows-source-cited-boundary: compiled condC conditional-kernel bridge narrows ASTIS.SALD.cycle91.remaining_conditional_kernel_boundary at appendix.tex:1368-1377 to condDistrib/condExpKernel.map measure-valued alignment, selected condExpKernel.map field version, and ae_map_iff equality-set measurability. Gate python3 tools/astis.py check passed. No fake closure, sald_version_2 use, source drift, theorem-status promotion, SLT import, Lake dependency change, broad wrapper churn, or non-active backend work."
1080,2026-06-05 01:29:59,20260605-010314-053500-ASTIS-SALD-001-cycle103-40_reviewer,ASTIS-SALD-001,reviewer,attempt,accepted,not-run,runs/20260605-010314-053500-ASTIS-SALD-001-cycle103/40_reviewer.md,,External agent command exit code 0.
1081,2026-06-05 01:30:08,20260605-010314-053500-ASTIS-SALD-001-cycle103-build-gate,ASTIS-SALD-001,reviewer,build,compiled,pass,runs/20260605-010314-053500-ASTIS-SALD-001-cycle103,,Cycle build gate.
1082,2026-06-05 01:30:09,20260605-013008-947708-ASTIS-SALD-001-cycle104-prompt-deck,ASTIS-SALD-001,upper,plan,queued,not-run,runs/20260605-013008-947708-ASTIS-SALD-001-cycle104,runs/20260605-013008-947708-ASTIS-SALD-001-cycle104/10_upper_director.md;runs/20260605-013008-947708-ASTIS-SALD-001-cycle104/20_middle_formalizer.md;runs/20260605-013008-947708-ASTIS-SALD-001-cycle104/30_lower_1.md;runs/20260605-013008-947708-ASTIS-SALD-001-cycle104/40_reviewer.md;runs/20260605-013008-947708-ASTIS-SALD-001-cycle104/00_context.md;runs/20260605-013008-947708-ASTIS-SALD-001-cycle104/05_context_pack.md;runs/20260605-013008-947708-ASTIS-SALD-001-cycle104/dialogue.md,Created prompt deck with 1 lower agent(s).
1083,2026-06-05 01:40:18,20260605-014018-423572-ASTIS-SALD-001-upper-handoff,ASTIS-SALD-001,upper,handoff,queued,not-run,runs/20260605-013008-947708-ASTIS-SALD-001-cycle104,,discharges-supplied-hypothesis: compiled named-law generator-to-law transport removes primitive named-law hlawDerivative/rewrite premise; astis check passed
1084,2026-06-05 01:41:11,20260605-013008-947708-ASTIS-SALD-001-cycle104-10_upper_director,ASTIS-SALD-001,upper,attempt,accepted,not-run,runs/20260605-013008-947708-ASTIS-SALD-001-cycle104/10_upper_director.md,,External agent command exit code 0.
1085,2026-06-05 01:43:11,20260605-014311-820821-ASTIS-SALD-001-middle-handoff,ASTIS-SALD-001,middle,handoff,queued,not-run,runs/20260605-013008-947708-ASTIS-SALD-001-cycle104,,discharges-supplied-hypothesis: verified compiled named-law generator-to-law transport for appendix.tex:1379-1387; discharged primitive named-law hlawDerivative/rewrite boundary via AutoSamplingTheory.lawIntegralHasDerivAtOfMeasureMapEqAndSample and SALD.generalMovingTargetDiscreteWeakConditionalFpNamedLawDerivativeOfSampleSplitGeneratorHandoff; astis check passed.
1086,2026-06-05 01:43:36,20260605-013008-947708-ASTIS-SALD-001-cycle104-20_middle_formalizer,ASTIS-SALD-001,middle,attempt,accepted,not-run,runs/20260605-013008-947708-ASTIS-SALD-001-cycle104/20_middle_formalizer.md,,External agent command exit code 0.
1087,2026-06-05 01:45:47,20260605-014547-903152-ASTIS-SALD-001-lower-handoff,ASTIS-SALD-001,lower,handoff,queued,not-run,runs/20260605-013008-947708-ASTIS-SALD-001-cycle104,,"discharges-supplied-hypothesis: verified compiled named-law generator-to-law weak-FP transport for appendix.tex:1379-1387; discharged primitive named-law hlawDerivative/rewrite premise; remaining sample-path/Bochner, barB no-boundary, diffusion, admissibility, density/time, conditional-law boundaries explicit; astis check passed."
1088,2026-06-05 01:46:12,20260605-014612-504542-ASTIS-SALD-001-lower-attempt,ASTIS-SALD-001,lower,attempt,accepted,not-run,runs/20260605-013008-947708-ASTIS-SALD-001-cycle104,,External agent command exit code 0 after lower handoff and repeated astis check pass.
1089,2026-06-05 01:46:36,20260605-013008-947708-ASTIS-SALD-001-cycle104-30_lower_1,ASTIS-SALD-001,lower,attempt,accepted,not-run,runs/20260605-013008-947708-ASTIS-SALD-001-cycle104/30_lower_1.md,,External agent command exit code 0.
1090,2026-06-05 01:49:30,20260605-014930-316056-ASTIS-SALD-001-reviewer-handoff,ASTIS-SALD-001,reviewer,handoff,queued,not-run,runs/20260605-013008-947708-ASTIS-SALD-001-cycle104,,"Cycle 104 reviewer accepted as discharges-supplied-hypothesis: compiled named-law generator-to-law transport removes primitive named-law hlawDerivative/rewrite premise for appendix.tex:1379-1387 under hatRhoS s = Measure.map (hatX s) P plus sample-space split-generator HasDerivAt. Gate python3 tools/astis.py check passed. No fake proof closure, sald_version_2 source use, SLT import, Lake dependency change, theorem-status promotion, broad wrapper churn, or backend drift."
1091,2026-06-05 01:49:56,20260605-013008-947708-ASTIS-SALD-001-cycle104-40_reviewer,ASTIS-SALD-001,reviewer,attempt,accepted,not-run,runs/20260605-013008-947708-ASTIS-SALD-001-cycle104/40_reviewer.md,,External agent command exit code 0.
1092,2026-06-05 01:50:06,20260605-013008-947708-ASTIS-SALD-001-cycle104-build-gate,ASTIS-SALD-001,reviewer,build,compiled,pass,runs/20260605-013008-947708-ASTIS-SALD-001-cycle104,,Cycle build gate.
1093,2026-06-05 01:50:06,20260605-015006-086858-ASTIS-SALD-001-cycle105-prompt-deck,ASTIS-SALD-001,upper,plan,queued,not-run,runs/20260605-015006-086858-ASTIS-SALD-001-cycle105,runs/20260605-015006-086858-ASTIS-SALD-001-cycle105/10_upper_director.md;runs/20260605-015006-086858-ASTIS-SALD-001-cycle105/20_middle_formalizer.md;runs/20260605-015006-086858-ASTIS-SALD-001-cycle105/30_lower_1.md;runs/20260605-015006-086858-ASTIS-SALD-001-cycle105/40_reviewer.md;runs/20260605-015006-086858-ASTIS-SALD-001-cycle105/00_context.md;runs/20260605-015006-086858-ASTIS-SALD-001-cycle105/05_context_pack.md;runs/20260605-015006-086858-ASTIS-SALD-001-cycle105/dialogue.md,Created prompt deck with 1 lower agent(s).
1094,2026-06-05 01:52:43,20260605-015243-294512-ASTIS-SALD-001-upper-handoff,ASTIS-SALD-001,upper,handoff,queued,not-run,runs/20260605-015006-086858-ASTIS-SALD-001-cycle105,,narrows-source-cited-boundary: upper selected SALD.GeneralMovingTargetDiscreteRawKlDerivativeNoMassAtFiniteKlLlr for appendix.tex:1358-1366 as the exact no-mass finite-KL llr KL-differentiability boundary; rejects wrapper churn; astis check passed.
1095,2026-06-05 01:53:15,20260605-015006-086858-ASTIS-SALD-001-cycle105-10_upper_director,ASTIS-SALD-001,upper,attempt,accepted,not-run,runs/20260605-015006-086858-ASTIS-SALD-001-cycle105/10_upper_director.md,,External agent command exit code 0.
1096,2026-06-05 02:01:16,20260605-020116-369884-ASTIS-SALD-001-middle-handoff,ASTIS-SALD-001,middle,handoff,queued,not-run,runs/20260605-015006-086858-ASTIS-SALD-001-cycle105,,narrows-source-cited-boundary: narrowed appendix.tex:1358-1366 to pure no-mass finite-KL llr KL differentiability boundary; compiled pure package extraction and weak-FP-to-dK handoff; astis check passed.
1097,2026-06-05 02:01:38,20260605-015006-086858-ASTIS-SALD-001-cycle105-20_middle_formalizer,ASTIS-SALD-001,middle,attempt,accepted,not-run,runs/20260605-015006-086858-ASTIS-SALD-001-cycle105/20_middle_formalizer.md,,External agent command exit code 0.
1098,2026-06-05 02:03:32,20260605-020332-368733-ASTIS-SALD-001-lower-handoff,ASTIS-SALD-001,lower,handoff,queued,not-run,runs/20260605-015006-086858-ASTIS-SALD-001-cycle105,,narrows-source-cited-boundary: cycle 105 pure no-mass KL/log-ratio handoff verified; SALD.GeneralMovingTargetDiscretePureRawKlDerivativeNoMassAtFiniteKlLlr is the remaining pure measure-path no-mass KL differentiability boundary at appendix.tex:1358-1366; astis check passed.
1099,2026-06-05 02:03:46,20260605-015006-086858-ASTIS-SALD-001-cycle105-30_lower_1,ASTIS-SALD-001,lower,attempt,accepted,not-run,runs/20260605-015006-086858-ASTIS-SALD-001-cycle105/30_lower_1.md,,External agent command exit code 0.
1100,2026-06-05 02:05:27,20260605-020527-779918-ASTIS-SALD-001-reviewer-handoff,ASTIS-SALD-001,reviewer,handoff,queued,not-run,runs/20260605-015006-086858-ASTIS-SALD-001-cycle105,,"Cycle 105 reviewer accepted as narrows-source-cited-boundary: compiled pure no-mass KL/log-ratio handoff narrows appendix.tex:1358-1366 to SALD.GeneralMovingTargetDiscretePureRawKlDerivativeNoMassAtFiniteKlLlr, a pure measure-path finite-KL llr differentiability theorem with target-time formula and without sample-space law or mass-derivative fields. Gate python3 tools/astis.py check passed. No fake closure, sald_version_2 source use, SLT import, Lake dependency change, theorem-status promotion, broad wrapper churn, source drift, or backend drift found."
1101,2026-06-05 02:05:59,20260605-015006-086858-ASTIS-SALD-001-cycle105-40_reviewer,ASTIS-SALD-001,reviewer,attempt,accepted,not-run,runs/20260605-015006-086858-ASTIS-SALD-001-cycle105/40_reviewer.md,,External agent command exit code 0.
1102,2026-06-05 02:06:08,20260605-015006-086858-ASTIS-SALD-001-cycle105-build-gate,ASTIS-SALD-001,reviewer,build,compiled,pass,runs/20260605-015006-086858-ASTIS-SALD-001-cycle105,,Cycle build gate.
1103,2026-06-05 02:06:08,20260605-020608-578536-ASTIS-SALD-001-cycle106-prompt-deck,ASTIS-SALD-001,upper,plan,queued,not-run,runs/20260605-020608-578536-ASTIS-SALD-001-cycle106,runs/20260605-020608-578536-ASTIS-SALD-001-cycle106/10_upper_director.md;runs/20260605-020608-578536-ASTIS-SALD-001-cycle106/20_middle_formalizer.md;runs/20260605-020608-578536-ASTIS-SALD-001-cycle106/30_lower_1.md;runs/20260605-020608-578536-ASTIS-SALD-001-cycle106/40_reviewer.md;runs/20260605-020608-578536-ASTIS-SALD-001-cycle106/00_context.md;runs/20260605-020608-578536-ASTIS-SALD-001-cycle106/05_context_pack.md;runs/20260605-020608-578536-ASTIS-SALD-001-cycle106/dialogue.md,Created prompt deck with 1 lower agent(s).
1104,2026-06-05 02:16:22,20260605-021622-844976-ASTIS-SALD-001-upper-handoff,ASTIS-SALD-001,upper,handoff,queued,not-run,runs/20260605-020608-578536-ASTIS-SALD-001-cycle106,,"discharges-supplied-hypothesis: Cycle 106 compiled SALD.generalMovingTargetDiscreteCondDistribCanonicalDriftRegularity for appendix.tex:1368-1377, removing the old canonical condDistrib conditional-integral regularity premise behind cycles 80-84. Remaining boundary is only named barB hatRhoS-a.e. equality to the canonical field if downstream keeps an arbitrary representative; weak FP/no-boundary/diffusion/KL/log-ratio/LSI/DV/Gronwall unchanged. Gate python3 tools/astis.py check passed; consulted SLT/EfronStein.lean as style reference only with no SLT import or Lake change."
1105,2026-06-05 02:16:46,20260605-020608-578536-ASTIS-SALD-001-cycle106-10_upper_director,ASTIS-SALD-001,upper,attempt,accepted,not-run,runs/20260605-020608-578536-ASTIS-SALD-001-cycle106/10_upper_director.md,,External agent command exit code 0.
1106,2026-06-05 02:18:57,20260605-021857-233552-ASTIS-SALD-001-middle-handoff,ASTIS-SALD-001,middle,handoff,queued,not-run,runs/20260605-020608-578536-ASTIS-SALD-001-cycle106,,discharges-supplied-hypothesis: middle verified SALD.generalMovingTargetDiscreteCondDistribCanonicalDriftRegularity as the cycle 106 discharge of the old canonical component conditional-integral regularity premise for appendix.tex:1368-1377; synced proof-obligation DAG ids to Lean; ASTIS check passed.
1107,2026-06-05 02:19:18,20260605-020608-578536-ASTIS-SALD-001-cycle106-20_middle_formalizer,ASTIS-SALD-001,middle,attempt,accepted,not-run,runs/20260605-020608-578536-ASTIS-SALD-001-cycle106/20_middle_formalizer.md,,External agent command exit code 0.
1108,2026-06-05 02:24:09,20260605-022409-528006-ASTIS-SALD-001-lower-handoff,ASTIS-SALD-001,lower,handoff,queued,not-run,runs/20260605-020608-578536-ASTIS-SALD-001-cycle106,,narrows-source-cited-boundary: compiled SALD.generalMovingTargetDiscreteCondDistribNamedDriftRegularityOfCanonicalAeEq; remaining named barB boundary is only hatRhoS-a.e. equality to the canonical condDistrib guide+score field; astis check passed.
1109,2026-06-05 02:24:56,20260605-020608-578536-ASTIS-SALD-001-cycle106-30_lower_1,ASTIS-SALD-001,lower,attempt,accepted,not-run,runs/20260605-020608-578536-ASTIS-SALD-001-cycle106/30_lower_1.md,,External agent command exit code 0.
1110,2026-06-05 02:28:10,20260605-022810-722162-ASTIS-SALD-001-reviewer-handoff,ASTIS-SALD-001,reviewer,handoff,queued,not-run,runs/20260605-020608-578536-ASTIS-SALD-001-cycle106,,"Cycle 106 reviewer accepted as discharges-supplied-hypothesis: compiled SALD.generalMovingTargetDiscreteCondDistribCanonicalDriftRegularity removes the cycles 80-84 primitive canonical conditional-integral regularity premise for appendix.tex:1368-1377; SALD.generalMovingTargetDiscreteCondDistribNamedDriftRegularityOfCanonicalAeEq narrows any named barB representative to the remaining hatRhoS-a.e. canonical equality boundary ASTIS.SALD.cycle106.remaining_named_barB_version_boundary. Source-index refreshed, proof-diagnostics forbidden_hits=0, and python3 tools/astis.py check passed. No fake closure, sald_version_2 source use, SLT import, Lake dependency change, theorem-status promotion, or weak-FP/no-boundary/KL/LSI/DV/Gronwall promotion found."
1111,2026-06-05 02:28:40,20260605-020608-578536-ASTIS-SALD-001-cycle106-40_reviewer,ASTIS-SALD-001,reviewer,attempt,accepted,not-run,runs/20260605-020608-578536-ASTIS-SALD-001-cycle106/40_reviewer.md,,External agent command exit code 0.
1112,2026-06-05 02:28:49,20260605-020608-578536-ASTIS-SALD-001-cycle106-build-gate,ASTIS-SALD-001,reviewer,build,compiled,pass,runs/20260605-020608-578536-ASTIS-SALD-001-cycle106,,Cycle build gate.
1113,2026-06-05 02:28:49,20260605-022849-280199-ASTIS-SALD-001-cycle107-prompt-deck,ASTIS-SALD-001,upper,plan,queued,not-run,runs/20260605-022849-280199-ASTIS-SALD-001-cycle107,runs/20260605-022849-280199-ASTIS-SALD-001-cycle107/10_upper_director.md;runs/20260605-022849-280199-ASTIS-SALD-001-cycle107/20_middle_formalizer.md;runs/20260605-022849-280199-ASTIS-SALD-001-cycle107/30_lower_1.md;runs/20260605-022849-280199-ASTIS-SALD-001-cycle107/40_reviewer.md;runs/20260605-022849-280199-ASTIS-SALD-001-cycle107/00_context.md;runs/20260605-022849-280199-ASTIS-SALD-001-cycle107/05_context_pack.md;runs/20260605-022849-280199-ASTIS-SALD-001-cycle107/dialogue.md,Created prompt deck with 1 lower agent(s).
1114,2026-06-05 02:32:12,20260605-023212-379713-ASTIS-SALD-001-upper-handoff,ASTIS-SALD-001,upper,handoff,queued,not-run,runs/20260605-022849-280199-ASTIS-SALD-001-cycle107,,"narrows-source-cited-boundary: pressure-tested thm:forward-KL-discrete through compiled EM, LSI, DV, Gronwall, and display interfaces; next non-wrapper blocker is the boundary-flux integral/no-boundary theorem for hatRhoS*barB consumed by SALD.generalMovingTargetDiscreteWeakConditionalFpDriftSourceOfBarBInnerGradientTraceBoundaryOfTestTraceZero at appendix.tex:1379-1387, with barB from appendix.tex:1368-1377. Gate python3 tools/astis.py check passed."
1115,2026-06-05 02:32:50,20260605-022849-280199-ASTIS-SALD-001-cycle107-10_upper_director,ASTIS-SALD-001,upper,attempt,accepted,not-run,runs/20260605-022849-280199-ASTIS-SALD-001-cycle107/10_upper_director.md,,External agent command exit code 0.
1116,2026-06-05 02:37:06,20260605-023706-015103-ASTIS-SALD-001-middle-handoff,ASTIS-SALD-001,middle,handoff,queued,not-run,runs/20260605-022849-280199-ASTIS-SALD-001-cycle107,,"narrows-source-cited-boundary: pressure-test found no new LSI/DV/Gronwall/display blocker; exact next lower packet is hboundaryFluxIntegral for SALD.generalMovingTargetDiscreteWeakConditionalFpDriftSourceOfBarBInnerGradientTraceBoundaryOfTestTraceZero at appendix.tex:1379-1387, with proposed Mathlib divergence theorem boundary SALD.generalMovingTargetDiscreteBoundaryFluxIntegralOfDivergenceTheoremBox. Gate passed."
1117,2026-06-05 02:37:57,20260605-022849-280199-ASTIS-SALD-001-cycle107-20_middle_formalizer,ASTIS-SALD-001,middle,attempt,accepted,not-run,runs/20260605-022849-280199-ASTIS-SALD-001-cycle107/20_middle_formalizer.md,,External agent command exit code 0.
1118,2026-06-05 02:46:37,20260605-024637-644502-ASTIS-SALD-001-lower-handoff,ASTIS-SALD-001,lower,handoff,queued,not-run,runs/20260605-022849-280199-ASTIS-SALD-001-cycle107,,narrows-source-cited-boundary: compiled SALD.generalMovingTargetDiscreteBoundaryFluxIntegralOfDivergenceTheoremBox; hboundaryFluxIntegral is now narrowed to Mathlib box divergence plus signed-face trace instantiation; astis check passed.
1119,2026-06-05 02:47:10,20260605-022849-280199-ASTIS-SALD-001-cycle107-30_lower_1,ASTIS-SALD-001,lower,attempt,accepted,not-run,runs/20260605-022849-280199-ASTIS-SALD-001-cycle107/30_lower_1.md,,External agent command exit code 0.
1120,2026-06-05 02:50:09,20260605-025009-273388-ASTIS-SALD-001-reviewer-handoff,ASTIS-SALD-001,reviewer,handoff,queued,not-run,runs/20260605-022849-280199-ASTIS-SALD-001-cycle107,,"Cycle 107 reviewer accepted as narrows-source-cited-boundary: compiled SALD.generalMovingTargetDiscreteBoundaryFluxIntegralOfDivergenceTheoremBox narrows hboundaryFluxIntegral at appendix.tex:1379-1387 to Mathlib box divergence theorem inputs plus boundaryFlux/interior-divergence and signed-face-to-testTrace identifications. Remaining exact blocker is ASTIS.SALD.forward_KL_discrete.cycle107.remaining_box_trace_instantiation_boundary for weightedField=hatRhoS*barB. Gate python3 tools/astis.py check passed; proof-diagnostics forbidden_hits=0; no fake closure, source drift, sald_version_2 use, SLT import, Lake change, theorem-status promotion, wrapper churn, or backend drift found."
1121,2026-06-05 02:50:16,20260605-025016-615264-ASTIS-SALD-001-reviewer-build,ASTIS-SALD-001,reviewer,build,compiled,pass,runs/20260605-022849-280199-ASTIS-SALD-001-cycle107,,Cycle build gate: python3 tools/astis.py check passed.
1122,2026-06-05 02:50:33,20260605-022849-280199-ASTIS-SALD-001-cycle107-40_reviewer,ASTIS-SALD-001,reviewer,attempt,accepted,not-run,runs/20260605-022849-280199-ASTIS-SALD-001-cycle107/40_reviewer.md,,External agent command exit code 0.
1123,2026-06-05 02:50:42,20260605-022849-280199-ASTIS-SALD-001-cycle107-build-gate,ASTIS-SALD-001,reviewer,build,compiled,pass,runs/20260605-022849-280199-ASTIS-SALD-001-cycle107,,Cycle build gate.
1124,2026-06-05 02:50:42,20260605-025042-504174-ASTIS-SALD-001-cycle108-prompt-deck,ASTIS-SALD-001,upper,plan,queued,not-run,runs/20260605-025042-504174-ASTIS-SALD-001-cycle108,runs/20260605-025042-504174-ASTIS-SALD-001-cycle108/10_upper_director.md;runs/20260605-025042-504174-ASTIS-SALD-001-cycle108/20_middle_formalizer.md;runs/20260605-025042-504174-ASTIS-SALD-001-cycle108/30_lower_1.md;runs/20260605-025042-504174-ASTIS-SALD-001-cycle108/40_reviewer.md;runs/20260605-025042-504174-ASTIS-SALD-001-cycle108/00_context.md;runs/20260605-025042-504174-ASTIS-SALD-001-cycle108/05_context_pack.md;runs/20260605-025042-504174-ASTIS-SALD-001-cycle108/dialogue.md,Created prompt deck with 1 lower agent(s).
1125,2026-06-05 02:52:51,20260605-025251-116782-ASTIS-SALD-001-upper-handoff,ASTIS-SALD-001,upper,handoff,queued,not-run,runs/20260605-025042-504174-ASTIS-SALD-001-cycle108,,narrows-source-cited-boundary: upper selects ASTIS.SALD.forward_KL_discrete.cycle107.remaining_box_trace_instantiation_boundary for weightedField = hatRhoS * barB inside sald.general_moving_target_discrete.em_interpolation_fp over appendix.tex:1358-1387; non-EM fallback rejected because EM is not blocked by a named Mathlib gap; gate python3 tools/astis.py check passed before handoff.
1126,2026-06-05 02:53:27,20260605-025042-504174-ASTIS-SALD-001-cycle108-10_upper_director,ASTIS-SALD-001,upper,attempt,accepted,not-run,runs/20260605-025042-504174-ASTIS-SALD-001-cycle108/10_upper_director.md,,External agent command exit code 0.
1127,2026-06-05 03:03:12,20260605-030312-076566-ASTIS-SALD-001-middle-handoff,ASTIS-SALD-001,middle,handoff,queued,not-run,runs/20260605-025042-504174-ASTIS-SALD-001-cycle108,,"narrows-source-cited-boundary: compiled product-flux continuity handoff for weightedField=hatRhoS*barB; hcontinuous is now reduced to separate hatRhoDensity and barB continuity; remaining box-trace sub-boundaries are derivative, integrability, boundaryFlux/divergence, and signed-face trace identification; astis check passed."
1128,2026-06-05 03:03:39,20260605-025042-504174-ASTIS-SALD-001-cycle108-20_middle_formalizer,ASTIS-SALD-001,middle,attempt,accepted,not-run,runs/20260605-025042-504174-ASTIS-SALD-001-cycle108/20_middle_formalizer.md,,External agent command exit code 0.
1129,2026-06-05 03:11:46,20260605-031146-163197-ASTIS-SALD-001-lower-handoff,ASTIS-SALD-001,lower,handoff,queued,not-run,runs/20260605-025042-504174-ASTIS-SALD-001-cycle108,,narrows-source-cited-boundary: compiled product-flux Frechet derivative handoff for hatRhoS*barB; remaining box-trace blocker is divergence integrability plus boundaryFlux/interior-divergence and signed-face/testTrace identifications; gate passed.
1130,2026-06-05 03:12:27,20260605-025042-504174-ASTIS-SALD-001-cycle108-30_lower_1,ASTIS-SALD-001,lower,attempt,accepted,not-run,runs/20260605-025042-504174-ASTIS-SALD-001-cycle108/30_lower_1.md,,External agent command exit code 0.
1131,2026-06-05 03:15:37,20260605-031537-534327-ASTIS-SALD-001-reviewer-handoff,ASTIS-SALD-001,reviewer,handoff,queued,not-run,runs/20260605-025042-504174-ASTIS-SALD-001-cycle108,,"narrows-source-cited-boundary. Reviewer accepted cycle 108 after mandatory gate passed and proof-diagnostics forbidden_hits=0. The cycle narrowed the active hatRhoS*barB box-trace instantiation by compiling product-flux continuity and off-countable Frechet derivative handoffs at appendix.tex:1379-1387 with barB from appendix.tex:1368-1377. No fake closure, sald_version_2 use, SLT import, Lake dependency change, theorem-status promotion, broad route audit, non-EM fallback, or wrapper churn found. Remaining blocker: ASTIS.SALD.forward_KL_discrete.cycle108.remaining_hatRho_barB_box_trace_after_product_derivative for divergence integrability, boundaryFlux/interior-divergence identity, and signed-face-to-testTrace identification."
1132,2026-06-05 03:15:56,20260605-025042-504174-ASTIS-SALD-001-cycle108-40_reviewer,ASTIS-SALD-001,reviewer,attempt,accepted,not-run,runs/20260605-025042-504174-ASTIS-SALD-001-cycle108/40_reviewer.md,,External agent command exit code 0.
1133,2026-06-05 03:16:05,20260605-025042-504174-ASTIS-SALD-001-cycle108-build-gate,ASTIS-SALD-001,reviewer,build,compiled,pass,runs/20260605-025042-504174-ASTIS-SALD-001-cycle108,,Cycle build gate.
1134,2026-06-05 03:16:06,20260605-031605-885746-ASTIS-SALD-001-cycle109-prompt-deck,ASTIS-SALD-001,upper,plan,queued,not-run,runs/20260605-031605-885746-ASTIS-SALD-001-cycle109,runs/20260605-031605-885746-ASTIS-SALD-001-cycle109/10_upper_director.md;runs/20260605-031605-885746-ASTIS-SALD-001-cycle109/20_middle_formalizer.md;runs/20260605-031605-885746-ASTIS-SALD-001-cycle109/30_lower_1.md;runs/20260605-031605-885746-ASTIS-SALD-001-cycle109/40_reviewer.md;runs/20260605-031605-885746-ASTIS-SALD-001-cycle109/00_context.md;runs/20260605-031605-885746-ASTIS-SALD-001-cycle109/05_context_pack.md;runs/20260605-031605-885746-ASTIS-SALD-001-cycle109/dialogue.md,Created prompt deck with 1 lower agent(s).
1135,2026-06-05 03:18:27,20260605-031827-881693-ASTIS-SALD-001-upper-handoff,ASTIS-SALD-001,upper,handoff,queued,not-run,runs/20260605-031605-885746-ASTIS-SALD-001-cycle109,,"narrows-source-cited-boundary: selected appendix.tex:1368-1377 named barB a.e. source-definition theorem, ASTIS.SALD.cycle106.remaining_named_barB_version_boundary, for sald.general_moving_target_discrete.em_interpolation_fp; gate passed."
1136,2026-06-05 03:18:56,20260605-031605-885746-ASTIS-SALD-001-cycle109-10_upper_director,ASTIS-SALD-001,upper,attempt,accepted,not-run,runs/20260605-031605-885746-ASTIS-SALD-001-cycle109/10_upper_director.md,,External agent command exit code 0.
1137,2026-06-05 03:29:39,20260605-032939-503428-ASTIS-SALD-001-middle-handoff,ASTIS-SALD-001,middle,handoff,queued,not-run,runs/20260605-031605-885746-ASTIS-SALD-001-cycle109,,narrows-source-cited-boundary. Compiled SALD.generalMovingTargetDiscreteCondDistribNamedBarBAeEqOfCondExpKernelSourceDef and recorded remaining ASTIS.SALD.cycle109.remaining_condExpKernel_source_def_and_kernel_alignment; mandatory gate passed.
1138,2026-06-05 03:30:09,20260605-031605-885746-ASTIS-SALD-001-cycle109-20_middle_formalizer,ASTIS-SALD-001,middle,attempt,accepted,not-run,runs/20260605-031605-885746-ASTIS-SALD-001-cycle109/20_middle_formalizer.md,,External agent command exit code 0.
1139,2026-06-05 03:40:54,20260605-034054-130200-ASTIS-SALD-001-lower-handoff,ASTIS-SALD-001,lower,handoff,queued,not-run,runs/20260605-031605-885746-ASTIS-SALD-001-cycle109,,narrows-source-cited-boundary: compiled SALD.generalMovingTargetDiscreteCondDistribNamedBarBAeEqOfCondExpSourceDef; remaining source representative hbarBCondExp plus equality-set measurability; astis check passed.
1140,2026-06-05 03:41:17,20260605-031605-885746-ASTIS-SALD-001-cycle109-30_lower_1,ASTIS-SALD-001,lower,attempt,accepted,not-run,runs/20260605-031605-885746-ASTIS-SALD-001-cycle109/30_lower_1.md,,External agent command exit code 0.
1141,2026-06-05 03:44:04,20260605-034404-945164-ASTIS-SALD-001-reviewer-handoff,ASTIS-SALD-001,reviewer,handoff,queued,not-run,runs/20260605-031605-885746-ASTIS-SALD-001-cycle109,,"narrows-source-cited-boundary. Reviewer accepted cycle 109: mandatory gate passed, proof-diagnostics forbidden_hits=0, and SALD.generalMovingTargetDiscreteCondDistribNamedBarBAeEqOfCondExpSourceDef compiles as a source-definition bridge for appendix.tex:1368-1377 without direct hbarBAe wrapper or dependency drift. Remaining blocker is ASTIS.SALD.cycle109.remaining_condExp_source_representative_for_named_barB: prove the selected sample-space conditional-expectation representative for barB and equality-set measurability for ae_map_iff; keep next packet compact."
1142,2026-06-05 03:44:24,20260605-031605-885746-ASTIS-SALD-001-cycle109-40_reviewer,ASTIS-SALD-001,reviewer,attempt,accepted,not-run,runs/20260605-031605-885746-ASTIS-SALD-001-cycle109/40_reviewer.md,,External agent command exit code 0.
1143,2026-06-05 03:44:33,20260605-031605-885746-ASTIS-SALD-001-cycle109-build-gate,ASTIS-SALD-001,reviewer,build,compiled,pass,runs/20260605-031605-885746-ASTIS-SALD-001-cycle109,,Cycle build gate.
1144,2026-06-05 03:44:33,20260605-034433-625253-ASTIS-SALD-001-cycle110-prompt-deck,ASTIS-SALD-001,upper,plan,queued,not-run,runs/20260605-034433-625253-ASTIS-SALD-001-cycle110,runs/20260605-034433-625253-ASTIS-SALD-001-cycle110/10_upper_director.md;runs/20260605-034433-625253-ASTIS-SALD-001-cycle110/20_middle_formalizer.md;runs/20260605-034433-625253-ASTIS-SALD-001-cycle110/30_lower_1.md;runs/20260605-034433-625253-ASTIS-SALD-001-cycle110/40_reviewer.md;runs/20260605-034433-625253-ASTIS-SALD-001-cycle110/00_context.md;runs/20260605-034433-625253-ASTIS-SALD-001-cycle110/05_context_pack.md;runs/20260605-034433-625253-ASTIS-SALD-001-cycle110/dialogue.md,Created prompt deck with 1 lower agent(s).
1145,2026-06-05 03:46:46,20260605-034646-643732-ASTIS-SALD-001-upper-handoff,ASTIS-SALD-001,upper,handoff,queued,not-run,runs/20260605-034433-625253-ASTIS-SALD-001-cycle110,,narrows-source-cited-boundary: upper selected ASTIS.SALD.cycle109.remaining_condExp_source_representative_for_named_barB as the next lower packet for sald.general_moving_target_discrete.em_interpolation_fp over appendix.tex:1358-1387; rejects wrapper churn and keeps generator-to-law weak-FP work behind the named barB conditional-expectation representative. Gate passed: python3 tools/astis.py check.
1146,2026-06-05 03:47:14,20260605-034433-625253-ASTIS-SALD-001-cycle110-10_upper_director,ASTIS-SALD-001,upper,attempt,accepted,not-run,runs/20260605-034433-625253-ASTIS-SALD-001-cycle110/10_upper_director.md,,External agent command exit code 0.
1147,2026-06-05 03:56:41,20260605-035641-018213-ASTIS-SALD-001-middle-handoff,ASTIS-SALD-001,middle,handoff,queued,not-run,runs/20260605-034433-625253-ASTIS-SALD-001-cycle110,,discharges-supplied-hypothesis: compiled SALD.generalMovingTargetDiscreteCondDistribNamedBarBEqMeasOfStronglyMeasurable to remove hbarBEqMeas equality-set measurability from the cycle-109 named barB source bridge; remaining hbarBCondExp representative boundary recorded; mandatory astis check passed.
1148,2026-06-05 03:57:11,20260605-034433-625253-ASTIS-SALD-001-cycle110-20_middle_formalizer,ASTIS-SALD-001,middle,attempt,accepted,not-run,runs/20260605-034433-625253-ASTIS-SALD-001-cycle110/20_middle_formalizer.md,,External agent command exit code 0.
1149,2026-06-05 04:08:04,20260605-040804-438166-ASTIS-SALD-001-lower-handoff,ASTIS-SALD-001,lower,handoff,queued,not-run,runs/20260605-034433-625253-ASTIS-SALD-001-cycle110,,"discharges-supplied-hypothesis: compiled dominated parametric-integral generator-to-law handoff for appendix.tex:1379-1387, discharging hsampleGenerator; mandatory gate passed."
1150,2026-06-05 04:08:34,20260605-034433-625253-ASTIS-SALD-001-cycle110-30_lower_1,ASTIS-SALD-001,lower,attempt,accepted,not-run,runs/20260605-034433-625253-ASTIS-SALD-001-cycle110/30_lower_1.md,,External agent command exit code 0.
1151,2026-06-05 04:11:09,20260605-041109-222482-ASTIS-SALD-001-reviewer-handoff,ASTIS-SALD-001,reviewer,handoff,queued,not-run,runs/20260605-034433-625253-ASTIS-SALD-001-cycle110,,"discharges-supplied-hypothesis. Reviewer accepted cycle 110 after mandatory gate passed and proof-diagnostics forbidden_hits=0. The dominated generator-to-law theorem removes hsampleGenerator via Mathlib parametric-integral plus existing lawMapIntegral transport, with no source drift, SLT import, Lake change, fake closure, theorem-status promotion, wrapper churn, or non-active work. Remaining boundary is concrete EM pointwise derivative/domination, derivative-value identification, hbarBCondExp, no-boundary, and diffusion source-action."
1152,2026-06-05 04:11:30,20260605-034433-625253-ASTIS-SALD-001-cycle110-40_reviewer,ASTIS-SALD-001,reviewer,attempt,accepted,not-run,runs/20260605-034433-625253-ASTIS-SALD-001-cycle110/40_reviewer.md,,External agent command exit code 0.
1153,2026-06-05 04:11:39,20260605-034433-625253-ASTIS-SALD-001-cycle110-build-gate,ASTIS-SALD-001,reviewer,build,compiled,pass,runs/20260605-034433-625253-ASTIS-SALD-001-cycle110,,Cycle build gate.
1154,2026-06-05 04:11:39,20260605-041139-502745-ASTIS-SALD-001-cycle111-prompt-deck,ASTIS-SALD-001,upper,plan,queued,not-run,runs/20260605-041139-502745-ASTIS-SALD-001-cycle111,runs/20260605-041139-502745-ASTIS-SALD-001-cycle111/10_upper_director.md;runs/20260605-041139-502745-ASTIS-SALD-001-cycle111/20_middle_formalizer.md;runs/20260605-041139-502745-ASTIS-SALD-001-cycle111/30_lower_1.md;runs/20260605-041139-502745-ASTIS-SALD-001-cycle111/40_reviewer.md;runs/20260605-041139-502745-ASTIS-SALD-001-cycle111/00_context.md;runs/20260605-041139-502745-ASTIS-SALD-001-cycle111/05_context_pack.md;runs/20260605-041139-502745-ASTIS-SALD-001-cycle111/dialogue.md,Created prompt deck with 1 lower agent(s).
1155,2026-06-05 04:13:58,20260605-041358-817435-ASTIS-SALD-001-upper-handoff,ASTIS-SALD-001,upper,handoff,queued,not-run,runs/20260605-041139-502745-ASTIS-SALD-001-cycle111,,narrows-source-cited-boundary: selected the appendix.tex:1358-1366 KL target-time derivative/integrability subtheorem inside SALD.GeneralMovingTargetDiscretePureRawKlDerivativeNoMassAtFiniteKlLlr; rejects hkl/hlog/hmass/weak-FP wrapper churn; mandatory astis check passed.
1156,2026-06-05 04:15:07,20260605-041139-502745-ASTIS-SALD-001-cycle111-10_upper_director,ASTIS-SALD-001,upper,attempt,accepted,not-run,runs/20260605-041139-502745-ASTIS-SALD-001-cycle111/10_upper_director.md,,External agent command exit code 0.
1157,2026-06-05 04:23:56,20260605-042356-689852-ASTIS-SALD-001-middle-handoff,ASTIS-SALD-001,middle,handoff,queued,not-run,runs/20260605-041139-502745-ASTIS-SALD-001-cycle111,,narrows-source-cited-boundary; compiled target-time dominated parametric-integral handoff for appendix.tex:1358-1366; gate passed; forbidden_hits=0
1158,2026-06-05 04:24:24,20260605-041139-502745-ASTIS-SALD-001-cycle111-20_middle_formalizer,ASTIS-SALD-001,middle,attempt,accepted,not-run,runs/20260605-041139-502745-ASTIS-SALD-001-cycle111/20_middle_formalizer.md,,External agent command exit code 0.
1159,2026-06-05 04:30:41,20260605-043041-899777-ASTIS-SALD-001-lower-handoff,ASTIS-SALD-001,lower,handoff,queued,not-run,runs/20260605-041139-502745-ASTIS-SALD-001-cycle111,,narrows-source-cited-boundary: compiled SALD.generalMovingTargetDiscreteTargetTimeDerivativeSourceRatioCongr for appendix.tex:1358-1366; source-ratio a.e. congruence bridge for target-time integral/integrability/HasDerivAt after dominated theorem; mandatory astis check passed.
1160,2026-06-05 04:31:18,20260605-041139-502745-ASTIS-SALD-001-cycle111-30_lower_1,ASTIS-SALD-001,lower,attempt,accepted,not-run,runs/20260605-041139-502745-ASTIS-SALD-001-cycle111/30_lower_1.md,,External agent command exit code 0.
1161,2026-06-05 04:33:32,20260605-043332-748557-ASTIS-SALD-001-reviewer-handoff,ASTIS-SALD-001,reviewer,handoff,queued,not-run,runs/20260605-041139-502745-ASTIS-SALD-001-cycle111,,"narrows-source-cited-boundary. Reviewer accepted cycle 111 after mandatory gate passed and proof-diagnostics forbidden_hits=0. The compiled target-time packet narrows ASTIS.SALD.cycle105.remaining_pure_raw_kl_boundary for appendix.tex:1358-1366: SALD.generalMovingTargetDiscreteTargetTimeDerivativeOfDominated proves the weighted target-density derivative/integrability subterm by Mathlib parametric integral, SALD.generalMovingTargetDiscreteTargetTimeDerivativeSourceRatioCongr isolates the source density-ratio a.e. representative bridge, and SALD.generalMovingTargetDiscretePureRawKlTargetTimeFieldsOfDominated records the finite-KL llr handoff with explicit source bridges. No source drift, sald_version_2 use, SLT import, Lake change, theorem-status promotion, fake closure, wrapper churn, or non-active target found. Remaining exact boundary: source density-ratio a.e. equality with hat rho_s / tilde pi_s, target-density pointwise derivative/domination source bridges, endpoint-safe first-term KL differentiation, hbarBCondExp, no-boundary, and diffusion source-action."
1162,2026-06-05 04:33:50,20260605-041139-502745-ASTIS-SALD-001-cycle111-40_reviewer,ASTIS-SALD-001,reviewer,attempt,accepted,not-run,runs/20260605-041139-502745-ASTIS-SALD-001-cycle111/40_reviewer.md,,External agent command exit code 0.
1163,2026-06-05 04:34:00,20260605-041139-502745-ASTIS-SALD-001-cycle111-build-gate,ASTIS-SALD-001,reviewer,build,compiled,pass,runs/20260605-041139-502745-ASTIS-SALD-001-cycle111,,Cycle build gate.
1164,2026-06-05 04:34:00,20260605-043400-136996-ASTIS-SALD-001-cycle112-prompt-deck,ASTIS-SALD-001,upper,plan,queued,not-run,runs/20260605-043400-136996-ASTIS-SALD-001-cycle112,runs/20260605-043400-136996-ASTIS-SALD-001-cycle112/10_upper_director.md;runs/20260605-043400-136996-ASTIS-SALD-001-cycle112/20_middle_formalizer.md;runs/20260605-043400-136996-ASTIS-SALD-001-cycle112/30_lower_1.md;runs/20260605-043400-136996-ASTIS-SALD-001-cycle112/40_reviewer.md;runs/20260605-043400-136996-ASTIS-SALD-001-cycle112/00_context.md;runs/20260605-043400-136996-ASTIS-SALD-001-cycle112/05_context_pack.md;runs/20260605-043400-136996-ASTIS-SALD-001-cycle112/dialogue.md,Created prompt deck with 1 lower agent(s).
1165,2026-06-05 04:36:41,20260605-043641-318890-ASTIS-SALD-001-upper-handoff,ASTIS-SALD-001,upper,handoff,queued,not-run,runs/20260605-043400-136996-ASTIS-SALD-001-cycle112,,narrows-source-cited-boundary: upper selected hbarBCondExp in SALD.generalMovingTargetDiscreteCondDistribNamedBarBAeEqOfCondExpSourceDef as the one supplied EM conditional-integral hypothesis to replace or strictly narrow; active target remains sald.general_moving_target_discrete.em_interpolation_fp over appendix.tex:1358-1387; astis check passed.
1166,2026-06-05 04:37:18,20260605-043400-136996-ASTIS-SALD-001-cycle112-10_upper_director,ASTIS-SALD-001,upper,attempt,accepted,not-run,runs/20260605-043400-136996-ASTIS-SALD-001-cycle112/10_upper_director.md,,External agent command exit code 0.
1167,2026-06-05 04:48:15,20260605-044815-186246-ASTIS-SALD-001-middle-handoff,ASTIS-SALD-001,middle,handoff,queued,not-run,runs/20260605-043400-136996-ASTIS-SALD-001-cycle112,,"narrows-source-cited-boundary. Compiled SALD.generalMovingTargetDiscreteNamedBarBCondExpOfSetIntegralEq and SALD.generalMovingTargetDiscreteCondDistribNamedBarBAeEqOfCondExpSetIntegralDef for appendix.tex:1368-1377, replacing primitive hbarBCondExp with the conditional-expectation uniqueness/set-integral characterization boundary. Remaining exact boundary is source set-integral characterization plus candidate regularity for barB(hatXAtS omega). Gate passed."
1168,2026-06-05 04:48:46,20260605-043400-136996-ASTIS-SALD-001-cycle112-20_middle_formalizer,ASTIS-SALD-001,middle,attempt,accepted,not-run,runs/20260605-043400-136996-ASTIS-SALD-001-cycle112/20_middle_formalizer.md,,External agent command exit code 0.
1169,2026-06-05 04:58:56,20260605-045856-286371-ASTIS-SALD-001-lower-handoff,ASTIS-SALD-001,lower,handoff,queued,not-run,runs/20260605-043400-136996-ASTIS-SALD-001-cycle112,,narrows-source-cited-boundary: compiled state-event set-integral bridge for appendix.tex:1368-1377 hbarBCondExp boundary; gate passed.
1170,2026-06-05 04:59:38,20260605-043400-136996-ASTIS-SALD-001-cycle112-30_lower_1,ASTIS-SALD-001,lower,attempt,accepted,not-run,runs/20260605-043400-136996-ASTIS-SALD-001-cycle112/30_lower_1.md,,External agent command exit code 0.
1171,2026-06-05 05:01:51,20260605-050151-067776-ASTIS-SALD-001-reviewer-handoff,ASTIS-SALD-001,reviewer,handoff,queued,not-run,runs/20260605-043400-136996-ASTIS-SALD-001-cycle112,,narrows-source-cited-boundary. Reviewer accepted cycle 112 after mandatory gate passed; proof-diagnostics forbidden_hits=0. hbarBCondExp in SALD.generalMovingTargetDiscreteCondDistribNamedBarBAeEqOfCondExpSourceDef is replaced by compiled conditional-expectation uniqueness and state-event set-integral handoffs. Remaining exact boundary is candidate regularity plus the source state-event set-integral characterization for selected barB(hatXAtS omega).
1172,2026-06-05 05:02:15,20260605-043400-136996-ASTIS-SALD-001-cycle112-40_reviewer,ASTIS-SALD-001,reviewer,attempt,accepted,not-run,runs/20260605-043400-136996-ASTIS-SALD-001-cycle112/40_reviewer.md,,External agent command exit code 0.
1173,2026-06-05 05:02:24,20260605-043400-136996-ASTIS-SALD-001-cycle112-build-gate,ASTIS-SALD-001,reviewer,build,compiled,pass,runs/20260605-043400-136996-ASTIS-SALD-001-cycle112,,Cycle build gate.
1174,2026-06-05 05:02:24,20260605-050224-371546-ASTIS-SALD-001-cycle113-prompt-deck,ASTIS-SALD-001,upper,plan,queued,not-run,runs/20260605-050224-371546-ASTIS-SALD-001-cycle113,runs/20260605-050224-371546-ASTIS-SALD-001-cycle113/10_upper_director.md;runs/20260605-050224-371546-ASTIS-SALD-001-cycle113/20_middle_formalizer.md;runs/20260605-050224-371546-ASTIS-SALD-001-cycle113/30_lower_1.md;runs/20260605-050224-371546-ASTIS-SALD-001-cycle113/40_reviewer.md;runs/20260605-050224-371546-ASTIS-SALD-001-cycle113/00_context.md;runs/20260605-050224-371546-ASTIS-SALD-001-cycle113/05_context_pack.md;runs/20260605-050224-371546-ASTIS-SALD-001-cycle113/dialogue.md,Created prompt deck with 1 lower agent(s).
1175,2026-06-05 05:04:22,20260605-050422-780788-ASTIS-SALD-001-upper-handoff,ASTIS-SALD-001,upper,handoff,queued,not-run,runs/20260605-050224-371546-ASTIS-SALD-001-cycle113,,"narrows-source-cited-boundary. Pressure test of thm:forward-KL-discrete reaches the compiled EM/target-time/scalar LSI-DV-Gronwall route; next non-wrapper blocker is ASTIS.SALD.cycle112.remaining_named_barB_set_integral_characterization for appendix.tex:1368-1377, consumed by SALD.generalMovingTargetDiscreteCondDistribNamedBarBAeEqOfCondExpStateSetIntegralDef. Lower packet is candidate regularity plus source state-event Bochner set-integral characterization for barB(hatXAtS omega). Mandatory astis check passed."
1176,2026-06-05 05:04:45,20260605-050224-371546-ASTIS-SALD-001-cycle113-10_upper_director,ASTIS-SALD-001,upper,attempt,accepted,not-run,runs/20260605-050224-371546-ASTIS-SALD-001-cycle113/10_upper_director.md,,External agent command exit code 0.
1177,2026-06-05 05:08:50,20260605-050850-328987-ASTIS-SALD-001-middle-handoff,ASTIS-SALD-001,middle,handoff,queued,not-run,runs/20260605-050224-371546-ASTIS-SALD-001-cycle113,,narrows-source-cited-boundary: cycle113 pressure test routes thm:forward-KL-discrete through compiled EM wrappers plus LSI/DV/Gronwall; first non-wrapper blocker is ASTIS.SALD.cycle112.remaining_named_barB_set_integral_characterization consumed by SALD.generalMovingTargetDiscreteCondDistribNamedBarBAeEqOfCondExpStateSetIntegralDef at appendix.tex:1368-1377. Updated conversion/proof-obligation/SLT audit docs; gate passed.
1178,2026-06-05 05:09:29,20260605-050224-371546-ASTIS-SALD-001-cycle113-20_middle_formalizer,ASTIS-SALD-001,middle,attempt,accepted,not-run,runs/20260605-050224-371546-ASTIS-SALD-001-cycle113/20_middle_formalizer.md,,External agent command exit code 0.
1179,2026-06-05 05:23:51,20260605-052351-349924-ASTIS-SALD-001-lower-handoff,ASTIS-SALD-001,lower,handoff,queued,not-run,runs/20260605-050224-371546-ASTIS-SALD-001-cycle113,,"discharges-supplied-hypothesis: cycle 113 lower compiled named barB state-field regularity pullback and downstream state-field set-integral bridge; hbarBMeas/hbarBInt discharged, remaining blocker is source state-event Bochner set-integral characterization; mandatory ASTIS check passed."
1180,2026-06-05 05:24:25,20260605-050224-371546-ASTIS-SALD-001-cycle113-30_lower_1,ASTIS-SALD-001,lower,attempt,accepted,not-run,runs/20260605-050224-371546-ASTIS-SALD-001-cycle113/30_lower_1.md,,External agent command exit code 0.
1181,2026-06-05 05:26:43,20260605-052643-430677-ASTIS-SALD-001-reviewer-handoff,ASTIS-SALD-001,reviewer,handoff,queued,not-run,runs/20260605-050224-371546-ASTIS-SALD-001-cycle113,,"discharges-supplied-hypothesis. Reviewer accepted cycle 113 after python3 tools/astis.py check passed and proof-diagnostics forbidden_hits=0. hbarBMeas/hbarBInt in SALD.generalMovingTargetDiscreteCondDistribNamedBarBAeEqOfCondExpStateSetIntegralDef are discharged by compiled SALD.generalMovingTargetDiscreteNamedBarBComapRegularityOfStateField and SALD.generalMovingTargetDiscreteCondDistribNamedBarBAeEqOfCondExpStateFieldSetIntegralDef. Remaining exact blocker: ASTIS.SALD.cycle113.remaining_named_barB_state_event_set_integral / hbarBStateSetIntegral for appendix.tex:1368-1377, plus Integrable barB hatRhoS if not source-supplied; no SLT import or theorem-status promotion."
1182,2026-06-05 05:27:20,20260605-050224-371546-ASTIS-SALD-001-cycle113-40_reviewer,ASTIS-SALD-001,reviewer,attempt,accepted,not-run,runs/20260605-050224-371546-ASTIS-SALD-001-cycle113/40_reviewer.md,,External agent command exit code 0.
1183,2026-06-05 05:27:29,20260605-050224-371546-ASTIS-SALD-001-cycle113-build-gate,ASTIS-SALD-001,reviewer,build,compiled,pass,runs/20260605-050224-371546-ASTIS-SALD-001-cycle113,,Cycle build gate.
1184,2026-06-05 05:27:29,20260605-052729-312987-ASTIS-SALD-001-sleep-window,ASTIS-SALD-001,upper,compression,accepted,not-run,runs,,Graceful sleep window completed 15 cycle(s); final cycle was not interrupted.
